sklearn_dt	sklearn_rf	product_dt	product_rf	tangent_dt	tangent_rf	knn	ps_perceptron	curvature	seed
0.345	0.315	0.375	0.405	0.345	0.345	0.425	0.165	-4.0	0
0.335	0.35	0.32	0.35	0.37	0.375	0.39	0.145	-4.0	1
0.305	0.3	0.385	0.38	0.355	0.39	0.435	0.19	-4.0	2
0.415	0.44	0.515	0.52	0.465	0.5	0.54	0.115	-4.0	3
0.33	0.345	0.34	0.4	0.33	0.41	0.355	0.07	-4.0	4
0.275	0.28	0.395	0.41	0.375	0.365	0.48	0.155	-4.0	5
0.235	0.225	0.245	0.285	0.255	0.31	0.335	0.12	-4.0	6
0.285	0.275	0.205	0.31	0.285	0.305	0.32	0.155	-4.0	7
0.335	0.295	0.32	0.415	0.39	0.38	0.45	0.18	-4.0	8
0.35	0.37	0.385	0.375	0.37	0.395	0.475	0.1	-4.0	9
0.28	0.29	0.31	0.345	0.365	0.375	0.325	0.165	-4.0	10
0.42	0.455	0.42	0.52	0.425	0.47	0.52	0.26	-4.0	11
0.29	0.31	0.36	0.395	0.38	0.385	0.355	0.235	-4.0	12
0.385	0.355	0.4	0.515	0.46	0.47	0.46	0.1	-4.0	13
0.315	0.36	0.405	0.42	0.315	0.44	0.43	0.135	-4.0	14
0.285	0.275	0.38	0.355	0.355	0.325	0.33	0.11	-4.0	15
0.245	0.32	0.355	0.41	0.265	0.365	0.435	0.185	-4.0	16
0.385	0.42	0.435	0.435	0.415	0.46	0.41	0.12	-4.0	17
0.29	0.3	0.3	0.41	0.3	0.365	0.38	0.205	-4.0	18
0.335	0.335	0.28	0.285	0.36	0.33	0.335	0.165	-4.0	19
0.365	0.315	0.365	0.4	0.335	0.38	0.43	0.135	-4.0	20
0.36	0.345	0.41	0.435	0.335	0.405	0.36	0.125	-4.0	21
0.265	0.315	0.345	0.405	0.31	0.375	0.465	0.145	-4.0	22
0.295	0.27	0.28	0.345	0.275	0.31	0.37	0.18	-4.0	23
0.42	0.395	0.33	0.44	0.41	0.36	0.435	0.13	-4.0	24
0.315	0.315	0.35	0.39	0.36	0.35	0.43	0.115	-4.0	25
0.39	0.36	0.41	0.4	0.34	0.37	0.435	0.185	-4.0	26
0.37	0.41	0.37	0.41	0.395	0.415	0.445	0.18	-4.0	27
0.3	0.335	0.4	0.445	0.37	0.39	0.42	0.155	-4.0	28
0.335	0.325	0.345	0.39	0.345	0.335	0.4	0.16	-4.0	29
0.275	0.305	0.295	0.345	0.26	0.345	0.415	0.11	-4.0	30
0.395	0.4	0.395	0.52	0.39	0.465	0.445	0.175	-4.0	31
0.215	0.255	0.325	0.365	0.28	0.325	0.395	0.135	-4.0	32
0.285	0.28	0.3	0.33	0.295	0.325	0.315	0.13	-4.0	33
0.375	0.34	0.38	0.43	0.395	0.38	0.385	0.095	-4.0	34
0.345	0.395	0.4	0.43	0.41	0.42	0.45	0.365	-4.0	35
0.345	0.34	0.355	0.38	0.365	0.37	0.41	0.19	-4.0	36
0.41	0.365	0.41	0.46	0.395	0.46	0.44	0.2	-4.0	37
0.31	0.33	0.36	0.375	0.35	0.39	0.4	0.275	-4.0	38
0.445	0.455	0.45	0.445	0.465	0.435	0.5	0.335	-4.0	39
0.26	0.295	0.31	0.315	0.315	0.335	0.32	0.215	-4.0	40
0.32	0.33	0.33	0.405	0.3	0.34	0.36	0.1	-4.0	41
0.34	0.34	0.38	0.365	0.345	0.385	0.43	0.165	-4.0	42
0.245	0.275	0.36	0.39	0.295	0.355	0.415	0.15	-4.0	43
0.29	0.285	0.31	0.405	0.355	0.33	0.405	0.25	-4.0	44
0.315	0.34	0.365	0.425	0.335	0.365	0.415	0.145	-4.0	45
0.305	0.3	0.39	0.42	0.325	0.33	0.375	0.15	-4.0	46
0.365	0.345	0.43	0.46	0.405	0.38	0.485	0.245	-4.0	47
0.315	0.37	0.43	0.46	0.36	0.39	0.475	0.16	-4.0	48
0.31	0.325	0.35	0.38	0.39	0.35	0.39	0.13	-4.0	49
0.235	0.265	0.28	0.3	0.3	0.29	0.305	0.135	-4.0	50
0.34	0.295	0.345	0.355	0.335	0.32	0.37	0.155	-4.0	51
0.35	0.33	0.39	0.46	0.35	0.42	0.52	0.1	-4.0	52
0.245	0.305	0.315	0.375	0.275	0.32	0.335	0.14	-4.0	53
0.28	0.245	0.345	0.4	0.29	0.355	0.4	0.2	-4.0	54
0.25	0.265	0.335	0.34	0.33	0.31	0.38	0.17	-4.0	55
0.38	0.395	0.38	0.425	0.375	0.415	0.44	0.115	-4.0	56
0.34	0.35	0.405	0.44	0.345	0.43	0.45	0.17	-4.0	57
0.265	0.275	0.415	0.39	0.375	0.39	0.395	0.255	-4.0	58
0.335	0.335	0.38	0.44	0.34	0.425	0.475	0.15	-4.0	59
0.32	0.325	0.35	0.395	0.325	0.345	0.475	0.12	-4.0	60
0.425	0.41	0.425	0.51	0.44	0.47	0.495	0.115	-4.0	61
0.345	0.36	0.38	0.41	0.325	0.37	0.455	0.17	-4.0	62
0.385	0.375	0.385	0.435	0.41	0.44	0.45	0.09	-4.0	63
0.245	0.34	0.345	0.395	0.295	0.36	0.415	0.155	-4.0	64
0.32	0.29	0.34	0.41	0.355	0.37	0.445	0.14	-4.0	65
0.39	0.405	0.47	0.51	0.44	0.46	0.515	0.315	-4.0	66
0.285	0.315	0.28	0.315	0.31	0.355	0.37	0.135	-4.0	67
0.24	0.28	0.325	0.305	0.275	0.335	0.375	0.18	-4.0	68
0.4	0.385	0.435	0.46	0.395	0.39	0.475	0.185	-4.0	69
0.29	0.335	0.36	0.395	0.295	0.305	0.385	0.15	-4.0	70
0.3	0.22	0.34	0.36	0.31	0.335	0.375	0.19	-4.0	71
0.415	0.42	0.44	0.47	0.45	0.455	0.505	0.32	-4.0	72
0.315	0.325	0.3	0.41	0.43	0.375	0.395	0.215	-4.0	73
0.3	0.305	0.32	0.335	0.365	0.33	0.36	0.125	-4.0	74
0.34	0.375	0.38	0.38	0.39	0.41	0.42	0.105	-4.0	75
0.255	0.305	0.38	0.405	0.245	0.34	0.36	0.14	-4.0	76
0.325	0.27	0.4	0.43	0.345	0.35	0.34	0.11	-4.0	77
0.295	0.31	0.325	0.475	0.305	0.365	0.475	0.115	-4.0	78
0.32	0.345	0.35	0.38	0.36	0.37	0.33	0.35	-4.0	79
0.385	0.33	0.41	0.445	0.335	0.36	0.405	0.29	-4.0	80
0.415	0.31	0.37	0.38	0.325	0.41	0.425	0.17	-4.0	81
0.335	0.325	0.37	0.41	0.375	0.345	0.44	0.145	-4.0	82
0.34	0.4	0.385	0.425	0.42	0.415	0.4	0.21	-4.0	83
0.265	0.225	0.265	0.305	0.31	0.305	0.375	0.14	-4.0	84
0.205	0.295	0.29	0.315	0.285	0.265	0.34	0.115	-4.0	85
0.245	0.33	0.275	0.315	0.285	0.315	0.355	0.115	-4.0	86
0.355	0.365	0.395	0.405	0.39	0.405	0.475	0.16	-4.0	87
0.37	0.305	0.375	0.45	0.42	0.425	0.5	0.155	-4.0	88
0.305	0.32	0.385	0.405	0.315	0.385	0.43	0.23	-4.0	89
0.3	0.27	0.31	0.29	0.345	0.295	0.38	0.17	-4.0	90
0.315	0.295	0.375	0.38	0.35	0.36	0.44	0.145	-4.0	91
0.4	0.47	0.46	0.425	0.44	0.42	0.435	0.105	-4.0	92
0.305	0.345	0.415	0.37	0.365	0.43	0.43	0.155	-4.0	93
0.345	0.27	0.34	0.42	0.32	0.365	0.385	0.1	-4.0	94
0.335	0.395	0.43	0.44	0.415	0.43	0.455	0.11	-4.0	95
0.33	0.355	0.375	0.42	0.31	0.38	0.44	0.13	-4.0	96
0.315	0.305	0.345	0.36	0.38	0.36	0.475	0.19	-4.0	97
0.34	0.4	0.41	0.46	0.375	0.395	0.465	0.14	-4.0	98
0.335	0.315	0.345	0.42	0.37	0.375	0.495	0.15	-4.0	99
0.295	0.36	0.42	0.4	0.38	0.365	0.315	0.13	-2.0	100
0.375	0.345	0.405	0.355	0.39	0.41	0.375	0.165	-2.0	101
0.31	0.3	0.3	0.38	0.32	0.335	0.33	0.09	-2.0	102
0.275	0.265	0.295	0.29	0.245	0.275	0.37	0.12	-2.0	103
0.29	0.305	0.375	0.42	0.3	0.385	0.44	0.185	-2.0	104
0.545	0.56	0.56	0.56	0.555	0.575	0.44	0.565	-2.0	105
0.32	0.305	0.3	0.335	0.33	0.345	0.305	0.235	-2.0	106
0.265	0.355	0.31	0.33	0.305	0.31	0.32	0.15	-2.0	107
0.26	0.255	0.255	0.38	0.23	0.32	0.325	0.135	-2.0	108
0.3	0.295	0.315	0.345	0.325	0.325	0.385	0.125	-2.0	109
0.32	0.305	0.435	0.37	0.385	0.325	0.33	0.16	-2.0	110
0.315	0.31	0.295	0.315	0.31	0.365	0.34	0.14	-2.0	111
0.35	0.3	0.37	0.365	0.32	0.345	0.375	0.125	-2.0	112
0.265	0.285	0.24	0.285	0.235	0.24	0.295	0.155	-2.0	113
0.35	0.37	0.365	0.36	0.34	0.38	0.34	0.18	-2.0	114
0.29	0.305	0.35	0.4	0.305	0.325	0.34	0.165	-2.0	115
0.38	0.38	0.36	0.355	0.38	0.395	0.325	0.135	-2.0	116
0.25	0.29	0.255	0.325	0.265	0.345	0.33	0.135	-2.0	117
0.405	0.345	0.325	0.405	0.43	0.435	0.465	0.135	-2.0	118
0.37	0.34	0.305	0.37	0.395	0.38	0.355	0.125	-2.0	119
0.24	0.31	0.27	0.31	0.32	0.315	0.295	0.22	-2.0	120
0.34	0.3	0.38	0.4	0.36	0.33	0.475	0.125	-2.0	121
0.39	0.4	0.37	0.4	0.44	0.425	0.305	0.125	-2.0	122
0.435	0.455	0.395	0.415	0.445	0.45	0.43	0.215	-2.0	123
0.345	0.315	0.395	0.41	0.36	0.39	0.39	0.1	-2.0	124
0.245	0.245	0.27	0.335	0.27	0.255	0.365	0.09	-2.0	125
0.185	0.205	0.255	0.305	0.245	0.285	0.245	0.135	-2.0	126
0.36	0.35	0.43	0.42	0.37	0.375	0.36	0.265	-2.0	127
0.345	0.4	0.38	0.375	0.355	0.385	0.365	0.14	-2.0	128
0.245	0.295	0.34	0.325	0.33	0.32	0.305	0.135	-2.0	129
0.27	0.26	0.25	0.29	0.275	0.28	0.285	0.145	-2.0	130
0.255	0.32	0.29	0.355	0.255	0.32	0.31	0.125	-2.0	131
0.365	0.37	0.39	0.41	0.415	0.38	0.445	0.095	-2.0	132
0.29	0.265	0.33	0.275	0.275	0.28	0.33	0.165	-2.0	133
0.37	0.355	0.39	0.425	0.395	0.44	0.44	0.21	-2.0	134
0.345	0.32	0.435	0.445	0.4	0.405	0.385	0.125	-2.0	135
0.29	0.265	0.305	0.36	0.25	0.28	0.305	0.15	-2.0	136
0.29	0.32	0.29	0.3	0.28	0.36	0.36	0.095	-2.0	137
0.23	0.255	0.275	0.295	0.27	0.29	0.35	0.12	-2.0	138
0.41	0.435	0.335	0.39	0.37	0.42	0.445	0.19	-2.0	139
0.33	0.335	0.385	0.385	0.345	0.38	0.36	0.12	-2.0	140
0.34	0.38	0.275	0.315	0.375	0.365	0.32	0.18	-2.0	141
0.385	0.43	0.475	0.455	0.445	0.445	0.39	0.205	-2.0	142
0.315	0.3	0.32	0.335	0.3	0.315	0.305	0.145	-2.0	143
0.315	0.35	0.335	0.34	0.325	0.38	0.34	0.15	-2.0	144
0.305	0.29	0.315	0.35	0.35	0.335	0.295	0.255	-2.0	145
0.355	0.345	0.34	0.34	0.365	0.355	0.305	0.135	-2.0	146
0.365	0.355	0.38	0.395	0.39	0.41	0.38	0.155	-2.0	147
0.33	0.325	0.31	0.345	0.35	0.34	0.36	0.135	-2.0	148
0.375	0.39	0.415	0.475	0.39	0.41	0.475	0.145	-2.0	149
0.305	0.295	0.335	0.365	0.34	0.34	0.34	0.115	-2.0	150
0.315	0.37	0.36	0.38	0.345	0.39	0.39	0.24	-2.0	151
0.295	0.28	0.345	0.415	0.3	0.295	0.35	0.145	-2.0	152
0.27	0.305	0.32	0.405	0.37	0.4	0.415	0.095	-2.0	153
0.345	0.36	0.38	0.405	0.34	0.38	0.395	0.095	-2.0	154
0.375	0.33	0.33	0.415	0.365	0.335	0.41	0.115	-2.0	155
0.36	0.37	0.375	0.395	0.32	0.405	0.42	0.1	-2.0	156
0.375	0.325	0.385	0.39	0.375	0.39	0.315	0.25	-2.0	157
0.27	0.265	0.275	0.285	0.28	0.24	0.235	0.115	-2.0	158
0.32	0.315	0.36	0.365	0.3	0.325	0.36	0.14	-2.0	159
0.265	0.205	0.27	0.33	0.3	0.28	0.305	0.135	-2.0	160
0.395	0.33	0.34	0.42	0.335	0.395	0.455	0.09	-2.0	161
0.34	0.32	0.345	0.385	0.35	0.355	0.43	0.125	-2.0	162
0.275	0.285	0.36	0.33	0.285	0.305	0.375	0.175	-2.0	163
0.3	0.365	0.36	0.32	0.36	0.375	0.4	0.15	-2.0	164
0.385	0.385	0.345	0.345	0.4	0.395	0.365	0.12	-2.0	165
0.275	0.27	0.3	0.34	0.245	0.265	0.31	0.18	-2.0	166
0.295	0.305	0.315	0.315	0.31	0.355	0.33	0.14	-2.0	167
0.37	0.405	0.315	0.38	0.39	0.405	0.38	0.155	-2.0	168
0.26	0.335	0.34	0.32	0.25	0.32	0.335	0.08	-2.0	169
0.26	0.295	0.3	0.37	0.26	0.36	0.31	0.175	-2.0	170
0.255	0.265	0.28	0.295	0.26	0.33	0.265	0.15	-2.0	171
0.315	0.34	0.34	0.365	0.31	0.355	0.355	0.19	-2.0	172
0.35	0.33	0.34	0.365	0.35	0.4	0.39	0.155	-2.0	173
0.45	0.465	0.48	0.475	0.44	0.45	0.48	0.135	-2.0	174
0.23	0.24	0.305	0.295	0.28	0.28	0.285	0.125	-2.0	175
0.335	0.37	0.305	0.345	0.38	0.42	0.44	0.15	-2.0	176
0.31	0.36	0.4	0.405	0.405	0.385	0.425	0.145	-2.0	177
0.35	0.335	0.365	0.465	0.385	0.395	0.41	0.125	-2.0	178
0.325	0.345	0.26	0.32	0.33	0.355	0.425	0.185	-2.0	179
0.325	0.32	0.37	0.375	0.365	0.335	0.345	0.125	-2.0	180
0.345	0.34	0.315	0.355	0.29	0.355	0.385	0.135	-2.0	181
0.345	0.37	0.355	0.38	0.4	0.355	0.385	0.15	-2.0	182
0.405	0.385	0.435	0.44	0.41	0.42	0.38	0.11	-2.0	183
0.35	0.37	0.385	0.42	0.35	0.405	0.41	0.17	-2.0	184
0.315	0.29	0.265	0.35	0.26	0.305	0.305	0.145	-2.0	185
0.305	0.34	0.32	0.32	0.305	0.32	0.32	0.125	-2.0	186
0.3	0.355	0.33	0.385	0.285	0.345	0.45	0.16	-2.0	187
0.35	0.34	0.34	0.38	0.385	0.375	0.395	0.105	-2.0	188
0.28	0.27	0.335	0.325	0.3	0.31	0.325	0.27	-2.0	189
0.29	0.22	0.275	0.36	0.3	0.235	0.29	0.135	-2.0	190
0.33	0.3	0.35	0.365	0.36	0.335	0.36	0.175	-2.0	191
0.345	0.345	0.425	0.435	0.395	0.39	0.39	0.18	-2.0	192
0.33	0.36	0.285	0.32	0.365	0.345	0.35	0.2	-2.0	193
0.36	0.355	0.39	0.38	0.375	0.38	0.365	0.165	-2.0	194
0.4	0.46	0.325	0.41	0.395	0.425	0.35	0.165	-2.0	195
0.365	0.4	0.48	0.465	0.415	0.44	0.38	0.37	-2.0	196
0.305	0.315	0.32	0.315	0.3	0.32	0.31	0.15	-2.0	197
0.295	0.315	0.27	0.27	0.28	0.305	0.37	0.145	-2.0	198
0.25	0.22	0.26	0.28	0.29	0.235	0.29	0.135	-2.0	199
0.28	0.37	0.345	0.38	0.315	0.35	0.425	0.145	-1.0	200
0.25	0.26	0.23	0.28	0.225	0.26	0.235	0.13	-1.0	201
0.375	0.42	0.39	0.42	0.36	0.415	0.335	0.34	-1.0	202
0.325	0.345	0.38	0.385	0.36	0.375	0.31	0.19	-1.0	203
0.275	0.21	0.275	0.32	0.22	0.27	0.285	0.13	-1.0	204
0.28	0.25	0.295	0.295	0.255	0.27	0.305	0.17	-1.0	205
0.345	0.28	0.375	0.375	0.305	0.345	0.35	0.155	-1.0	206
0.31	0.29	0.32	0.355	0.33	0.31	0.37	0.175	-1.0	207
0.435	0.385	0.36	0.345	0.39	0.37	0.45	0.16	-1.0	208
0.335	0.355	0.325	0.35	0.34	0.365	0.39	0.31	-1.0	209
0.4	0.39	0.43	0.425	0.4	0.4	0.4	0.215	-1.0	210
0.21	0.275	0.33	0.3	0.275	0.305	0.33	0.14	-1.0	211
0.315	0.315	0.275	0.33	0.28	0.32	0.38	0.165	-1.0	212
0.25	0.27	0.25	0.265	0.24	0.295	0.25	0.17	-1.0	213
0.31	0.295	0.315	0.3	0.31	0.35	0.335	0.105	-1.0	214
0.3	0.315	0.335	0.34	0.3	0.335	0.335	0.295	-1.0	215
0.21	0.235	0.235	0.25	0.205	0.27	0.205	0.135	-1.0	216
0.375	0.345	0.375	0.385	0.36	0.355	0.325	0.12	-1.0	217
0.27	0.255	0.3	0.325	0.255	0.265	0.3	0.135	-1.0	218
0.345	0.355	0.35	0.36	0.35	0.385	0.345	0.125	-1.0	219
0.3	0.31	0.3	0.315	0.31	0.36	0.375	0.175	-1.0	220
0.35	0.365	0.335	0.355	0.31	0.365	0.405	0.165	-1.0	221
0.375	0.455	0.47	0.49	0.465	0.455	0.41	0.155	-1.0	222
0.28	0.225	0.25	0.345	0.3	0.32	0.355	0.11	-1.0	223
0.345	0.32	0.285	0.355	0.31	0.33	0.275	0.17	-1.0	224
0.275	0.3	0.275	0.3	0.27	0.315	0.335	0.135	-1.0	225
0.37	0.37	0.29	0.415	0.38	0.38	0.37	0.205	-1.0	226
0.2	0.27	0.23	0.265	0.265	0.285	0.275	0.18	-1.0	227
0.38	0.33	0.285	0.305	0.385	0.33	0.345	0.145	-1.0	228
0.235	0.26	0.295	0.28	0.295	0.305	0.26	0.195	-1.0	229
0.33	0.35	0.4	0.385	0.35	0.325	0.365	0.175	-1.0	230
0.24	0.215	0.21	0.225	0.215	0.2	0.22	0.13	-1.0	231
0.325	0.335	0.38	0.39	0.335	0.37	0.36	0.285	-1.0	232
0.345	0.33	0.315	0.335	0.34	0.31	0.285	0.115	-1.0	233
0.27	0.29	0.28	0.31	0.29	0.26	0.275	0.165	-1.0	234
0.415	0.355	0.35	0.385	0.435	0.385	0.42	0.105	-1.0	235
0.32	0.36	0.33	0.37	0.295	0.36	0.325	0.135	-1.0	236
0.305	0.245	0.305	0.32	0.285	0.32	0.285	0.095	-1.0	237
0.22	0.325	0.25	0.32	0.26	0.275	0.34	0.18	-1.0	238
0.33	0.305	0.37	0.385	0.36	0.335	0.33	0.11	-1.0	239
0.315	0.3	0.29	0.265	0.3	0.275	0.31	0.18	-1.0	240
0.3	0.315	0.255	0.255	0.31	0.29	0.29	0.165	-1.0	241
0.255	0.24	0.31	0.335	0.28	0.27	0.34	0.14	-1.0	242
0.32	0.32	0.315	0.38	0.355	0.33	0.415	0.255	-1.0	243
0.31	0.355	0.34	0.35	0.32	0.335	0.28	0.1	-1.0	244
0.3	0.255	0.31	0.33	0.295	0.32	0.33	0.165	-1.0	245
0.315	0.24	0.365	0.32	0.305	0.305	0.34	0.2	-1.0	246
0.305	0.345	0.38	0.405	0.355	0.38	0.39	0.165	-1.0	247
0.24	0.28	0.325	0.345	0.28	0.295	0.325	0.135	-1.0	248
0.37	0.385	0.41	0.42	0.35	0.415	0.335	0.065	-1.0	249
0.265	0.305	0.3	0.32	0.265	0.29	0.3	0.15	-1.0	250
0.285	0.285	0.31	0.3	0.28	0.26	0.33	0.165	-1.0	251
0.285	0.27	0.275	0.315	0.285	0.3	0.29	0.3	-1.0	252
0.215	0.24	0.23	0.295	0.205	0.21	0.345	0.195	-1.0	253
0.25	0.31	0.24	0.365	0.27	0.315	0.345	0.145	-1.0	254
0.355	0.305	0.335	0.41	0.34	0.36	0.39	0.17	-1.0	255
0.27	0.2	0.26	0.28	0.275	0.23	0.31	0.145	-1.0	256
0.275	0.24	0.235	0.235	0.255	0.245	0.245	0.135	-1.0	257
0.28	0.29	0.245	0.295	0.215	0.285	0.29	0.205	-1.0	258
0.325	0.32	0.32	0.33	0.28	0.35	0.37	0.145	-1.0	259
0.37	0.39	0.365	0.38	0.35	0.39	0.38	0.13	-1.0	260
0.28	0.315	0.25	0.255	0.27	0.305	0.27	0.15	-1.0	261
0.28	0.275	0.27	0.285	0.28	0.315	0.32	0.17	-1.0	262
0.29	0.32	0.275	0.28	0.285	0.335	0.34	0.155	-1.0	263
0.285	0.32	0.355	0.31	0.335	0.265	0.29	0.105	-1.0	264
0.245	0.255	0.32	0.27	0.23	0.305	0.255	0.145	-1.0	265
0.26	0.28	0.265	0.295	0.27	0.265	0.32	0.15	-1.0	266
0.235	0.29	0.215	0.305	0.22	0.275	0.32	0.2	-1.0	267
0.23	0.27	0.255	0.265	0.24	0.245	0.215	0.14	-1.0	268
0.28	0.305	0.3	0.31	0.305	0.325	0.33	0.13	-1.0	269
0.27	0.305	0.33	0.305	0.285	0.3	0.345	0.175	-1.0	270
0.3	0.26	0.315	0.31	0.295	0.315	0.36	0.15	-1.0	271
0.37	0.335	0.35	0.405	0.39	0.38	0.365	0.12	-1.0	272
0.255	0.26	0.29	0.29	0.295	0.305	0.25	0.155	-1.0	273
0.33	0.34	0.34	0.34	0.335	0.36	0.345	0.085	-1.0	274
0.32	0.31	0.3	0.335	0.295	0.345	0.355	0.18	-1.0	275
0.29	0.255	0.315	0.32	0.29	0.285	0.28	0.135	-1.0	276
0.32	0.37	0.31	0.33	0.32	0.34	0.315	0.165	-1.0	277
0.25	0.28	0.29	0.32	0.24	0.3	0.33	0.17	-1.0	278
0.27	0.275	0.26	0.36	0.245	0.315	0.33	0.115	-1.0	279
0.32	0.315	0.33	0.325	0.315	0.315	0.265	0.165	-1.0	280
0.345	0.34	0.28	0.385	0.36	0.37	0.305	0.18	-1.0	281
0.31	0.29	0.27	0.325	0.325	0.345	0.335	0.085	-1.0	282
0.345	0.315	0.355	0.365	0.37	0.425	0.4	0.16	-1.0	283
0.415	0.42	0.46	0.455	0.415	0.445	0.355	0.115	-1.0	284
0.17	0.205	0.285	0.33	0.22	0.255	0.265	0.13	-1.0	285
0.26	0.235	0.285	0.31	0.28	0.245	0.3	0.13	-1.0	286
0.34	0.365	0.365	0.38	0.35	0.37	0.32	0.31	-1.0	287
0.335	0.295	0.28	0.32	0.305	0.31	0.28	0.095	-1.0	288
0.325	0.305	0.355	0.34	0.325	0.33	0.365	0.24	-1.0	289
0.27	0.29	0.265	0.325	0.28	0.32	0.365	0.18	-1.0	290
0.325	0.32	0.36	0.375	0.27	0.32	0.35	0.115	-1.0	291
0.35	0.345	0.375	0.385	0.355	0.355	0.37	0.205	-1.0	292
0.32	0.33	0.295	0.36	0.345	0.34	0.3	0.125	-1.0	293
0.205	0.23	0.235	0.245	0.22	0.255	0.335	0.17	-1.0	294
0.25	0.26	0.285	0.305	0.275	0.295	0.27	0.195	-1.0	295
0.31	0.325	0.27	0.325	0.305	0.32	0.32	0.145	-1.0	296
0.295	0.305	0.32	0.33	0.33	0.335	0.315	0.18	-1.0	297
0.235	0.23	0.255	0.305	0.22	0.255	0.315	0.13	-1.0	298
0.325	0.31	0.305	0.295	0.325	0.39	0.295	0.175	-1.0	299
0.395	0.4	0.345	0.385	0.44	0.4	0.33	0.095	-0.5	300
0.185	0.23	0.305	0.3	0.19	0.3	0.315	0.16	-0.5	301
0.335	0.375	0.31	0.335	0.345	0.345	0.33	0.17	-0.5	302
0.29	0.29	0.305	0.33	0.28	0.28	0.255	0.195	-0.5	303
0.26	0.275	0.305	0.305	0.235	0.285	0.235	0.145	-0.5	304
0.345	0.365	0.385	0.38	0.355	0.385	0.325	0.32	-0.5	305
0.285	0.265	0.235	0.345	0.225	0.32	0.285	0.165	-0.5	306
0.215	0.19	0.225	0.22	0.205	0.225	0.245	0.175	-0.5	307
0.265	0.285	0.31	0.3	0.26	0.29	0.31	0.14	-0.5	308
0.36	0.375	0.34	0.365	0.35	0.325	0.325	0.315	-0.5	309
0.335	0.365	0.295	0.315	0.355	0.355	0.34	0.11	-0.5	310
0.25	0.26	0.275	0.305	0.28	0.285	0.255	0.12	-0.5	311
0.35	0.395	0.415	0.405	0.395	0.385	0.34	0.155	-0.5	312
0.275	0.26	0.285	0.31	0.245	0.275	0.265	0.105	-0.5	313
0.325	0.28	0.24	0.285	0.29	0.315	0.35	0.15	-0.5	314
0.27	0.3	0.28	0.3	0.33	0.32	0.365	0.175	-0.5	315
0.295	0.355	0.3	0.345	0.345	0.36	0.35	0.16	-0.5	316
0.28	0.315	0.3	0.315	0.32	0.34	0.29	0.14	-0.5	317
0.25	0.295	0.23	0.305	0.28	0.305	0.37	0.135	-0.5	318
0.25	0.26	0.26	0.285	0.25	0.235	0.205	0.145	-0.5	319
0.28	0.315	0.265	0.275	0.265	0.285	0.265	0.185	-0.5	320
0.3	0.315	0.37	0.315	0.31	0.285	0.325	0.29	-0.5	321
0.26	0.26	0.255	0.255	0.28	0.25	0.185	0.2	-0.5	322
0.31	0.345	0.35	0.355	0.335	0.395	0.315	0.165	-0.5	323
0.265	0.28	0.275	0.295	0.27	0.255	0.26	0.16	-0.5	324
0.28	0.28	0.305	0.33	0.31	0.295	0.29	0.18	-0.5	325
0.34	0.365	0.345	0.445	0.33	0.34	0.39	0.13	-0.5	326
0.22	0.26	0.25	0.3	0.22	0.275	0.3	0.13	-0.5	327
0.33	0.31	0.385	0.37	0.31	0.335	0.28	0.15	-0.5	328
0.355	0.385	0.385	0.395	0.38	0.39	0.35	0.12	-0.5	329
0.38	0.355	0.37	0.385	0.335	0.375	0.355	0.185	-0.5	330
0.255	0.3	0.265	0.3	0.31	0.305	0.335	0.11	-0.5	331
0.28	0.305	0.27	0.305	0.275	0.28	0.28	0.175	-0.5	332
0.3	0.28	0.295	0.325	0.255	0.3	0.31	0.135	-0.5	333
0.295	0.375	0.27	0.305	0.33	0.33	0.37	0.175	-0.5	334
0.38	0.345	0.335	0.37	0.37	0.375	0.345	0.155	-0.5	335
0.345	0.325	0.31	0.36	0.34	0.365	0.33	0.215	-0.5	336
0.29	0.25	0.255	0.235	0.25	0.24	0.23	0.165	-0.5	337
0.25	0.295	0.29	0.345	0.265	0.345	0.34	0.155	-0.5	338
0.34	0.34	0.36	0.42	0.375	0.37	0.335	0.3	-0.5	339
0.3	0.275	0.255	0.265	0.265	0.31	0.225	0.13	-0.5	340
0.355	0.325	0.335	0.41	0.38	0.31	0.36	0.1	-0.5	341
0.255	0.27	0.255	0.29	0.25	0.305	0.28	0.16	-0.5	342
0.37	0.375	0.41	0.395	0.405	0.4	0.355	0.3	-0.5	343
0.255	0.285	0.23	0.315	0.245	0.3	0.265	0.15	-0.5	344
0.225	0.275	0.285	0.32	0.255	0.28	0.27	0.145	-0.5	345
0.325	0.335	0.34	0.33	0.32	0.305	0.3	0.105	-0.5	346
0.4	0.37	0.36	0.42	0.395	0.375	0.39	0.125	-0.5	347
0.32	0.295	0.34	0.3	0.3	0.3	0.275	0.16	-0.5	348
0.225	0.27	0.245	0.295	0.235	0.25	0.24	0.14	-0.5	349
0.295	0.275	0.305	0.305	0.265	0.315	0.305	0.17	-0.5	350
0.33	0.31	0.3	0.33	0.3	0.34	0.325	0.12	-0.5	351
0.24	0.23	0.28	0.315	0.24	0.265	0.32	0.235	-0.5	352
0.38	0.36	0.395	0.39	0.33	0.4	0.39	0.17	-0.5	353
0.255	0.265	0.32	0.3	0.25	0.295	0.29	0.175	-0.5	354
0.27	0.32	0.265	0.355	0.295	0.32	0.31	0.145	-0.5	355
0.38	0.335	0.38	0.365	0.39	0.4	0.405	0.15	-0.5	356
0.245	0.265	0.275	0.245	0.245	0.265	0.23	0.135	-0.5	357
0.325	0.33	0.31	0.335	0.325	0.305	0.33	0.12	-0.5	358
0.23	0.235	0.26	0.29	0.24	0.24	0.265	0.135	-0.5	359
0.315	0.27	0.33	0.345	0.29	0.32	0.34	0.185	-0.5	360
0.295	0.33	0.265	0.305	0.265	0.28	0.295	0.11	-0.5	361
0.395	0.405	0.405	0.41	0.39	0.41	0.35	0.205	-0.5	362
0.295	0.36	0.365	0.34	0.33	0.345	0.25	0.085	-0.5	363
0.425	0.505	0.45	0.47	0.385	0.505	0.52	0.125	-0.5	364
0.27	0.31	0.3	0.25	0.21	0.31	0.24	0.165	-0.5	365
0.305	0.33	0.34	0.375	0.28	0.335	0.335	0.175	-0.5	366
0.19	0.175	0.26	0.215	0.235	0.21	0.26	0.18	-0.5	367
0.335	0.365	0.37	0.355	0.37	0.33	0.28	0.08	-0.5	368
0.26	0.26	0.2	0.3	0.24	0.245	0.3	0.095	-0.5	369
0.305	0.34	0.31	0.295	0.305	0.29	0.3	0.14	-0.5	370
0.22	0.21	0.215	0.23	0.235	0.23	0.22	0.14	-0.5	371
0.235	0.24	0.25	0.275	0.245	0.265	0.24	0.115	-0.5	372
0.27	0.275	0.275	0.275	0.295	0.26	0.285	0.26	-0.5	373
0.265	0.23	0.215	0.27	0.275	0.285	0.205	0.16	-0.5	374
0.355	0.325	0.325	0.41	0.35	0.42	0.43	0.175	-0.5	375
0.29	0.305	0.34	0.33	0.275	0.32	0.34	0.125	-0.5	376
0.305	0.3	0.325	0.315	0.305	0.315	0.275	0.17	-0.5	377
0.325	0.28	0.265	0.29	0.265	0.275	0.33	0.255	-0.5	378
0.33	0.32	0.345	0.335	0.34	0.33	0.285	0.295	-0.5	379
0.235	0.275	0.31	0.375	0.315	0.335	0.325	0.2	-0.5	380
0.255	0.22	0.225	0.28	0.235	0.28	0.275	0.165	-0.5	381
0.22	0.245	0.255	0.27	0.27	0.26	0.265	0.19	-0.5	382
0.245	0.28	0.255	0.315	0.255	0.245	0.315	0.15	-0.5	383
0.32	0.325	0.295	0.325	0.35	0.345	0.355	0.155	-0.5	384
0.21	0.26	0.215	0.22	0.2	0.215	0.275	0.22	-0.5	385
0.32	0.345	0.33	0.34	0.315	0.35	0.32	0.17	-0.5	386
0.275	0.27	0.29	0.28	0.26	0.29	0.27	0.2	-0.5	387
0.27	0.28	0.295	0.3	0.28	0.29	0.28	0.13	-0.5	388
0.245	0.245	0.29	0.265	0.235	0.285	0.255	0.22	-0.5	389
0.245	0.285	0.27	0.25	0.275	0.27	0.295	0.18	-0.5	390
0.33	0.385	0.35	0.36	0.345	0.36	0.4	0.095	-0.5	391
0.27	0.27	0.27	0.26	0.225	0.31	0.3	0.16	-0.5	392
0.225	0.3	0.275	0.355	0.335	0.295	0.315	0.095	-0.5	393
0.295	0.3	0.305	0.33	0.245	0.285	0.315	0.18	-0.5	394
0.25	0.26	0.31	0.32	0.29	0.31	0.3	0.15	-0.5	395
0.28	0.33	0.31	0.345	0.32	0.335	0.295	0.17	-0.5	396
0.34	0.32	0.285	0.35	0.28	0.345	0.4	0.085	-0.5	397
0.275	0.28	0.255	0.305	0.285	0.305	0.265	0.17	-0.5	398
0.3	0.35	0.335	0.365	0.35	0.39	0.3	0.115	-0.5	399
0.41	0.37	0.405	0.375	0.325	0.375	0.31	0.355	-0.25	400
0.31	0.305	0.255	0.345	0.29	0.335	0.335	0.13	-0.25	401
0.325	0.31	0.31	0.315	0.325	0.33	0.29	0.145	-0.25	402
0.335	0.335	0.335	0.385	0.31	0.38	0.32	0.145	-0.25	403
0.355	0.305	0.36	0.295	0.355	0.335	0.335	0.13	-0.25	404
0.225	0.235	0.23	0.27	0.27	0.225	0.3	0.175	-0.25	405
0.33	0.33	0.33	0.345	0.34	0.355	0.345	0.105	-0.25	406
0.255	0.255	0.295	0.265	0.26	0.34	0.26	0.16	-0.25	407
0.31	0.31	0.305	0.285	0.31	0.315	0.29	0.2	-0.25	408
0.295	0.335	0.285	0.315	0.29	0.34	0.325	0.12	-0.25	409
0.33	0.35	0.32	0.35	0.31	0.38	0.36	0.115	-0.25	410
0.265	0.205	0.2	0.235	0.235	0.2	0.21	0.17	-0.25	411
0.235	0.23	0.255	0.265	0.27	0.245	0.28	0.16	-0.25	412
0.335	0.355	0.32	0.37	0.33	0.355	0.405	0.115	-0.25	413
0.235	0.28	0.375	0.325	0.28	0.265	0.36	0.155	-0.25	414
0.255	0.305	0.23	0.26	0.26	0.26	0.28	0.16	-0.25	415
0.29	0.235	0.26	0.24	0.3	0.28	0.26	0.135	-0.25	416
0.29	0.31	0.245	0.325	0.315	0.315	0.315	0.16	-0.25	417
0.445	0.435	0.315	0.425	0.435	0.425	0.37	0.1	-0.25	418
0.29	0.275	0.28	0.3	0.28	0.27	0.285	0.115	-0.25	419
0.295	0.3	0.265	0.305	0.29	0.325	0.25	0.17	-0.25	420
0.31	0.32	0.305	0.35	0.305	0.33	0.335	0.21	-0.25	421
0.245	0.34	0.365	0.36	0.265	0.33	0.265	0.21	-0.25	422
0.325	0.28	0.34	0.325	0.36	0.3	0.3	0.205	-0.25	423
0.255	0.255	0.235	0.265	0.255	0.245	0.235	0.11	-0.25	424
0.3	0.315	0.295	0.31	0.25	0.285	0.235	0.11	-0.25	425
0.28	0.305	0.27	0.28	0.285	0.295	0.375	0.06	-0.25	426
0.24	0.275	0.23	0.265	0.265	0.295	0.285	0.16	-0.25	427
0.33	0.23	0.265	0.265	0.26	0.26	0.235	0.165	-0.25	428
0.29	0.315	0.36	0.41	0.365	0.395	0.43	0.12	-0.25	429
0.175	0.255	0.195	0.275	0.195	0.27	0.245	0.125	-0.25	430
0.265	0.23	0.24	0.265	0.245	0.24	0.27	0.15	-0.25	431
0.28	0.315	0.26	0.255	0.285	0.31	0.27	0.125	-0.25	432
0.24	0.2	0.275	0.275	0.3	0.235	0.225	0.145	-0.25	433
0.285	0.305	0.275	0.295	0.265	0.335	0.28	0.16	-0.25	434
0.25	0.24	0.295	0.315	0.29	0.295	0.23	0.14	-0.25	435
0.2	0.21	0.245	0.285	0.26	0.24	0.195	0.15	-0.25	436
0.405	0.405	0.275	0.385	0.355	0.36	0.295	0.155	-0.25	437
0.3	0.305	0.245	0.365	0.35	0.335	0.23	0.15	-0.25	438
0.3	0.305	0.3	0.325	0.31	0.315	0.26	0.19	-0.25	439
0.305	0.33	0.32	0.34	0.31	0.325	0.34	0.21	-0.25	440
0.285	0.275	0.295	0.325	0.29	0.295	0.315	0.16	-0.25	441
0.295	0.23	0.25	0.27	0.305	0.27	0.305	0.12	-0.25	442
0.4	0.36	0.4	0.425	0.38	0.365	0.34	0.315	-0.25	443
0.32	0.285	0.375	0.4	0.275	0.345	0.35	0.175	-0.25	444
0.345	0.345	0.305	0.355	0.3	0.375	0.35	0.18	-0.25	445
0.205	0.265	0.27	0.28	0.22	0.25	0.215	0.175	-0.25	446
0.205	0.305	0.3	0.305	0.315	0.295	0.22	0.155	-0.25	447
0.27	0.295	0.325	0.315	0.275	0.29	0.28	0.225	-0.25	448
0.27	0.265	0.27	0.3	0.25	0.325	0.3	0.075	-0.25	449
0.345	0.33	0.33	0.36	0.33	0.315	0.35	0.275	-0.25	450
0.295	0.33	0.325	0.35	0.3	0.345	0.27	0.115	-0.25	451
0.31	0.29	0.3	0.305	0.32	0.325	0.31	0.275	-0.25	452
0.325	0.345	0.35	0.35	0.33	0.345	0.305	0.16	-0.25	453
0.33	0.34	0.295	0.3	0.265	0.28	0.33	0.13	-0.25	454
0.325	0.295	0.305	0.29	0.31	0.31	0.295	0.17	-0.25	455
0.28	0.33	0.27	0.315	0.28	0.29	0.26	0.12	-0.25	456
0.29	0.305	0.345	0.31	0.29	0.315	0.3	0.165	-0.25	457
0.275	0.29	0.285	0.325	0.29	0.295	0.295	0.28	-0.25	458
0.25	0.275	0.235	0.26	0.235	0.29	0.265	0.145	-0.25	459
0.325	0.34	0.355	0.375	0.35	0.365	0.315	0.195	-0.25	460
0.19	0.19	0.22	0.21	0.205	0.225	0.2	0.195	-0.25	461
0.255	0.26	0.26	0.27	0.25	0.25	0.23	0.14	-0.25	462
0.305	0.29	0.305	0.3	0.3	0.315	0.265	0.31	-0.25	463
0.305	0.25	0.305	0.345	0.31	0.335	0.27	0.215	-0.25	464
0.275	0.255	0.285	0.275	0.27	0.275	0.265	0.115	-0.25	465
0.26	0.29	0.265	0.265	0.25	0.285	0.23	0.155	-0.25	466
0.285	0.28	0.255	0.305	0.26	0.27	0.295	0.205	-0.25	467
0.28	0.33	0.345	0.37	0.325	0.32	0.315	0.135	-0.25	468
0.3	0.29	0.28	0.28	0.28	0.3	0.285	0.215	-0.25	469
0.275	0.25	0.245	0.245	0.295	0.22	0.31	0.16	-0.25	470
0.315	0.325	0.265	0.265	0.27	0.305	0.245	0.08	-0.25	471
0.365	0.36	0.385	0.425	0.345	0.425	0.44	0.285	-0.25	472
0.28	0.255	0.26	0.255	0.255	0.245	0.245	0.145	-0.25	473
0.32	0.32	0.335	0.335	0.33	0.31	0.395	0.105	-0.25	474
0.29	0.36	0.315	0.34	0.315	0.32	0.285	0.17	-0.25	475
0.27	0.25	0.245	0.325	0.295	0.295	0.36	0.145	-0.25	476
0.31	0.305	0.28	0.32	0.31	0.34	0.365	0.13	-0.25	477
0.245	0.255	0.31	0.285	0.27	0.285	0.285	0.17	-0.25	478
0.285	0.29	0.29	0.305	0.3	0.285	0.285	0.26	-0.25	479
0.31	0.315	0.29	0.275	0.295	0.29	0.265	0.12	-0.25	480
0.24	0.275	0.275	0.295	0.275	0.25	0.295	0.11	-0.25	481
0.295	0.32	0.37	0.38	0.3	0.325	0.345	0.18	-0.25	482
0.27	0.255	0.27	0.355	0.275	0.24	0.285	0.145	-0.25	483
0.375	0.37	0.365	0.4	0.39	0.41	0.43	0.11	-0.25	484
0.245	0.225	0.215	0.27	0.225	0.22	0.26	0.12	-0.25	485
0.3	0.32	0.3	0.315	0.29	0.325	0.26	0.145	-0.25	486
0.285	0.335	0.33	0.345	0.27	0.33	0.3	0.11	-0.25	487
0.325	0.38	0.29	0.315	0.315	0.355	0.35	0.12	-0.25	488
0.315	0.295	0.27	0.295	0.315	0.3	0.265	0.265	-0.25	489
0.28	0.32	0.35	0.33	0.335	0.365	0.28	0.125	-0.25	490
0.315	0.305	0.325	0.33	0.3	0.325	0.325	0.08	-0.25	491
0.205	0.23	0.24	0.245	0.235	0.205	0.215	0.16	-0.25	492
0.35	0.365	0.33	0.355	0.355	0.365	0.335	0.08	-0.25	493
0.215	0.245	0.25	0.25	0.235	0.235	0.26	0.245	-0.25	494
0.225	0.26	0.265	0.25	0.19	0.275	0.235	0.185	-0.25	495
0.31	0.345	0.285	0.325	0.305	0.325	0.36	0.145	-0.25	496
0.26	0.245	0.2	0.25	0.27	0.28	0.215	0.15	-0.25	497
0.295	0.275	0.28	0.285	0.28	0.305	0.235	0.11	-0.25	498
0.285	0.26	0.265	0.285	0.265	0.265	0.28	0.165	-0.25	499
0.345	0.37	0.285	0.35	0.345	0.37	0.28	0.21	0.0	500
0.335	0.27	0.335	0.285	0.335	0.27	0.305	0.21	0.0	501
0.27	0.235	0.265	0.255	0.27	0.235	0.215	0.185	0.0	502
0.28	0.32	0.3	0.35	0.28	0.32	0.28	0.23	0.0	503
0.325	0.305	0.32	0.325	0.32	0.305	0.295	0.14	0.0	504
0.235	0.25	0.25	0.22	0.235	0.25	0.245	0.135	0.0	505
0.175	0.22	0.175	0.225	0.175	0.22	0.245	0.165	0.0	506
0.215	0.21	0.215	0.24	0.215	0.21	0.205	0.11	0.0	507
0.33	0.33	0.33	0.365	0.33	0.33	0.295	0.265	0.0	508
0.245	0.27	0.26	0.285	0.245	0.27	0.26	0.125	0.0	509
0.245	0.265	0.255	0.27	0.245	0.265	0.275	0.195	0.0	510
0.32	0.335	0.275	0.345	0.32	0.335	0.305	0.25	0.0	511
0.33	0.31	0.34	0.32	0.33	0.31	0.305	0.14	0.0	512
0.285	0.265	0.28	0.315	0.285	0.265	0.285	0.285	0.0	513
0.3	0.32	0.29	0.305	0.3	0.32	0.28	0.13	0.0	514
0.185	0.225	0.185	0.195	0.185	0.225	0.205	0.15	0.0	515
0.215	0.28	0.22	0.28	0.215	0.28	0.255	0.185	0.0	516
0.23	0.235	0.26	0.27	0.23	0.235	0.28	0.195	0.0	517
0.3	0.34	0.305	0.31	0.3	0.34	0.255	0.25	0.0	518
0.28	0.235	0.3	0.27	0.28	0.235	0.245	0.155	0.0	519
0.21	0.295	0.21	0.265	0.21	0.295	0.225	0.145	0.0	520
0.26	0.28	0.27	0.315	0.26	0.28	0.32	0.125	0.0	521
0.22	0.255	0.225	0.215	0.22	0.255	0.23	0.18	0.0	522
0.23	0.27	0.28	0.26	0.23	0.27	0.25	0.22	0.0	523
0.315	0.33	0.3	0.355	0.315	0.33	0.265	0.285	0.0	524
0.385	0.405	0.395	0.4	0.385	0.405	0.36	0.23	0.0	525
0.245	0.29	0.28	0.31	0.245	0.29	0.265	0.185	0.0	526
0.325	0.32	0.355	0.375	0.325	0.32	0.335	0.085	0.0	527
0.26	0.28	0.275	0.305	0.26	0.28	0.225	0.225	0.0	528
0.24	0.27	0.26	0.285	0.24	0.27	0.28	0.195	0.0	529
0.325	0.335	0.355	0.365	0.325	0.335	0.31	0.24	0.0	530
0.245	0.275	0.27	0.295	0.245	0.275	0.315	0.13	0.0	531
0.225	0.32	0.21	0.295	0.225	0.32	0.29	0.215	0.0	532
0.29	0.28	0.29	0.285	0.29	0.28	0.24	0.15	0.0	533
0.255	0.31	0.22	0.255	0.255	0.31	0.25	0.15	0.0	534
0.36	0.39	0.36	0.44	0.36	0.39	0.375	0.18	0.0	535
0.295	0.305	0.29	0.295	0.295	0.305	0.215	0.165	0.0	536
0.33	0.335	0.33	0.335	0.33	0.335	0.3	0.19	0.0	537
0.19	0.225	0.185	0.25	0.19	0.225	0.26	0.125	0.0	538
0.295	0.305	0.285	0.34	0.295	0.305	0.26	0.2	0.0	539
0.355	0.41	0.355	0.405	0.355	0.41	0.31	0.245	0.0	540
0.285	0.315	0.3	0.3	0.285	0.315	0.285	0.23	0.0	541
0.3	0.335	0.285	0.335	0.3	0.335	0.305	0.295	0.0	542
0.28	0.31	0.285	0.295	0.28	0.31	0.325	0.16	0.0	543
0.25	0.32	0.27	0.335	0.25	0.32	0.29	0.165	0.0	544
0.32	0.335	0.325	0.31	0.32	0.335	0.35	0.135	0.0	545
0.32	0.395	0.34	0.34	0.32	0.395	0.33	0.305	0.0	546
0.265	0.29	0.33	0.325	0.265	0.29	0.315	0.225	0.0	547
0.23	0.25	0.24	0.285	0.23	0.25	0.26	0.115	0.0	548
0.215	0.24	0.2	0.235	0.215	0.24	0.235	0.165	0.0	549
0.31	0.31	0.245	0.325	0.31	0.31	0.265	0.295	0.0	550
0.36	0.34	0.36	0.375	0.36	0.34	0.345	0.18	0.0	551
0.29	0.315	0.275	0.325	0.29	0.315	0.33	0.275	0.0	552
0.36	0.41	0.36	0.395	0.36	0.41	0.28	0.18	0.0	553
0.22	0.24	0.19	0.235	0.22	0.24	0.22	0.19	0.0	554
0.275	0.305	0.355	0.34	0.275	0.305	0.285	0.18	0.0	555
0.25	0.325	0.25	0.29	0.25	0.325	0.265	0.175	0.0	556
0.255	0.305	0.25	0.28	0.255	0.305	0.305	0.18	0.0	557
0.31	0.345	0.31	0.325	0.31	0.345	0.265	0.155	0.0	558
0.26	0.26	0.29	0.3	0.26	0.26	0.34	0.235	0.0	559
0.32	0.325	0.27	0.28	0.32	0.325	0.265	0.175	0.0	560
0.245	0.325	0.36	0.31	0.245	0.325	0.235	0.15	0.0	561
0.25	0.295	0.23	0.27	0.25	0.295	0.265	0.19	0.0	562
0.215	0.3	0.245	0.315	0.215	0.3	0.255	0.125	0.0	563
0.325	0.3	0.305	0.3	0.325	0.3	0.265	0.14	0.0	564
0.325	0.34	0.325	0.34	0.325	0.34	0.295	0.26	0.0	565
0.4	0.4	0.4	0.385	0.4	0.4	0.34	0.255	0.0	566
0.255	0.285	0.25	0.245	0.255	0.285	0.305	0.205	0.0	567
0.23	0.285	0.26	0.29	0.23	0.285	0.255	0.24	0.0	568
0.32	0.37	0.275	0.335	0.32	0.37	0.26	0.16	0.0	569
0.33	0.335	0.33	0.325	0.33	0.335	0.25	0.27	0.0	570
0.28	0.32	0.325	0.305	0.28	0.32	0.31	0.23	0.0	571
0.285	0.32	0.28	0.315	0.285	0.32	0.325	0.175	0.0	572
0.29	0.335	0.31	0.315	0.29	0.335	0.31	0.145	0.0	573
0.31	0.3	0.255	0.305	0.31	0.3	0.255	0.16	0.0	574
0.305	0.3	0.265	0.29	0.305	0.3	0.26	0.205	0.0	575
0.245	0.25	0.255	0.25	0.245	0.25	0.325	0.285	0.0	576
0.235	0.305	0.255	0.305	0.235	0.305	0.275	0.13	0.0	577
0.36	0.37	0.36	0.355	0.36	0.37	0.34	0.17	0.0	578
0.27	0.285	0.235	0.305	0.27	0.285	0.22	0.22	0.0	579
0.3	0.345	0.315	0.345	0.3	0.345	0.305	0.21	0.0	580
0.285	0.25	0.245	0.275	0.285	0.25	0.25	0.215	0.0	581
0.32	0.355	0.355	0.345	0.32	0.355	0.335	0.24	0.0	582
0.305	0.265	0.23	0.305	0.305	0.265	0.335	0.215	0.0	583
0.245	0.33	0.26	0.295	0.245	0.33	0.275	0.175	0.0	584
0.335	0.345	0.33	0.315	0.335	0.345	0.31	0.18	0.0	585
0.395	0.38	0.34	0.37	0.395	0.38	0.33	0.305	0.0	586
0.31	0.35	0.345	0.405	0.31	0.35	0.34	0.225	0.0	587
0.36	0.32	0.36	0.365	0.36	0.32	0.315	0.155	0.0	588
0.27	0.26	0.285	0.29	0.27	0.26	0.305	0.17	0.0	589
0.345	0.305	0.305	0.38	0.345	0.305	0.31	0.25	0.0	590
0.25	0.245	0.24	0.24	0.25	0.245	0.245	0.18	0.0	591
0.325	0.295	0.325	0.345	0.325	0.295	0.305	0.25	0.0	592
0.33	0.34	0.33	0.335	0.33	0.34	0.29	0.2	0.0	593
0.235	0.295	0.245	0.305	0.235	0.295	0.26	0.12	0.0	594
0.25	0.295	0.25	0.275	0.25	0.295	0.245	0.215	0.0	595
0.245	0.285	0.25	0.305	0.245	0.285	0.275	0.235	0.0	596
0.215	0.205	0.22	0.225	0.215	0.205	0.17	0.195	0.0	597
0.275	0.27	0.28	0.265	0.275	0.27	0.245	0.24	0.0	598
0.345	0.385	0.32	0.395	0.345	0.385	0.37	0.225	0.0	599
0.3	0.375	0.395	0.395	0.355	0.39	0.325	0.12	0.25	600
0.23	0.275	0.255	0.265	0.285	0.325	0.275	0.135	0.25	601
0.23	0.255	0.3	0.295	0.26	0.285	0.27	0.215	0.25	602
0.26	0.24	0.25	0.24	0.245	0.295	0.23	0.145	0.25	603
0.3	0.29	0.26	0.31	0.255	0.31	0.305	0.14	0.25	604
0.22	0.225	0.22	0.23	0.2	0.205	0.23	0.155	0.25	605
0.25	0.27	0.24	0.22	0.235	0.255	0.26	0.175	0.25	606
0.3	0.29	0.3	0.275	0.31	0.325	0.25	0.14	0.25	607
0.245	0.25	0.24	0.26	0.26	0.265	0.225	0.14	0.25	608
0.45	0.48	0.48	0.46	0.425	0.465	0.38	0.405	0.25	609
0.295	0.36	0.305	0.325	0.32	0.35	0.275	0.34	0.25	610
0.29	0.285	0.29	0.305	0.275	0.25	0.215	0.14	0.25	611
0.28	0.265	0.28	0.245	0.245	0.255	0.18	0.14	0.25	612
0.275	0.275	0.21	0.25	0.235	0.24	0.29	0.19	0.25	613
0.165	0.245	0.185	0.235	0.23	0.21	0.205	0.205	0.25	614
0.485	0.48	0.395	0.46	0.445	0.46	0.38	0.23	0.25	615
0.41	0.385	0.375	0.425	0.435	0.425	0.38	0.16	0.25	616
0.21	0.205	0.225	0.225	0.22	0.2	0.275	0.165	0.25	617
0.285	0.27	0.29	0.265	0.25	0.275	0.245	0.235	0.25	618
0.26	0.31	0.265	0.315	0.26	0.345	0.265	0.155	0.25	619
0.305	0.275	0.32	0.315	0.32	0.275	0.3	0.145	0.25	620
0.295	0.255	0.245	0.29	0.255	0.27	0.27	0.085	0.25	621
0.26	0.31	0.265	0.3	0.285	0.315	0.225	0.16	0.25	622
0.32	0.355	0.355	0.35	0.335	0.35	0.335	0.185	0.25	623
0.28	0.305	0.255	0.32	0.235	0.33	0.26	0.245	0.25	624
0.245	0.28	0.215	0.28	0.26	0.27	0.225	0.16	0.25	625
0.25	0.305	0.26	0.255	0.255	0.265	0.275	0.195	0.25	626
0.25	0.255	0.235	0.26	0.26	0.22	0.25	0.16	0.25	627
0.27	0.31	0.295	0.38	0.295	0.33	0.305	0.245	0.25	628
0.195	0.215	0.2	0.235	0.23	0.215	0.2	0.18	0.25	629
0.315	0.315	0.32	0.32	0.32	0.345	0.285	0.15	0.25	630
0.335	0.3	0.285	0.31	0.33	0.34	0.335	0.16	0.25	631
0.325	0.32	0.37	0.305	0.29	0.33	0.355	0.095	0.25	632
0.335	0.31	0.29	0.31	0.29	0.305	0.295	0.24	0.25	633
0.37	0.275	0.305	0.315	0.33	0.31	0.29	0.24	0.25	634
0.345	0.325	0.345	0.355	0.35	0.325	0.3	0.195	0.25	635
0.265	0.295	0.3	0.3	0.245	0.265	0.255	0.22	0.25	636
0.39	0.385	0.32	0.335	0.39	0.41	0.265	0.295	0.25	637
0.22	0.26	0.235	0.23	0.23	0.235	0.28	0.135	0.25	638
0.34	0.305	0.325	0.34	0.345	0.35	0.31	0.27	0.25	639
0.28	0.29	0.27	0.285	0.29	0.235	0.23	0.225	0.25	640
0.27	0.315	0.33	0.345	0.32	0.325	0.315	0.185	0.25	641
0.305	0.34	0.35	0.375	0.3	0.34	0.305	0.195	0.25	642
0.325	0.34	0.33	0.325	0.315	0.37	0.37	0.28	0.25	643
0.305	0.275	0.33	0.33	0.31	0.305	0.285	0.125	0.25	644
0.22	0.255	0.19	0.245	0.205	0.225	0.2	0.16	0.25	645
0.295	0.35	0.26	0.31	0.275	0.31	0.335	0.165	0.25	646
0.21	0.205	0.225	0.225	0.205	0.22	0.225	0.165	0.25	647
0.21	0.22	0.22	0.23	0.22	0.205	0.285	0.165	0.25	648
0.29	0.285	0.25	0.305	0.285	0.295	0.305	0.17	0.25	649
0.215	0.215	0.255	0.255	0.235	0.255	0.26	0.14	0.25	650
0.325	0.285	0.275	0.295	0.305	0.3	0.29	0.12	0.25	651
0.315	0.36	0.285	0.295	0.31	0.34	0.34	0.13	0.25	652
0.375	0.35	0.39	0.39	0.36	0.365	0.345	0.195	0.25	653
0.245	0.245	0.28	0.26	0.265	0.255	0.31	0.19	0.25	654
0.22	0.21	0.24	0.24	0.215	0.235	0.23	0.12	0.25	655
0.29	0.275	0.31	0.34	0.315	0.335	0.295	0.18	0.25	656
0.355	0.33	0.375	0.38	0.355	0.355	0.29	0.285	0.25	657
0.33	0.345	0.325	0.325	0.32	0.305	0.315	0.245	0.25	658
0.255	0.265	0.245	0.26	0.295	0.275	0.225	0.15	0.25	659
0.315	0.33	0.295	0.375	0.32	0.355	0.265	0.175	0.25	660
0.25	0.225	0.215	0.255	0.21	0.225	0.185	0.125	0.25	661
0.215	0.34	0.295	0.265	0.3	0.28	0.235	0.16	0.25	662
0.27	0.3	0.28	0.32	0.315	0.295	0.275	0.18	0.25	663
0.225	0.195	0.24	0.23	0.21	0.205	0.225	0.14	0.25	664
0.245	0.22	0.22	0.275	0.255	0.23	0.265	0.16	0.25	665
0.235	0.28	0.305	0.335	0.305	0.29	0.28	0.135	0.25	666
0.26	0.255	0.22	0.26	0.265	0.24	0.23	0.165	0.25	667
0.255	0.295	0.295	0.29	0.25	0.28	0.3	0.11	0.25	668
0.255	0.265	0.23	0.275	0.22	0.325	0.275	0.235	0.25	669
0.29	0.275	0.295	0.28	0.28	0.28	0.29	0.235	0.25	670
0.3	0.275	0.255	0.335	0.29	0.3	0.285	0.155	0.25	671
0.235	0.31	0.285	0.325	0.25	0.325	0.3	0.205	0.25	672
0.335	0.35	0.345	0.33	0.33	0.33	0.285	0.255	0.25	673
0.345	0.35	0.33	0.365	0.37	0.375	0.335	0.18	0.25	674
0.355	0.345	0.32	0.325	0.34	0.35	0.35	0.145	0.25	675
0.3	0.33	0.265	0.295	0.28	0.255	0.23	0.15	0.25	676
0.315	0.385	0.325	0.36	0.315	0.36	0.3	0.1	0.25	677
0.29	0.295	0.26	0.275	0.29	0.305	0.31	0.235	0.25	678
0.315	0.345	0.3	0.35	0.3	0.33	0.295	0.115	0.25	679
0.285	0.275	0.34	0.315	0.275	0.31	0.3	0.135	0.25	680
0.265	0.29	0.285	0.325	0.29	0.29	0.25	0.285	0.25	681
0.245	0.25	0.255	0.255	0.26	0.245	0.265	0.165	0.25	682
0.305	0.29	0.255	0.335	0.31	0.32	0.375	0.25	0.25	683
0.37	0.37	0.34	0.38	0.345	0.35	0.305	0.225	0.25	684
0.275	0.255	0.305	0.305	0.255	0.26	0.31	0.155	0.25	685
0.205	0.27	0.27	0.295	0.215	0.29	0.245	0.15	0.25	686
0.295	0.35	0.295	0.33	0.315	0.38	0.235	0.18	0.25	687
0.315	0.3	0.3	0.305	0.27	0.32	0.3	0.135	0.25	688
0.23	0.245	0.24	0.275	0.215	0.255	0.275	0.175	0.25	689
0.315	0.275	0.27	0.285	0.29	0.3	0.245	0.095	0.25	690
0.315	0.335	0.315	0.34	0.345	0.345	0.28	0.31	0.25	691
0.24	0.275	0.275	0.26	0.28	0.275	0.29	0.215	0.25	692
0.245	0.29	0.28	0.3	0.255	0.29	0.28	0.105	0.25	693
0.32	0.31	0.355	0.345	0.3	0.305	0.28	0.18	0.25	694
0.36	0.36	0.365	0.36	0.38	0.36	0.29	0.35	0.25	695
0.28	0.27	0.28	0.345	0.255	0.28	0.22	0.165	0.25	696
0.25	0.28	0.32	0.315	0.26	0.295	0.24	0.18	0.25	697
0.245	0.355	0.275	0.29	0.275	0.34	0.22	0.36	0.25	698
0.295	0.3	0.3	0.355	0.29	0.325	0.295	0.15	0.25	699
0.27	0.31	0.32	0.275	0.285	0.295	0.28	0.175	0.5	700
0.26	0.26	0.26	0.31	0.28	0.295	0.275	0.2	0.5	701
0.25	0.345	0.365	0.32	0.295	0.325	0.35	0.25	0.5	702
0.23	0.24	0.23	0.235	0.235	0.255	0.24	0.2	0.5	703
0.23	0.25	0.25	0.29	0.24	0.27	0.28	0.165	0.5	704
0.32	0.325	0.255	0.34	0.32	0.33	0.3	0.205	0.5	705
0.325	0.285	0.29	0.295	0.32	0.36	0.335	0.17	0.5	706
0.225	0.2	0.23	0.24	0.21	0.25	0.25	0.2	0.5	707
0.24	0.275	0.295	0.3	0.245	0.26	0.28	0.175	0.5	708
0.25	0.33	0.29	0.335	0.26	0.335	0.265	0.16	0.5	709
0.28	0.24	0.24	0.3	0.255	0.285	0.24	0.175	0.5	710
0.315	0.28	0.27	0.31	0.305	0.305	0.275	0.26	0.5	711
0.18	0.215	0.215	0.215	0.205	0.2	0.13	0.095	0.5	712
0.36	0.35	0.295	0.295	0.305	0.275	0.31	0.28	0.5	713
0.305	0.32	0.32	0.315	0.3	0.31	0.295	0.28	0.5	714
0.235	0.26	0.19	0.235	0.22	0.215	0.23	0.17	0.5	715
0.295	0.335	0.345	0.365	0.285	0.305	0.3	0.3	0.5	716
0.2	0.27	0.29	0.335	0.26	0.285	0.315	0.16	0.5	717
0.285	0.27	0.325	0.25	0.25	0.315	0.295	0.275	0.5	718
0.445	0.47	0.42	0.445	0.43	0.445	0.435	0.405	0.5	719
0.275	0.27	0.255	0.28	0.225	0.27	0.26	0.17	0.5	720
0.235	0.23	0.23	0.255	0.255	0.23	0.265	0.185	0.5	721
0.205	0.215	0.225	0.255	0.245	0.215	0.205	0.17	0.5	722
0.215	0.295	0.27	0.29	0.245	0.285	0.32	0.275	0.5	723
0.25	0.265	0.22	0.3	0.23	0.24	0.37	0.215	0.5	724
0.315	0.355	0.3	0.315	0.255	0.32	0.375	0.2	0.5	725
0.32	0.345	0.295	0.305	0.285	0.325	0.295	0.275	0.5	726
0.285	0.235	0.24	0.255	0.21	0.22	0.255	0.175	0.5	727
0.34	0.295	0.295	0.335	0.33	0.32	0.31	0.235	0.5	728
0.255	0.19	0.305	0.3	0.235	0.255	0.22	0.11	0.5	729
0.315	0.32	0.285	0.325	0.335	0.36	0.3	0.33	0.5	730
0.265	0.3	0.29	0.28	0.24	0.28	0.28	0.17	0.5	731
0.28	0.305	0.3	0.305	0.32	0.315	0.29	0.16	0.5	732
0.29	0.28	0.305	0.325	0.285	0.28	0.27	0.215	0.5	733
0.275	0.32	0.305	0.3	0.335	0.34	0.25	0.205	0.5	734
0.365	0.39	0.355	0.385	0.38	0.38	0.355	0.335	0.5	735
0.255	0.295	0.31	0.31	0.27	0.275	0.3	0.205	0.5	736
0.23	0.225	0.225	0.26	0.21	0.205	0.26	0.22	0.5	737
0.325	0.3	0.3	0.28	0.31	0.29	0.345	0.27	0.5	738
0.295	0.265	0.26	0.275	0.265	0.26	0.26	0.26	0.5	739
0.275	0.25	0.325	0.315	0.29	0.265	0.3	0.215	0.5	740
0.29	0.265	0.235	0.27	0.265	0.255	0.195	0.17	0.5	741
0.29	0.265	0.28	0.305	0.28	0.275	0.24	0.21	0.5	742
0.275	0.29	0.26	0.31	0.255	0.305	0.335	0.3	0.5	743
0.24	0.25	0.255	0.26	0.285	0.275	0.255	0.225	0.5	744
0.325	0.32	0.365	0.355	0.245	0.295	0.29	0.215	0.5	745
0.27	0.28	0.26	0.295	0.21	0.25	0.215	0.175	0.5	746
0.25	0.265	0.22	0.3	0.265	0.28	0.27	0.165	0.5	747
0.255	0.275	0.245	0.25	0.225	0.265	0.3	0.17	0.5	748
0.24	0.24	0.265	0.245	0.23	0.215	0.26	0.245	0.5	749
0.38	0.375	0.385	0.37	0.365	0.38	0.305	0.265	0.5	750
0.19	0.19	0.17	0.21	0.205	0.22	0.255	0.215	0.5	751
0.315	0.385	0.31	0.375	0.33	0.37	0.31	0.18	0.5	752
0.28	0.265	0.275	0.305	0.26	0.29	0.27	0.215	0.5	753
0.31	0.34	0.295	0.34	0.245	0.315	0.3	0.21	0.5	754
0.295	0.285	0.25	0.355	0.32	0.25	0.305	0.22	0.5	755
0.25	0.285	0.245	0.245	0.215	0.235	0.28	0.19	0.5	756
0.425	0.355	0.36	0.375	0.395	0.35	0.365	0.175	0.5	757
0.305	0.285	0.305	0.295	0.34	0.305	0.275	0.275	0.5	758
0.295	0.265	0.285	0.285	0.255	0.26	0.22	0.23	0.5	759
0.28	0.28	0.28	0.285	0.28	0.29	0.275	0.225	0.5	760
0.265	0.295	0.24	0.245	0.245	0.24	0.235	0.245	0.5	761
0.25	0.325	0.34	0.355	0.285	0.3	0.265	0.145	0.5	762
0.22	0.215	0.24	0.255	0.225	0.245	0.22	0.16	0.5	763
0.32	0.37	0.325	0.365	0.35	0.36	0.395	0.22	0.5	764
0.32	0.355	0.38	0.385	0.33	0.36	0.26	0.18	0.5	765
0.34	0.32	0.3	0.32	0.285	0.29	0.305	0.185	0.5	766
0.2	0.215	0.24	0.24	0.245	0.23	0.235	0.185	0.5	767
0.305	0.335	0.335	0.325	0.31	0.335	0.225	0.115	0.5	768
0.305	0.36	0.37	0.345	0.33	0.39	0.3	0.29	0.5	769
0.27	0.3	0.245	0.28	0.28	0.295	0.345	0.165	0.5	770
0.315	0.3	0.345	0.38	0.315	0.29	0.37	0.205	0.5	771
0.22	0.245	0.23	0.225	0.205	0.24	0.21	0.11	0.5	772
0.32	0.37	0.35	0.38	0.37	0.38	0.295	0.255	0.5	773
0.32	0.325	0.37	0.365	0.345	0.31	0.31	0.23	0.5	774
0.31	0.305	0.295	0.3	0.295	0.305	0.34	0.19	0.5	775
0.185	0.2	0.2	0.27	0.22	0.23	0.19	0.15	0.5	776
0.295	0.34	0.32	0.33	0.31	0.33	0.34	0.195	0.5	777
0.28	0.25	0.22	0.27	0.28	0.24	0.28	0.24	0.5	778
0.29	0.31	0.33	0.335	0.34	0.37	0.28	0.25	0.5	779
0.3	0.305	0.295	0.325	0.295	0.325	0.325	0.205	0.5	780
0.31	0.29	0.305	0.315	0.31	0.365	0.315	0.33	0.5	781
0.26	0.235	0.245	0.265	0.26	0.255	0.265	0.17	0.5	782
0.335	0.345	0.26	0.32	0.295	0.315	0.29	0.215	0.5	783
0.23	0.255	0.225	0.27	0.235	0.24	0.255	0.155	0.5	784
0.26	0.34	0.24	0.315	0.275	0.345	0.345	0.28	0.5	785
0.255	0.28	0.28	0.315	0.27	0.275	0.285	0.205	0.5	786
0.32	0.3	0.37	0.33	0.315	0.355	0.26	0.275	0.5	787
0.25	0.3	0.31	0.305	0.235	0.285	0.275	0.12	0.5	788
0.295	0.31	0.31	0.32	0.285	0.31	0.31	0.26	0.5	789
0.24	0.235	0.18	0.235	0.205	0.265	0.22	0.19	0.5	790
0.27	0.285	0.28	0.315	0.25	0.25	0.255	0.195	0.5	791
0.28	0.255	0.275	0.325	0.305	0.29	0.325	0.185	0.5	792
0.315	0.315	0.245	0.3	0.305	0.31	0.32	0.245	0.5	793
0.225	0.23	0.24	0.215	0.225	0.215	0.205	0.155	0.5	794
0.23	0.235	0.255	0.29	0.23	0.24	0.24	0.225	0.5	795
0.25	0.31	0.31	0.325	0.19	0.275	0.26	0.18	0.5	796
0.25	0.29	0.295	0.28	0.3	0.265	0.295	0.28	0.5	797
0.215	0.175	0.245	0.26	0.245	0.205	0.275	0.195	0.5	798
0.28	0.275	0.28	0.315	0.275	0.3	0.27	0.205	0.5	799
0.305	0.325	0.325	0.31	0.3	0.305	0.33	0.225	1.0	800
0.29	0.265	0.325	0.325	0.23	0.215	0.215	0.085	1.0	801
0.31	0.28	0.3	0.305	0.235	0.27	0.29	0.21	1.0	802
0.24	0.275	0.29	0.31	0.285	0.265	0.27	0.2	1.0	803
0.28	0.35	0.315	0.36	0.235	0.33	0.29	0.22	1.0	804
0.32	0.33	0.33	0.34	0.235	0.295	0.37	0.19	1.0	805
0.295	0.32	0.325	0.33	0.28	0.325	0.275	0.175	1.0	806
0.235	0.25	0.265	0.25	0.225	0.29	0.25	0.195	1.0	807
0.265	0.25	0.25	0.255	0.25	0.275	0.255	0.235	1.0	808
0.24	0.23	0.245	0.25	0.215	0.24	0.235	0.185	1.0	809
0.345	0.285	0.275	0.29	0.28	0.31	0.29	0.205	1.0	810
0.35	0.32	0.275	0.36	0.34	0.305	0.325	0.235	1.0	811
0.43	0.415	0.4	0.43	0.41	0.415	0.34	0.405	1.0	812
0.3	0.31	0.305	0.35	0.3	0.285	0.28	0.17	1.0	813
0.265	0.265	0.265	0.3	0.26	0.275	0.22	0.225	1.0	814
0.24	0.31	0.285	0.28	0.205	0.21	0.34	0.185	1.0	815
0.265	0.255	0.275	0.29	0.235	0.255	0.285	0.24	1.0	816
0.275	0.33	0.285	0.28	0.275	0.27	0.305	0.28	1.0	817
0.27	0.255	0.235	0.285	0.24	0.255	0.235	0.15	1.0	818
0.33	0.345	0.275	0.31	0.255	0.255	0.245	0.19	1.0	819
0.3	0.285	0.275	0.28	0.26	0.31	0.295	0.185	1.0	820
0.29	0.175	0.18	0.26	0.245	0.24	0.285	0.135	1.0	821
0.28	0.3	0.34	0.33	0.295	0.3	0.36	0.3	1.0	822
0.33	0.345	0.315	0.3	0.265	0.305	0.28	0.27	1.0	823
0.22	0.21	0.235	0.29	0.195	0.18	0.28	0.175	1.0	824
0.325	0.34	0.355	0.405	0.345	0.325	0.345	0.165	1.0	825
0.315	0.35	0.295	0.29	0.28	0.32	0.27	0.255	1.0	826
0.245	0.235	0.195	0.25	0.215	0.215	0.2	0.17	1.0	827
0.275	0.315	0.27	0.29	0.28	0.255	0.295	0.145	1.0	828
0.23	0.26	0.315	0.32	0.25	0.245	0.31	0.225	1.0	829
0.2	0.25	0.295	0.335	0.265	0.265	0.295	0.26	1.0	830
0.305	0.295	0.305	0.345	0.235	0.285	0.315	0.21	1.0	831
0.22	0.29	0.275	0.255	0.26	0.23	0.26	0.165	1.0	832
0.22	0.285	0.275	0.315	0.29	0.3	0.255	0.155	1.0	833
0.315	0.325	0.355	0.34	0.235	0.33	0.26	0.295	1.0	834
0.21	0.295	0.26	0.275	0.23	0.27	0.28	0.24	1.0	835
0.29	0.305	0.3	0.335	0.265	0.285	0.395	0.25	1.0	836
0.4	0.425	0.375	0.39	0.34	0.345	0.34	0.33	1.0	837
0.25	0.27	0.285	0.295	0.23	0.27	0.23	0.235	1.0	838
0.28	0.275	0.265	0.36	0.29	0.295	0.245	0.275	1.0	839
0.305	0.26	0.265	0.29	0.21	0.26	0.26	0.175	1.0	840
0.265	0.265	0.285	0.315	0.27	0.23	0.235	0.165	1.0	841
0.25	0.255	0.22	0.29	0.22	0.225	0.21	0.14	1.0	842
0.47	0.42	0.375	0.47	0.425	0.455	0.37	0.325	1.0	843
0.335	0.28	0.31	0.295	0.3	0.29	0.28	0.27	1.0	844
0.41	0.37	0.35	0.425	0.385	0.355	0.36	0.31	1.0	845
0.37	0.405	0.36	0.38	0.355	0.405	0.35	0.24	1.0	846
0.31	0.3	0.265	0.28	0.26	0.295	0.255	0.135	1.0	847
0.255	0.3	0.26	0.315	0.28	0.28	0.275	0.18	1.0	848
0.215	0.2	0.215	0.255	0.22	0.215	0.22	0.2	1.0	849
0.195	0.235	0.205	0.205	0.255	0.205	0.24	0.19	1.0	850
0.25	0.235	0.185	0.245	0.23	0.255	0.215	0.145	1.0	851
0.31	0.285	0.29	0.33	0.285	0.325	0.32	0.24	1.0	852
0.325	0.275	0.33	0.33	0.265	0.315	0.31	0.18	1.0	853
0.28	0.24	0.255	0.27	0.185	0.235	0.28	0.13	1.0	854
0.235	0.34	0.3	0.335	0.215	0.215	0.345	0.19	1.0	855
0.275	0.255	0.28	0.295	0.24	0.27	0.25	0.165	1.0	856
0.275	0.275	0.29	0.3	0.29	0.3	0.285	0.22	1.0	857
0.215	0.28	0.195	0.315	0.19	0.205	0.28	0.22	1.0	858
0.16	0.23	0.245	0.225	0.175	0.185	0.21	0.19	1.0	859
0.345	0.345	0.365	0.415	0.295	0.335	0.335	0.2	1.0	860
0.22	0.25	0.235	0.3	0.215	0.25	0.265	0.25	1.0	861
0.335	0.305	0.26	0.295	0.295	0.325	0.28	0.3	1.0	862
0.165	0.195	0.18	0.195	0.185	0.205	0.215	0.19	1.0	863
0.21	0.24	0.225	0.25	0.225	0.25	0.3	0.195	1.0	864
0.3	0.275	0.39	0.375	0.295	0.33	0.3	0.285	1.0	865
0.345	0.295	0.305	0.295	0.3	0.28	0.34	0.215	1.0	866
0.3	0.3	0.325	0.355	0.265	0.29	0.29	0.13	1.0	867
0.29	0.315	0.31	0.345	0.37	0.345	0.35	0.255	1.0	868
0.285	0.32	0.27	0.29	0.245	0.265	0.295	0.175	1.0	869
0.295	0.325	0.34	0.37	0.285	0.305	0.36	0.22	1.0	870
0.27	0.295	0.305	0.335	0.25	0.31	0.29	0.14	1.0	871
0.275	0.3	0.295	0.315	0.195	0.265	0.22	0.16	1.0	872
0.19	0.2	0.18	0.215	0.195	0.17	0.225	0.255	1.0	873
0.215	0.235	0.18	0.26	0.2	0.245	0.215	0.185	1.0	874
0.265	0.25	0.275	0.315	0.2	0.25	0.275	0.145	1.0	875
0.3	0.37	0.335	0.355	0.25	0.3	0.255	0.265	1.0	876
0.205	0.22	0.19	0.215	0.185	0.205	0.21	0.22	1.0	877
0.36	0.36	0.37	0.39	0.32	0.32	0.38	0.315	1.0	878
0.34	0.34	0.29	0.33	0.315	0.33	0.295	0.185	1.0	879
0.295	0.305	0.285	0.33	0.335	0.31	0.29	0.275	1.0	880
0.32	0.32	0.335	0.325	0.305	0.3	0.3	0.195	1.0	881
0.27	0.335	0.25	0.325	0.25	0.265	0.235	0.16	1.0	882
0.23	0.22	0.25	0.255	0.23	0.205	0.3	0.15	1.0	883
0.265	0.24	0.245	0.285	0.255	0.255	0.245	0.225	1.0	884
0.235	0.225	0.285	0.305	0.205	0.265	0.33	0.23	1.0	885
0.31	0.295	0.275	0.29	0.29	0.3	0.305	0.26	1.0	886
0.29	0.305	0.25	0.26	0.265	0.255	0.28	0.185	1.0	887
0.225	0.25	0.185	0.22	0.23	0.265	0.28	0.2	1.0	888
0.21	0.25	0.245	0.285	0.225	0.255	0.225	0.13	1.0	889
0.245	0.3	0.335	0.36	0.235	0.265	0.365	0.195	1.0	890
0.26	0.245	0.315	0.32	0.195	0.255	0.285	0.205	1.0	891
0.27	0.305	0.195	0.295	0.23	0.235	0.305	0.16	1.0	892
0.245	0.25	0.22	0.255	0.24	0.25	0.305	0.215	1.0	893
0.2	0.25	0.255	0.24	0.305	0.265	0.29	0.17	1.0	894
0.295	0.305	0.285	0.275	0.245	0.23	0.315	0.24	1.0	895
0.245	0.28	0.24	0.265	0.19	0.26	0.23	0.215	1.0	896
0.375	0.315	0.35	0.375	0.37	0.36	0.3	0.145	1.0	897
0.26	0.33	0.315	0.335	0.265	0.28	0.26	0.19	1.0	898
0.31	0.35	0.33	0.365	0.34	0.305	0.37	0.28	1.0	899
0.2	0.26	0.2	0.255	0.2	0.23	0.265	0.145	2.0	900
0.255	0.245	0.235	0.26	0.245	0.225	0.205	0.165	2.0	901
0.32	0.31	0.295	0.31	0.315	0.3	0.3	0.235	2.0	902
0.355	0.285	0.25	0.275	0.26	0.25	0.33	0.19	2.0	903
0.275	0.19	0.225	0.225	0.165	0.195	0.245	0.145	2.0	904
0.41	0.34	0.385	0.415	0.31	0.305	0.37	0.27	2.0	905
0.225	0.235	0.24	0.235	0.265	0.25	0.295	0.16	2.0	906
0.24	0.205	0.265	0.295	0.225	0.195	0.265	0.2	2.0	907
0.26	0.25	0.28	0.27	0.23	0.215	0.23	0.18	2.0	908
0.23	0.21	0.22	0.24	0.205	0.25	0.25	0.155	2.0	909
0.295	0.305	0.255	0.285	0.26	0.25	0.29	0.13	2.0	910
0.225	0.17	0.19	0.21	0.17	0.15	0.22	0.225	2.0	911
0.185	0.22	0.26	0.205	0.17	0.22	0.265	0.105	2.0	912
0.305	0.225	0.31	0.315	0.225	0.235	0.335	0.21	2.0	913
0.225	0.24	0.21	0.24	0.225	0.245	0.28	0.21	2.0	914
0.275	0.28	0.325	0.34	0.27	0.255	0.25	0.24	2.0	915
0.235	0.195	0.19	0.23	0.185	0.2	0.225	0.145	2.0	916
0.3	0.32	0.31	0.335	0.32	0.32	0.285	0.205	2.0	917
0.295	0.245	0.265	0.31	0.25	0.28	0.355	0.205	2.0	918
0.215	0.245	0.175	0.22	0.165	0.19	0.245	0.17	2.0	919
0.325	0.24	0.29	0.3	0.235	0.25	0.285	0.18	2.0	920
0.395	0.4	0.395	0.37	0.42	0.38	0.405	0.24	2.0	921
0.275	0.255	0.285	0.29	0.27	0.235	0.26	0.115	2.0	922
0.265	0.245	0.235	0.26	0.22	0.225	0.295	0.14	2.0	923
0.245	0.285	0.28	0.29	0.235	0.29	0.265	0.195	2.0	924
0.21	0.215	0.24	0.25	0.185	0.2	0.24	0.17	2.0	925
0.285	0.275	0.305	0.28	0.285	0.285	0.175	0.21	2.0	926
0.265	0.25	0.255	0.28	0.235	0.21	0.25	0.115	2.0	927
0.245	0.24	0.22	0.215	0.205	0.245	0.24	0.175	2.0	928
0.34	0.365	0.315	0.34	0.265	0.36	0.305	0.215	2.0	929
0.215	0.225	0.245	0.265	0.26	0.205	0.3	0.18	2.0	930
0.345	0.35	0.285	0.38	0.275	0.315	0.335	0.185	2.0	931
0.215	0.245	0.235	0.31	0.26	0.255	0.295	0.155	2.0	932
0.26	0.31	0.3	0.315	0.29	0.29	0.29	0.175	2.0	933
0.31	0.33	0.29	0.325	0.255	0.295	0.34	0.265	2.0	934
0.24	0.205	0.2	0.215	0.235	0.225	0.22	0.17	2.0	935
0.225	0.205	0.225	0.225	0.21	0.175	0.24	0.175	2.0	936
0.345	0.31	0.345	0.325	0.3	0.315	0.265	0.275	2.0	937
0.285	0.315	0.295	0.295	0.275	0.31	0.23	0.185	2.0	938
0.25	0.285	0.275	0.25	0.275	0.265	0.23	0.19	2.0	939
0.295	0.27	0.31	0.29	0.27	0.275	0.295	0.135	2.0	940
0.27	0.29	0.295	0.28	0.245	0.265	0.3	0.215	2.0	941
0.315	0.325	0.305	0.335	0.245	0.27	0.255	0.23	2.0	942
0.18	0.19	0.21	0.25	0.16	0.26	0.2	0.155	2.0	943
0.25	0.295	0.33	0.34	0.33	0.35	0.33	0.17	2.0	944
0.18	0.31	0.275	0.265	0.29	0.28	0.315	0.25	2.0	945
0.275	0.245	0.2	0.265	0.21	0.25	0.275	0.105	2.0	946
0.19	0.215	0.225	0.2	0.15	0.205	0.19	0.155	2.0	947
0.225	0.235	0.29	0.31	0.275	0.235	0.24	0.14	2.0	948
0.33	0.315	0.325	0.3	0.205	0.27	0.28	0.17	2.0	949
0.37	0.375	0.33	0.355	0.345	0.345	0.3	0.13	2.0	950
0.205	0.21	0.24	0.22	0.215	0.21	0.21	0.18	2.0	951
0.24	0.24	0.22	0.24	0.23	0.25	0.21	0.22	2.0	952
0.275	0.27	0.29	0.275	0.29	0.285	0.29	0.285	2.0	953
0.22	0.24	0.185	0.225	0.21	0.21	0.215	0.17	2.0	954
0.195	0.24	0.19	0.245	0.235	0.22	0.22	0.205	2.0	955
0.28	0.26	0.225	0.235	0.255	0.21	0.28	0.155	2.0	956
0.2	0.225	0.285	0.255	0.195	0.23	0.23	0.135	2.0	957
0.22	0.16	0.175	0.22	0.145	0.175	0.23	0.185	2.0	958
0.205	0.235	0.16	0.265	0.205	0.215	0.22	0.15	2.0	959
0.315	0.3	0.33	0.355	0.26	0.34	0.375	0.17	2.0	960
0.275	0.26	0.26	0.28	0.285	0.285	0.3	0.195	2.0	961
0.21	0.245	0.265	0.25	0.185	0.205	0.26	0.175	2.0	962
0.22	0.27	0.24	0.265	0.22	0.27	0.31	0.175	2.0	963
0.275	0.26	0.275	0.32	0.235	0.265	0.32	0.13	2.0	964
0.35	0.36	0.34	0.385	0.33	0.33	0.32	0.335	2.0	965
0.24	0.23	0.23	0.27	0.185	0.24	0.295	0.105	2.0	966
0.285	0.3	0.31	0.315	0.225	0.25	0.32	0.14	2.0	967
0.21	0.225	0.225	0.26	0.27	0.235	0.25	0.165	2.0	968
0.3	0.265	0.29	0.32	0.235	0.295	0.25	0.24	2.0	969
0.33	0.335	0.335	0.345	0.27	0.345	0.275	0.275	2.0	970
0.255	0.3	0.265	0.285	0.245	0.265	0.275	0.18	2.0	971
0.34	0.375	0.355	0.38	0.29	0.305	0.33	0.18	2.0	972
0.205	0.225	0.235	0.19	0.26	0.265	0.24	0.165	2.0	973
0.225	0.275	0.23	0.265	0.255	0.245	0.27	0.17	2.0	974
0.3	0.305	0.25	0.3	0.265	0.275	0.29	0.28	2.0	975
0.22	0.21	0.27	0.215	0.235	0.225	0.3	0.28	2.0	976
0.265	0.275	0.27	0.29	0.235	0.26	0.27	0.235	2.0	977
0.3	0.28	0.29	0.26	0.28	0.285	0.295	0.19	2.0	978
0.19	0.21	0.25	0.25	0.2	0.225	0.255	0.165	2.0	979
0.26	0.255	0.275	0.345	0.25	0.27	0.29	0.11	2.0	980
0.23	0.245	0.225	0.295	0.195	0.275	0.27	0.155	2.0	981
0.145	0.205	0.155	0.225	0.18	0.18	0.23	0.145	2.0	982
0.305	0.275	0.26	0.27	0.26	0.265	0.165	0.115	2.0	983
0.21	0.215	0.25	0.235	0.205	0.245	0.22	0.205	2.0	984
0.315	0.31	0.31	0.295	0.27	0.32	0.305	0.19	2.0	985
0.235	0.27	0.245	0.285	0.245	0.265	0.22	0.14	2.0	986
0.32	0.325	0.315	0.345	0.255	0.275	0.31	0.155	2.0	987
0.235	0.2	0.19	0.21	0.175	0.205	0.215	0.15	2.0	988
0.31	0.285	0.255	0.26	0.22	0.285	0.275	0.245	2.0	989
0.22	0.295	0.28	0.295	0.305	0.275	0.23	0.185	2.0	990
0.21	0.285	0.27	0.31	0.26	0.25	0.325	0.16	2.0	991
0.325	0.295	0.285	0.335	0.3	0.33	0.305	0.28	2.0	992
0.165	0.23	0.215	0.215	0.215	0.195	0.175	0.2	2.0	993
0.255	0.29	0.285	0.305	0.305	0.31	0.285	0.155	2.0	994
0.22	0.22	0.245	0.285	0.21	0.21	0.215	0.11	2.0	995
0.23	0.225	0.245	0.235	0.21	0.215	0.26	0.18	2.0	996
0.335	0.39	0.365	0.415	0.3	0.29	0.305	0.195	2.0	997
0.255	0.27	0.23	0.255	0.22	0.195	0.305	0.135	2.0	998
0.305	0.29	0.305	0.295	0.23	0.25	0.27	0.15	2.0	999
0.25	0.24	0.255	0.305	0.16	0.215	0.2	0.185	4.0	1000
0.235	0.225	0.24	0.25	0.23	0.23	0.24	0.215	4.0	1001
0.21	0.185	0.205	0.22	0.22	0.24	0.325	0.2	4.0	1002
0.25	0.22	0.235	0.315	0.205	0.24	0.24	0.12	4.0	1003
0.18	0.25	0.175	0.24	0.185	0.24	0.26	0.105	4.0	1004
0.22	0.235	0.26	0.265	0.2	0.22	0.265	0.18	4.0	1005
0.225	0.185	0.205	0.215	0.215	0.175	0.185	0.12	4.0	1006
0.315	0.32	0.275	0.3	0.245	0.295	0.26	0.075	4.0	1007
0.3	0.265	0.33	0.3	0.275	0.275	0.27	0.12	4.0	1008
0.31	0.28	0.3	0.295	0.235	0.225	0.255	0.165	4.0	1009
0.23	0.21	0.205	0.225	0.245	0.215	0.26	0.175	4.0	1010
0.18	0.35	0.345	0.35	0.23	0.265	0.295	0.145	4.0	1011
0.14	0.165	0.145	0.215	0.165	0.2	0.2	0.165	4.0	1012
0.285	0.26	0.29	0.315	0.13	0.23	0.24	0.18	4.0	1013
0.245	0.215	0.225	0.245	0.15	0.23	0.23	0.095	4.0	1014
0.15	0.21	0.24	0.235	0.205	0.2	0.24	0.2	4.0	1015
0.265	0.285	0.32	0.31	0.305	0.3	0.28	0.14	4.0	1016
0.25	0.255	0.195	0.315	0.245	0.25	0.3	0.15	4.0	1017
0.255	0.23	0.285	0.255	0.255	0.26	0.26	0.21	4.0	1018
0.255	0.26	0.255	0.25	0.295	0.25	0.27	0.095	4.0	1019
0.275	0.225	0.23	0.245	0.175	0.195	0.235	0.18	4.0	1020
0.28	0.23	0.24	0.23	0.225	0.225	0.27	0.1	4.0	1021
0.25	0.265	0.25	0.305	0.175	0.245	0.26	0.16	4.0	1022
0.215	0.21	0.255	0.225	0.205	0.185	0.26	0.205	4.0	1023
0.215	0.205	0.275	0.245	0.16	0.18	0.205	0.155	4.0	1024
0.17	0.185	0.195	0.16	0.175	0.175	0.18	0.11	4.0	1025
0.255	0.255	0.28	0.305	0.24	0.24	0.33	0.225	4.0	1026
0.225	0.205	0.205	0.24	0.14	0.175	0.215	0.2	4.0	1027
0.35	0.34	0.29	0.355	0.315	0.31	0.315	0.275	4.0	1028
0.3	0.325	0.36	0.34	0.33	0.335	0.33	0.245	4.0	1029
0.24	0.235	0.24	0.245	0.185	0.205	0.27	0.215	4.0	1030
0.2	0.23	0.235	0.205	0.15	0.22	0.255	0.09	4.0	1031
0.305	0.31	0.24	0.245	0.245	0.27	0.29	0.16	4.0	1032
0.345	0.345	0.3	0.335	0.25	0.3	0.355	0.115	4.0	1033
0.24	0.295	0.29	0.3	0.22	0.27	0.255	0.15	4.0	1034
0.305	0.27	0.28	0.32	0.245	0.245	0.27	0.175	4.0	1035
0.235	0.24	0.225	0.225	0.23	0.205	0.25	0.16	4.0	1036
0.165	0.215	0.185	0.21	0.15	0.215	0.235	0.16	4.0	1037
0.28	0.25	0.27	0.305	0.27	0.285	0.22	0.255	4.0	1038
0.295	0.25	0.215	0.25	0.22	0.205	0.34	0.145	4.0	1039
0.225	0.235	0.255	0.255	0.225	0.23	0.315	0.205	4.0	1040
0.255	0.25	0.235	0.245	0.24	0.265	0.215	0.17	4.0	1041
0.295	0.285	0.315	0.335	0.25	0.295	0.3	0.28	4.0	1042
0.31	0.265	0.26	0.295	0.245	0.215	0.245	0.195	4.0	1043
0.225	0.255	0.21	0.23	0.185	0.265	0.24	0.175	4.0	1044
0.27	0.285	0.24	0.29	0.205	0.24	0.315	0.195	4.0	1045
0.315	0.345	0.305	0.31	0.325	0.335	0.38	0.31	4.0	1046
0.25	0.255	0.275	0.28	0.245	0.27	0.275	0.265	4.0	1047
0.145	0.205	0.23	0.23	0.18	0.175	0.23	0.165	4.0	1048
0.325	0.305	0.345	0.325	0.265	0.25	0.24	0.15	4.0	1049
0.265	0.31	0.25	0.285	0.255	0.295	0.26	0.235	4.0	1050
0.24	0.24	0.32	0.3	0.285	0.255	0.355	0.185	4.0	1051
0.2	0.225	0.225	0.245	0.19	0.215	0.205	0.165	4.0	1052
0.27	0.275	0.235	0.265	0.26	0.25	0.27	0.12	4.0	1053
0.26	0.285	0.18	0.255	0.22	0.25	0.24	0.13	4.0	1054
0.335	0.335	0.305	0.35	0.345	0.335	0.275	0.185	4.0	1055
0.285	0.26	0.285	0.28	0.255	0.265	0.28	0.165	4.0	1056
0.24	0.27	0.195	0.225	0.215	0.225	0.2	0.165	4.0	1057
0.355	0.27	0.28	0.285	0.265	0.285	0.305	0.24	4.0	1058
0.205	0.19	0.18	0.21	0.15	0.23	0.2	0.12	4.0	1059
0.3	0.305	0.315	0.32	0.245	0.285	0.265	0.295	4.0	1060
0.215	0.235	0.265	0.285	0.275	0.26	0.2	0.18	4.0	1061
0.2	0.225	0.22	0.255	0.26	0.265	0.3	0.105	4.0	1062
0.235	0.26	0.23	0.255	0.18	0.255	0.265	0.145	4.0	1063
0.295	0.25	0.27	0.245	0.255	0.26	0.245	0.14	4.0	1064
0.3	0.25	0.235	0.29	0.235	0.24	0.275	0.21	4.0	1065
0.275	0.28	0.245	0.265	0.265	0.275	0.225	0.165	4.0	1066
0.19	0.17	0.17	0.2	0.195	0.185	0.21	0.14	4.0	1067
0.185	0.15	0.19	0.2	0.135	0.17	0.195	0.2	4.0	1068
0.205	0.225	0.255	0.25	0.225	0.25	0.245	0.15	4.0	1069
0.33	0.32	0.335	0.335	0.275	0.31	0.275	0.22	4.0	1070
0.245	0.195	0.24	0.265	0.225	0.215	0.24	0.17	4.0	1071
0.26	0.265	0.3	0.325	0.24	0.25	0.245	0.195	4.0	1072
0.32	0.325	0.325	0.315	0.265	0.25	0.32	0.19	4.0	1073
0.235	0.25	0.175	0.215	0.215	0.23	0.285	0.18	4.0	1074
0.31	0.26	0.275	0.335	0.165	0.2	0.24	0.18	4.0	1075
0.175	0.225	0.195	0.26	0.195	0.24	0.235	0.16	4.0	1076
0.235	0.27	0.23	0.27	0.23	0.215	0.25	0.13	4.0	1077
0.31	0.33	0.325	0.325	0.29	0.285	0.295	0.155	4.0	1078
0.24	0.28	0.26	0.235	0.275	0.27	0.275	0.17	4.0	1079
0.265	0.255	0.205	0.275	0.23	0.27	0.24	0.135	4.0	1080
0.27	0.265	0.24	0.23	0.19	0.245	0.215	0.135	4.0	1081
0.235	0.235	0.24	0.31	0.215	0.235	0.24	0.195	4.0	1082
0.27	0.215	0.21	0.245	0.185	0.25	0.205	0.195	4.0	1083
0.29	0.295	0.29	0.3	0.22	0.255	0.275	0.16	4.0	1084
0.24	0.25	0.245	0.29	0.21	0.225	0.25	0.135	4.0	1085
0.245	0.275	0.255	0.25	0.255	0.22	0.21	0.21	4.0	1086
0.32	0.36	0.32	0.365	0.3	0.35	0.35	0.31	4.0	1087
0.165	0.215	0.205	0.235	0.18	0.225	0.28	0.215	4.0	1088
0.28	0.21	0.255	0.285	0.215	0.235	0.305	0.13	4.0	1089
0.205	0.22	0.205	0.19	0.215	0.195	0.2	0.135	4.0	1090
0.275	0.265	0.275	0.295	0.28	0.3	0.215	0.25	4.0	1091
0.28	0.28	0.315	0.295	0.3	0.245	0.275	0.2	4.0	1092
0.3	0.29	0.3	0.32	0.27	0.27	0.35	0.17	4.0	1093
0.435	0.38	0.35	0.435	0.275	0.275	0.415	0.1	4.0	1094
0.185	0.26	0.24	0.225	0.245	0.25	0.225	0.155	4.0	1095
0.26	0.23	0.235	0.26	0.24	0.215	0.26	0.155	4.0	1096
0.19	0.195	0.26	0.26	0.19	0.185	0.225	0.15	4.0	1097
0.225	0.255	0.23	0.26	0.195	0.19	0.305	0.175	4.0	1098
0.185	0.225	0.145	0.215	0.17	0.205	0.165	0.215	4.0	1099
