sklearn_dt	sklearn_rf	product_dt	product_rf	tangent_dt	tangent_rf	knn	ps_perceptron	signature	seed
0.31	0.345	0.285	0.365	0.315	0.34	0.39	0.165	HH	0
0.375	0.36	0.335	0.395	0.34	0.355	0.39	0.085	HH	1
0.3	0.335	0.325	0.31	0.33	0.285	0.375	0.215	HH	2
0.355	0.41	0.4	0.4	0.36	0.385	0.38	0.155	HH	3
0.32	0.315	0.305	0.355	0.31	0.345	0.4	0.17	HH	4
0.385	0.365	0.305	0.425	0.315	0.36	0.465	0.21	HH	5
0.3	0.345	0.325	0.38	0.315	0.365	0.49	0.165	HH	6
0.27	0.325	0.295	0.375	0.28	0.375	0.445	0.205	HH	7
0.33	0.4	0.285	0.35	0.315	0.3	0.45	0.19	HH	8
0.32	0.37	0.325	0.365	0.35	0.345	0.43	0.17	HH	9
0.355	0.38	0.285	0.285	0.385	0.4	0.4	0.12	HH	10
0.26	0.315	0.25	0.325	0.235	0.33	0.405	0.105	HH	11
0.42	0.415	0.37	0.39	0.37	0.37	0.435	0.265	HH	12
0.26	0.36	0.345	0.375	0.315	0.33	0.37	0.15	HH	13
0.265	0.36	0.21	0.385	0.26	0.4	0.475	0.125	HH	14
0.31	0.32	0.335	0.36	0.28	0.36	0.365	0.135	HH	15
0.34	0.445	0.42	0.445	0.36	0.425	0.49	0.11	HH	16
0.295	0.33	0.365	0.44	0.275	0.32	0.4	0.13	HH	17
0.35	0.37	0.365	0.43	0.37	0.42	0.43	0.34	HH	18
0.305	0.33	0.295	0.38	0.285	0.325	0.41	0.115	HH	19
0.33	0.355	0.35	0.39	0.335	0.38	0.415	0.15	HH	20
0.275	0.29	0.285	0.335	0.295	0.265	0.335	0.12	HH	21
0.455	0.465	0.41	0.435	0.45	0.455	0.515	0.085	HH	22
0.37	0.36	0.355	0.355	0.36	0.345	0.39	0.085	HH	23
0.345	0.28	0.32	0.38	0.335	0.385	0.425	0.14	HH	24
0.275	0.38	0.32	0.36	0.265	0.325	0.4	0.155	HH	25
0.325	0.34	0.325	0.43	0.36	0.32	0.43	0.215	HH	26
0.3	0.35	0.325	0.34	0.31	0.32	0.41	0.16	HH	27
0.36	0.37	0.33	0.385	0.3	0.365	0.36	0.115	HH	28
0.335	0.29	0.305	0.33	0.305	0.32	0.44	0.295	HH	29
0.23	0.28	0.26	0.29	0.26	0.28	0.35	0.19	HH	30
0.345	0.43	0.345	0.385	0.325	0.4	0.425	0.135	HH	31
0.41	0.41	0.365	0.43	0.415	0.38	0.435	0.105	HH	32
0.22	0.25	0.26	0.3	0.235	0.275	0.335	0.195	HH	33
0.235	0.245	0.22	0.295	0.24	0.295	0.34	0.15	HH	34
0.37	0.43	0.395	0.42	0.415	0.43	0.445	0.125	HH	35
0.305	0.295	0.29	0.36	0.32	0.315	0.42	0.17	HH	36
0.25	0.31	0.33	0.385	0.26	0.345	0.46	0.13	HH	37
0.245	0.31	0.22	0.29	0.26	0.38	0.405	0.085	HH	38
0.285	0.335	0.31	0.345	0.335	0.36	0.385	0.105	HH	39
0.275	0.34	0.3	0.33	0.275	0.355	0.4	0.1	HH	40
0.29	0.265	0.25	0.32	0.215	0.29	0.41	0.155	HH	41
0.295	0.35	0.28	0.355	0.285	0.32	0.325	0.105	HH	42
0.37	0.36	0.365	0.42	0.335	0.37	0.37	0.16	HH	43
0.3	0.31	0.405	0.375	0.335	0.35	0.41	0.165	HH	44
0.34	0.33	0.355	0.405	0.365	0.39	0.465	0.09	HH	45
0.29	0.315	0.315	0.32	0.23	0.305	0.385	0.155	HH	46
0.38	0.4	0.37	0.41	0.365	0.395	0.435	0.085	HH	47
0.25	0.29	0.285	0.315	0.26	0.305	0.36	0.165	HH	48
0.24	0.29	0.235	0.27	0.255	0.275	0.365	0.16	HH	49
0.35	0.455	0.34	0.4	0.315	0.42	0.425	0.175	HH	50
0.4	0.39	0.415	0.44	0.39	0.475	0.505	0.29	HH	51
0.38	0.38	0.35	0.44	0.41	0.415	0.545	0.185	HH	52
0.305	0.315	0.295	0.3	0.29	0.335	0.315	0.2	HH	53
0.37	0.385	0.45	0.495	0.35	0.455	0.475	0.12	HH	54
0.33	0.325	0.235	0.395	0.3	0.35	0.425	0.18	HH	55
0.33	0.39	0.33	0.41	0.33	0.345	0.375	0.19	HH	56
0.355	0.355	0.41	0.375	0.41	0.37	0.43	0.3	HH	57
0.36	0.37	0.28	0.325	0.325	0.34	0.41	0.095	HH	58
0.35	0.335	0.315	0.415	0.315	0.36	0.365	0.11	HH	59
0.3	0.335	0.265	0.355	0.305	0.36	0.42	0.125	HH	60
0.315	0.315	0.335	0.35	0.335	0.305	0.375	0.115	HH	61
0.26	0.285	0.275	0.325	0.29	0.3	0.35	0.145	HH	62
0.3	0.33	0.325	0.38	0.3	0.37	0.385	0.135	HH	63
0.335	0.36	0.39	0.435	0.36	0.355	0.48	0.085	HH	64
0.36	0.365	0.285	0.4	0.31	0.38	0.42	0.17	HH	65
0.34	0.385	0.325	0.375	0.305	0.375	0.455	0.125	HH	66
0.33	0.405	0.375	0.42	0.4	0.45	0.505	0.265	HH	67
0.345	0.43	0.415	0.465	0.4	0.44	0.56	0.13	HH	68
0.38	0.46	0.345	0.41	0.345	0.44	0.47	0.205	HH	69
0.28	0.355	0.26	0.32	0.29	0.33	0.355	0.18	HH	70
0.27	0.29	0.285	0.365	0.29	0.29	0.41	0.13	HH	71
0.33	0.345	0.335	0.36	0.285	0.375	0.46	0.14	HH	72
0.18	0.25	0.245	0.345	0.23	0.275	0.275	0.125	HH	73
0.26	0.3	0.285	0.325	0.33	0.325	0.425	0.275	HH	74
0.38	0.415	0.46	0.47	0.415	0.445	0.495	0.14	HH	75
0.285	0.28	0.285	0.34	0.27	0.31	0.38	0.13	HH	76
0.265	0.325	0.31	0.335	0.315	0.35	0.385	0.13	HH	77
0.23	0.245	0.255	0.31	0.28	0.275	0.425	0.17	HH	78
0.225	0.22	0.235	0.195	0.22	0.225	0.37	0.15	HH	79
0.335	0.33	0.365	0.345	0.345	0.365	0.505	0.14	HH	80
0.4	0.4	0.31	0.39	0.39	0.415	0.435	0.17	HH	81
0.325	0.33	0.33	0.31	0.325	0.345	0.32	0.14	HH	82
0.305	0.275	0.325	0.325	0.295	0.31	0.4	0.16	HH	83
0.275	0.35	0.35	0.385	0.265	0.38	0.415	0.12	HH	84
0.3	0.25	0.205	0.295	0.275	0.285	0.35	0.21	HH	85
0.27	0.285	0.28	0.31	0.305	0.26	0.375	0.165	HH	86
0.29	0.295	0.285	0.31	0.315	0.33	0.38	0.135	HH	87
0.26	0.31	0.325	0.335	0.285	0.295	0.38	0.18	HH	88
0.38	0.37	0.415	0.42	0.335	0.43	0.42	0.34	HH	89
0.335	0.375	0.325	0.37	0.32	0.37	0.415	0.305	HH	90
0.365	0.405	0.405	0.45	0.325	0.425	0.455	0.145	HH	91
0.34	0.38	0.36	0.415	0.335	0.32	0.415	0.1	HH	92
0.34	0.335	0.36	0.425	0.35	0.37	0.45	0.13	HH	93
0.315	0.305	0.32	0.36	0.305	0.34	0.345	0.15	HH	94
0.26	0.36	0.295	0.375	0.335	0.33	0.4	0.105	HH	95
0.3	0.33	0.31	0.37	0.29	0.36	0.51	0.14	HH	96
0.4	0.48	0.43	0.465	0.425	0.46	0.505	0.12	HH	97
0.31	0.295	0.27	0.31	0.31	0.3	0.395	0.155	HH	98
0.405	0.43	0.4	0.42	0.4	0.42	0.475	0.15	HH	99
0.31	0.345	0.31	0.37	0.27	0.37	0.4	0.16	HE	100
0.26	0.27	0.305	0.33	0.275	0.29	0.4	0.175	HE	101
0.255	0.305	0.29	0.3	0.22	0.325	0.3	0.265	HE	102
0.345	0.39	0.35	0.44	0.345	0.395	0.38	0.185	HE	103
0.275	0.35	0.285	0.37	0.205	0.33	0.32	0.235	HE	104
0.31	0.375	0.325	0.365	0.305	0.345	0.415	0.265	HE	105
0.345	0.345	0.3	0.385	0.34	0.35	0.43	0.175	HE	106
0.26	0.3	0.305	0.29	0.305	0.325	0.33	0.175	HE	107
0.345	0.39	0.35	0.41	0.35	0.4	0.405	0.195	HE	108
0.34	0.37	0.32	0.365	0.295	0.385	0.405	0.17	HE	109
0.345	0.365	0.385	0.375	0.35	0.39	0.455	0.175	HE	110
0.355	0.395	0.33	0.38	0.295	0.4	0.395	0.33	HE	111
0.275	0.275	0.265	0.33	0.29	0.29	0.415	0.135	HE	112
0.34	0.335	0.35	0.385	0.36	0.36	0.435	0.2	HE	113
0.37	0.405	0.37	0.46	0.28	0.35	0.44	0.18	HE	114
0.255	0.375	0.325	0.35	0.325	0.34	0.355	0.11	HE	115
0.385	0.43	0.38	0.405	0.39	0.44	0.435	0.315	HE	116
0.295	0.355	0.38	0.365	0.365	0.33	0.43	0.215	HE	117
0.215	0.255	0.215	0.34	0.205	0.27	0.415	0.14	HE	118
0.31	0.27	0.305	0.265	0.315	0.265	0.415	0.185	HE	119
0.325	0.34	0.35	0.36	0.33	0.345	0.35	0.315	HE	120
0.265	0.325	0.305	0.34	0.26	0.33	0.365	0.19	HE	121
0.375	0.375	0.36	0.38	0.35	0.36	0.41	0.25	HE	122
0.325	0.37	0.3	0.36	0.33	0.38	0.385	0.28	HE	123
0.255	0.33	0.315	0.34	0.265	0.305	0.375	0.215	HE	124
0.315	0.335	0.335	0.385	0.305	0.36	0.38	0.21	HE	125
0.335	0.265	0.275	0.29	0.28	0.305	0.36	0.17	HE	126
0.325	0.4	0.3	0.335	0.285	0.37	0.42	0.13	HE	127
0.39	0.445	0.38	0.435	0.395	0.45	0.41	0.205	HE	128
0.265	0.37	0.32	0.355	0.265	0.31	0.36	0.195	HE	129
0.31	0.32	0.34	0.35	0.33	0.31	0.365	0.19	HE	130
0.305	0.355	0.33	0.39	0.325	0.345	0.38	0.225	HE	131
0.29	0.41	0.38	0.435	0.325	0.38	0.495	0.18	HE	132
0.36	0.445	0.335	0.445	0.335	0.445	0.44	0.185	HE	133
0.31	0.32	0.31	0.335	0.32	0.35	0.415	0.215	HE	134
0.325	0.355	0.3	0.335	0.32	0.38	0.425	0.225	HE	135
0.3	0.34	0.335	0.395	0.29	0.33	0.4	0.255	HE	136
0.265	0.265	0.26	0.315	0.25	0.295	0.455	0.225	HE	137
0.305	0.405	0.34	0.41	0.355	0.395	0.5	0.235	HE	138
0.235	0.31	0.23	0.33	0.225	0.275	0.38	0.2	HE	139
0.38	0.39	0.355	0.38	0.38	0.385	0.405	0.21	HE	140
0.31	0.35	0.3	0.37	0.3	0.375	0.45	0.155	HE	141
0.3	0.33	0.29	0.325	0.295	0.305	0.36	0.16	HE	142
0.305	0.335	0.285	0.325	0.31	0.345	0.35	0.205	HE	143
0.31	0.335	0.325	0.355	0.285	0.32	0.4	0.18	HE	144
0.365	0.39	0.395	0.41	0.385	0.41	0.37	0.145	HE	145
0.335	0.36	0.325	0.38	0.36	0.37	0.39	0.29	HE	146
0.265	0.31	0.28	0.33	0.26	0.31	0.425	0.15	HE	147
0.405	0.47	0.42	0.455	0.43	0.455	0.455	0.355	HE	148
0.33	0.39	0.36	0.395	0.34	0.385	0.45	0.28	HE	149
0.31	0.32	0.335	0.325	0.275	0.34	0.38	0.2	HE	150
0.375	0.35	0.365	0.4	0.37	0.37	0.36	0.185	HE	151
0.3	0.34	0.37	0.395	0.335	0.365	0.455	0.215	HE	152
0.255	0.36	0.235	0.32	0.255	0.35	0.375	0.23	HE	153
0.295	0.245	0.305	0.27	0.255	0.275	0.4	0.145	HE	154
0.295	0.31	0.295	0.33	0.265	0.36	0.42	0.16	HE	155
0.345	0.355	0.32	0.31	0.34	0.33	0.34	0.145	HE	156
0.25	0.34	0.285	0.33	0.25	0.34	0.375	0.135	HE	157
0.24	0.295	0.215	0.25	0.24	0.28	0.35	0.225	HE	158
0.24	0.28	0.305	0.33	0.29	0.325	0.405	0.24	HE	159
0.3	0.32	0.325	0.395	0.34	0.345	0.43	0.18	HE	160
0.46	0.43	0.42	0.45	0.455	0.475	0.455	0.325	HE	161
0.245	0.35	0.35	0.395	0.265	0.33	0.385	0.14	HE	162
0.28	0.305	0.28	0.33	0.275	0.305	0.4	0.15	HE	163
0.335	0.385	0.29	0.435	0.385	0.375	0.445	0.195	HE	164
0.235	0.325	0.23	0.35	0.225	0.285	0.43	0.2	HE	165
0.275	0.33	0.265	0.29	0.32	0.345	0.44	0.17	HE	166
0.295	0.32	0.32	0.365	0.285	0.39	0.455	0.24	HE	167
0.34	0.305	0.305	0.395	0.34	0.345	0.405	0.13	HE	168
0.325	0.33	0.275	0.415	0.315	0.365	0.41	0.18	HE	169
0.235	0.245	0.24	0.355	0.235	0.27	0.4	0.145	HE	170
0.42	0.46	0.42	0.455	0.425	0.44	0.45	0.36	HE	171
0.28	0.32	0.31	0.33	0.265	0.35	0.365	0.1	HE	172
0.44	0.475	0.445	0.475	0.445	0.455	0.47	0.28	HE	173
0.335	0.4	0.405	0.405	0.34	0.375	0.47	0.21	HE	174
0.27	0.27	0.305	0.255	0.28	0.275	0.33	0.17	HE	175
0.27	0.285	0.265	0.295	0.285	0.275	0.33	0.155	HE	176
0.355	0.36	0.315	0.39	0.355	0.325	0.445	0.175	HE	177
0.3	0.36	0.34	0.385	0.295	0.335	0.335	0.25	HE	178
0.27	0.36	0.33	0.345	0.27	0.37	0.36	0.125	HE	179
0.275	0.315	0.3	0.305	0.29	0.28	0.3	0.195	HE	180
0.32	0.365	0.355	0.33	0.31	0.385	0.44	0.15	HE	181
0.285	0.355	0.305	0.375	0.285	0.325	0.405	0.235	HE	182
0.315	0.27	0.32	0.325	0.3	0.29	0.415	0.235	HE	183
0.305	0.33	0.24	0.325	0.295	0.355	0.38	0.235	HE	184
0.165	0.235	0.225	0.245	0.165	0.25	0.325	0.13	HE	185
0.37	0.39	0.345	0.415	0.38	0.42	0.435	0.245	HE	186
0.355	0.4	0.32	0.39	0.31	0.335	0.405	0.265	HE	187
0.31	0.34	0.33	0.32	0.295	0.325	0.47	0.15	HE	188
0.245	0.355	0.305	0.375	0.24	0.31	0.415	0.165	HE	189
0.33	0.31	0.335	0.34	0.33	0.315	0.435	0.185	HE	190
0.25	0.325	0.265	0.345	0.255	0.3	0.37	0.14	HE	191
0.305	0.37	0.315	0.345	0.32	0.38	0.39	0.245	HE	192
0.33	0.435	0.355	0.445	0.335	0.415	0.47	0.225	HE	193
0.325	0.36	0.36	0.35	0.325	0.39	0.445	0.2	HE	194
0.235	0.325	0.3	0.295	0.26	0.29	0.38	0.145	HE	195
0.305	0.355	0.315	0.36	0.335	0.335	0.375	0.15	HE	196
0.29	0.345	0.375	0.365	0.305	0.32	0.405	0.26	HE	197
0.345	0.395	0.41	0.485	0.395	0.435	0.5	0.24	HE	198
0.33	0.335	0.3	0.31	0.31	0.35	0.37	0.2	HE	199
0.305	0.36	0.265	0.32	0.255	0.32	0.45	0.16	HS	200
0.325	0.395	0.295	0.345	0.295	0.305	0.37	0.2	HS	201
0.385	0.425	0.38	0.405	0.375	0.395	0.395	0.31	HS	202
0.3	0.315	0.3	0.35	0.32	0.33	0.33	0.195	HS	203
0.19	0.26	0.24	0.31	0.245	0.305	0.315	0.11	HS	204
0.305	0.315	0.325	0.375	0.33	0.355	0.37	0.23	HS	205
0.32	0.36	0.305	0.365	0.32	0.35	0.32	0.175	HS	206
0.33	0.335	0.345	0.355	0.32	0.355	0.395	0.17	HS	207
0.375	0.43	0.42	0.415	0.435	0.455	0.47	0.295	HS	208
0.37	0.375	0.365	0.45	0.35	0.375	0.415	0.16	HS	209
0.295	0.36	0.35	0.32	0.285	0.315	0.385	0.185	HS	210
0.315	0.385	0.29	0.375	0.28	0.385	0.365	0.215	HS	211
0.215	0.295	0.23	0.285	0.25	0.28	0.405	0.135	HS	212
0.29	0.26	0.285	0.345	0.295	0.34	0.355	0.15	HS	213
0.23	0.21	0.24	0.29	0.2	0.21	0.335	0.185	HS	214
0.195	0.22	0.205	0.23	0.205	0.24	0.32	0.17	HS	215
0.35	0.305	0.335	0.38	0.315	0.32	0.365	0.22	HS	216
0.31	0.385	0.29	0.36	0.33	0.38	0.45	0.185	HS	217
0.37	0.4	0.375	0.39	0.37	0.425	0.405	0.345	HS	218
0.28	0.345	0.29	0.31	0.32	0.345	0.355	0.15	HS	219
0.24	0.26	0.295	0.315	0.27	0.335	0.325	0.16	HS	220
0.36	0.43	0.265	0.395	0.375	0.415	0.385	0.145	HS	221
0.3	0.325	0.225	0.3	0.265	0.295	0.38	0.275	HS	222
0.285	0.32	0.35	0.335	0.295	0.34	0.405	0.125	HS	223
0.295	0.33	0.31	0.36	0.315	0.31	0.37	0.195	HS	224
0.325	0.46	0.395	0.445	0.44	0.475	0.495	0.29	HS	225
0.37	0.36	0.355	0.485	0.345	0.345	0.44	0.24	HS	226
0.265	0.29	0.29	0.325	0.27	0.265	0.315	0.2	HS	227
0.32	0.38	0.285	0.33	0.29	0.32	0.325	0.255	HS	228
0.26	0.3	0.255	0.33	0.275	0.305	0.27	0.18	HS	229
0.33	0.34	0.27	0.375	0.345	0.355	0.38	0.185	HS	230
0.265	0.26	0.275	0.295	0.24	0.28	0.34	0.2	HS	231
0.3	0.31	0.325	0.38	0.31	0.325	0.44	0.205	HS	232
0.34	0.365	0.38	0.38	0.335	0.35	0.4	0.11	HS	233
0.31	0.365	0.345	0.355	0.32	0.36	0.405	0.18	HS	234
0.305	0.335	0.315	0.355	0.33	0.32	0.365	0.21	HS	235
0.3	0.32	0.335	0.31	0.36	0.34	0.37	0.22	HS	236
0.295	0.355	0.325	0.415	0.305	0.33	0.4	0.18	HS	237
0.3	0.305	0.27	0.345	0.27	0.33	0.415	0.215	HS	238
0.255	0.31	0.245	0.33	0.31	0.3	0.39	0.195	HS	239
0.305	0.33	0.37	0.365	0.305	0.315	0.36	0.255	HS	240
0.335	0.365	0.305	0.365	0.29	0.355	0.38	0.2	HS	241
0.33	0.34	0.335	0.37	0.31	0.36	0.425	0.165	HS	242
0.33	0.365	0.305	0.32	0.315	0.365	0.45	0.145	HS	243
0.305	0.295	0.285	0.33	0.27	0.32	0.41	0.22	HS	244
0.355	0.365	0.415	0.395	0.38	0.405	0.455	0.155	HS	245
0.285	0.305	0.34	0.315	0.275	0.295	0.365	0.16	HS	246
0.31	0.32	0.31	0.335	0.285	0.3	0.37	0.21	HS	247
0.33	0.335	0.37	0.38	0.325	0.315	0.375	0.215	HS	248
0.285	0.285	0.29	0.36	0.265	0.325	0.37	0.27	HS	249
0.28	0.305	0.345	0.37	0.31	0.28	0.395	0.23	HS	250
0.22	0.215	0.23	0.265	0.235	0.245	0.355	0.185	HS	251
0.285	0.37	0.305	0.39	0.295	0.355	0.4	0.225	HS	252
0.37	0.355	0.36	0.405	0.385	0.385	0.43	0.285	HS	253
0.375	0.395	0.38	0.425	0.345	0.37	0.42	0.225	HS	254
0.22	0.285	0.215	0.315	0.21	0.265	0.325	0.19	HS	255
0.305	0.295	0.27	0.35	0.285	0.36	0.395	0.17	HS	256
0.335	0.41	0.37	0.42	0.36	0.41	0.33	0.265	HS	257
0.325	0.305	0.32	0.33	0.295	0.26	0.325	0.265	HS	258
0.405	0.375	0.34	0.38	0.355	0.375	0.47	0.14	HS	259
0.34	0.415	0.325	0.42	0.405	0.415	0.425	0.325	HS	260
0.335	0.36	0.3	0.32	0.28	0.375	0.355	0.205	HS	261
0.26	0.255	0.265	0.285	0.255	0.28	0.35	0.165	HS	262
0.23	0.295	0.265	0.275	0.23	0.27	0.35	0.205	HS	263
0.28	0.285	0.34	0.37	0.285	0.345	0.395	0.185	HS	264
0.255	0.32	0.295	0.34	0.27	0.29	0.355	0.17	HS	265
0.37	0.41	0.37	0.39	0.365	0.415	0.44	0.31	HS	266
0.365	0.375	0.34	0.38	0.325	0.395	0.375	0.14	HS	267
0.28	0.275	0.23	0.33	0.26	0.285	0.39	0.185	HS	268
0.29	0.335	0.37	0.34	0.38	0.365	0.39	0.225	HS	269
0.25	0.27	0.26	0.26	0.23	0.24	0.35	0.135	HS	270
0.405	0.395	0.335	0.425	0.385	0.385	0.505	0.265	HS	271
0.285	0.26	0.325	0.295	0.29	0.265	0.33	0.185	HS	272
0.315	0.315	0.295	0.335	0.275	0.33	0.355	0.2	HS	273
0.34	0.3	0.315	0.36	0.365	0.36	0.44	0.185	HS	274
0.28	0.355	0.32	0.32	0.29	0.295	0.44	0.21	HS	275
0.34	0.365	0.325	0.4	0.27	0.37	0.455	0.19	HS	276
0.325	0.34	0.31	0.425	0.255	0.34	0.41	0.2	HS	277
0.355	0.29	0.335	0.385	0.285	0.315	0.44	0.225	HS	278
0.27	0.315	0.32	0.36	0.27	0.335	0.37	0.225	HS	279
0.4	0.425	0.41	0.445	0.42	0.415	0.47	0.115	HS	280
0.3	0.305	0.325	0.325	0.315	0.32	0.36	0.24	HS	281
0.28	0.31	0.29	0.32	0.275	0.33	0.35	0.26	HS	282
0.285	0.375	0.34	0.365	0.28	0.45	0.375	0.225	HS	283
0.24	0.31	0.24	0.305	0.25	0.285	0.275	0.19	HS	284
0.28	0.22	0.21	0.22	0.18	0.22	0.24	0.145	HS	285
0.305	0.375	0.365	0.375	0.355	0.345	0.395	0.145	HS	286
0.325	0.365	0.335	0.385	0.335	0.315	0.43	0.285	HS	287
0.375	0.37	0.295	0.35	0.38	0.365	0.38	0.12	HS	288
0.265	0.31	0.3	0.37	0.265	0.315	0.325	0.21	HS	289
0.235	0.275	0.28	0.29	0.215	0.285	0.41	0.14	HS	290
0.28	0.24	0.21	0.27	0.27	0.305	0.25	0.24	HS	291
0.315	0.36	0.35	0.34	0.29	0.345	0.44	0.155	HS	292
0.255	0.295	0.32	0.335	0.26	0.355	0.365	0.17	HS	293
0.385	0.42	0.405	0.415	0.365	0.43	0.485	0.265	HS	294
0.3	0.31	0.3	0.32	0.315	0.31	0.365	0.15	HS	295
0.38	0.455	0.39	0.435	0.39	0.47	0.51	0.285	HS	296
0.27	0.32	0.26	0.325	0.31	0.325	0.355	0.3	HS	297
0.33	0.35	0.305	0.355	0.28	0.33	0.425	0.185	HS	298
0.255	0.32	0.29	0.325	0.28	0.315	0.335	0.16	HS	299
0.36	0.4	0.335	0.42	0.36	0.41	0.365	0.31	SS	300
0.215	0.285	0.18	0.29	0.215	0.26	0.31	0.175	SS	301
0.265	0.315	0.25	0.325	0.235	0.295	0.32	0.185	SS	302
0.34	0.435	0.355	0.405	0.305	0.43	0.365	0.36	SS	303
0.19	0.25	0.24	0.245	0.195	0.265	0.23	0.235	SS	304
0.31	0.27	0.265	0.36	0.3	0.31	0.35	0.275	SS	305
0.345	0.385	0.36	0.36	0.365	0.39	0.42	0.31	SS	306
0.33	0.355	0.285	0.345	0.3	0.36	0.385	0.33	SS	307
0.29	0.345	0.26	0.36	0.295	0.315	0.345	0.19	SS	308
0.265	0.345	0.32	0.36	0.295	0.34	0.345	0.265	SS	309
0.22	0.205	0.27	0.26	0.21	0.19	0.29	0.195	SS	310
0.345	0.36	0.335	0.37	0.305	0.325	0.415	0.24	SS	311
0.27	0.23	0.245	0.205	0.28	0.28	0.3	0.2	SS	312
0.295	0.255	0.255	0.285	0.23	0.25	0.335	0.32	SS	313
0.31	0.335	0.365	0.335	0.27	0.27	0.305	0.245	SS	314
0.315	0.35	0.33	0.35	0.305	0.32	0.375	0.2	SS	315
0.29	0.325	0.295	0.36	0.325	0.34	0.39	0.295	SS	316
0.365	0.355	0.34	0.35	0.335	0.375	0.4	0.245	SS	317
0.285	0.335	0.27	0.31	0.3	0.295	0.395	0.315	SS	318
0.28	0.275	0.26	0.355	0.255	0.28	0.295	0.245	SS	319
0.31	0.325	0.33	0.295	0.29	0.29	0.365	0.2	SS	320
0.395	0.415	0.39	0.42	0.37	0.435	0.45	0.285	SS	321
0.325	0.355	0.34	0.415	0.37	0.385	0.4	0.29	SS	322
0.28	0.275	0.24	0.27	0.215	0.275	0.37	0.205	SS	323
0.285	0.265	0.32	0.3	0.285	0.345	0.31	0.26	SS	324
0.275	0.29	0.27	0.32	0.305	0.335	0.345	0.295	SS	325
0.285	0.345	0.355	0.345	0.31	0.365	0.395	0.25	SS	326
0.32	0.285	0.28	0.325	0.265	0.32	0.36	0.28	SS	327
0.29	0.335	0.245	0.36	0.295	0.33	0.38	0.25	SS	328
0.32	0.315	0.295	0.335	0.295	0.27	0.375	0.315	SS	329
0.28	0.31	0.305	0.295	0.285	0.26	0.33	0.205	SS	330
0.305	0.32	0.34	0.35	0.26	0.32	0.35	0.365	SS	331
0.26	0.3	0.23	0.29	0.275	0.24	0.26	0.22	SS	332
0.345	0.345	0.38	0.355	0.34	0.36	0.395	0.175	SS	333
0.355	0.425	0.39	0.42	0.345	0.4	0.485	0.285	SS	334
0.275	0.28	0.3	0.31	0.305	0.265	0.325	0.235	SS	335
0.32	0.34	0.305	0.325	0.29	0.34	0.395	0.25	SS	336
0.23	0.3	0.295	0.325	0.3	0.31	0.42	0.215	SS	337
0.315	0.295	0.335	0.285	0.305	0.285	0.375	0.24	SS	338
0.3	0.4	0.325	0.355	0.265	0.35	0.38	0.355	SS	339
0.265	0.325	0.25	0.3	0.24	0.255	0.31	0.275	SS	340
0.32	0.315	0.315	0.32	0.28	0.315	0.395	0.215	SS	341
0.3	0.32	0.285	0.27	0.29	0.265	0.43	0.245	SS	342
0.225	0.275	0.275	0.265	0.235	0.25	0.335	0.19	SS	343
0.28	0.325	0.3	0.335	0.33	0.32	0.33	0.15	SS	344
0.22	0.255	0.31	0.33	0.26	0.27	0.375	0.23	SS	345
0.345	0.355	0.385	0.355	0.38	0.4	0.42	0.27	SS	346
0.3	0.345	0.28	0.31	0.265	0.335	0.34	0.27	SS	347
0.405	0.36	0.41	0.37	0.37	0.355	0.445	0.29	SS	348
0.265	0.31	0.32	0.33	0.315	0.31	0.35	0.285	SS	349
0.285	0.275	0.33	0.295	0.255	0.295	0.35	0.215	SS	350
0.3	0.35	0.295	0.325	0.3	0.325	0.385	0.285	SS	351
0.255	0.355	0.275	0.305	0.295	0.315	0.36	0.27	SS	352
0.35	0.335	0.34	0.385	0.305	0.345	0.375	0.19	SS	353
0.245	0.27	0.215	0.265	0.215	0.235	0.315	0.19	SS	354
0.19	0.205	0.215	0.21	0.18	0.225	0.375	0.175	SS	355
0.28	0.33	0.305	0.325	0.305	0.33	0.255	0.265	SS	356
0.23	0.28	0.31	0.28	0.245	0.285	0.315	0.2	SS	357
0.325	0.34	0.315	0.335	0.305	0.34	0.37	0.23	SS	358
0.32	0.38	0.33	0.35	0.35	0.385	0.37	0.325	SS	359
0.345	0.39	0.405	0.425	0.39	0.355	0.435	0.27	SS	360
0.275	0.35	0.315	0.38	0.27	0.335	0.37	0.215	SS	361
0.335	0.31	0.385	0.35	0.325	0.29	0.395	0.25	SS	362
0.315	0.29	0.29	0.32	0.3	0.325	0.365	0.32	SS	363
0.26	0.29	0.31	0.36	0.28	0.32	0.33	0.235	SS	364
0.375	0.39	0.35	0.4	0.355	0.405	0.435	0.285	SS	365
0.325	0.33	0.325	0.36	0.305	0.305	0.355	0.3	SS	366
0.25	0.27	0.27	0.3	0.235	0.255	0.3	0.215	SS	367
0.25	0.315	0.28	0.3	0.18	0.265	0.345	0.215	SS	368
0.335	0.405	0.335	0.38	0.315	0.4	0.415	0.305	SS	369
0.305	0.36	0.26	0.315	0.31	0.32	0.355	0.305	SS	370
0.325	0.35	0.315	0.365	0.3	0.295	0.325	0.31	SS	371
0.165	0.21	0.23	0.245	0.21	0.215	0.325	0.195	SS	372
0.32	0.345	0.28	0.33	0.26	0.32	0.375	0.35	SS	373
0.265	0.32	0.315	0.37	0.315	0.315	0.37	0.245	SS	374
0.27	0.275	0.24	0.295	0.255	0.3	0.415	0.275	SS	375
0.31	0.34	0.345	0.385	0.31	0.345	0.335	0.32	SS	376
0.335	0.355	0.335	0.345	0.33	0.385	0.295	0.27	SS	377
0.355	0.34	0.38	0.335	0.28	0.28	0.36	0.285	SS	378
0.325	0.385	0.3	0.33	0.295	0.32	0.39	0.285	SS	379
0.37	0.395	0.405	0.36	0.305	0.325	0.4	0.365	SS	380
0.295	0.275	0.27	0.345	0.255	0.33	0.33	0.235	SS	381
0.25	0.27	0.23	0.29	0.245	0.28	0.325	0.23	SS	382
0.335	0.32	0.33	0.345	0.325	0.29	0.315	0.185	SS	383
0.27	0.25	0.26	0.285	0.245	0.305	0.33	0.19	SS	384
0.265	0.285	0.25	0.31	0.265	0.29	0.305	0.28	SS	385
0.245	0.265	0.285	0.29	0.26	0.27	0.305	0.24	SS	386
0.255	0.305	0.255	0.24	0.205	0.265	0.32	0.22	SS	387
0.405	0.4	0.36	0.395	0.305	0.38	0.37	0.285	SS	388
0.335	0.4	0.315	0.325	0.3	0.325	0.365	0.185	SS	389
0.31	0.35	0.325	0.345	0.34	0.38	0.385	0.29	SS	390
0.26	0.285	0.2	0.325	0.265	0.27	0.32	0.19	SS	391
0.27	0.295	0.29	0.34	0.36	0.31	0.325	0.255	SS	392
0.31	0.335	0.295	0.365	0.28	0.335	0.365	0.285	SS	393
0.33	0.37	0.37	0.37	0.33	0.36	0.37	0.24	SS	394
0.285	0.355	0.265	0.41	0.25	0.315	0.42	0.205	SS	395
0.28	0.31	0.255	0.255	0.28	0.285	0.305	0.245	SS	396
0.195	0.305	0.23	0.35	0.27	0.295	0.28	0.265	SS	397
0.4	0.4	0.35	0.4	0.335	0.41	0.315	0.31	SS	398
0.245	0.26	0.295	0.235	0.255	0.235	0.315	0.195	SS	399
0.31	0.33	0.325	0.345	0.325	0.33	0.34	0.1	SE	400
0.285	0.27	0.33	0.32	0.285	0.29	0.33	0.22	SE	401
0.33	0.3	0.31	0.35	0.305	0.345	0.385	0.145	SE	402
0.295	0.35	0.34	0.36	0.32	0.385	0.29	0.205	SE	403
0.23	0.235	0.195	0.235	0.185	0.21	0.325	0.2	SE	404
0.31	0.39	0.35	0.365	0.345	0.395	0.405	0.265	SE	405
0.305	0.3	0.26	0.335	0.29	0.31	0.4	0.28	SE	406
0.34	0.4	0.335	0.355	0.33	0.385	0.355	0.325	SE	407
0.265	0.315	0.375	0.335	0.305	0.29	0.36	0.15	SE	408
0.265	0.32	0.325	0.34	0.345	0.31	0.365	0.27	SE	409
0.315	0.38	0.34	0.43	0.325	0.38	0.42	0.37	SE	410
0.255	0.305	0.24	0.28	0.26	0.275	0.405	0.225	SE	411
0.265	0.35	0.23	0.32	0.295	0.315	0.325	0.23	SE	412
0.3	0.335	0.235	0.315	0.265	0.33	0.4	0.255	SE	413
0.245	0.295	0.29	0.295	0.245	0.315	0.335	0.185	SE	414
0.285	0.25	0.26	0.31	0.25	0.28	0.315	0.21	SE	415
0.25	0.26	0.28	0.315	0.24	0.25	0.38	0.265	SE	416
0.31	0.335	0.295	0.36	0.255	0.32	0.315	0.235	SE	417
0.385	0.355	0.385	0.345	0.385	0.35	0.35	0.15	SE	418
0.245	0.335	0.33	0.375	0.245	0.38	0.35	0.265	SE	419
0.285	0.39	0.295	0.375	0.36	0.35	0.295	0.195	SE	420
0.36	0.43	0.31	0.35	0.315	0.365	0.38	0.22	SE	421
0.275	0.375	0.295	0.365	0.3	0.365	0.405	0.255	SE	422
0.32	0.355	0.34	0.355	0.32	0.35	0.365	0.34	SE	423
0.275	0.28	0.295	0.355	0.285	0.295	0.33	0.29	SE	424
0.245	0.265	0.23	0.305	0.185	0.265	0.34	0.29	SE	425
0.315	0.325	0.24	0.305	0.345	0.3	0.39	0.185	SE	426
0.255	0.315	0.3	0.32	0.305	0.285	0.385	0.225	SE	427
0.26	0.305	0.275	0.31	0.27	0.325	0.345	0.22	SE	428
0.345	0.335	0.345	0.36	0.305	0.335	0.36	0.27	SE	429
0.34	0.3	0.32	0.33	0.34	0.31	0.32	0.26	SE	430
0.27	0.27	0.29	0.275	0.275	0.21	0.285	0.215	SE	431
0.225	0.34	0.295	0.36	0.21	0.345	0.35	0.27	SE	432
0.27	0.29	0.235	0.345	0.295	0.31	0.36	0.275	SE	433
0.28	0.31	0.26	0.31	0.28	0.35	0.37	0.255	SE	434
0.26	0.34	0.265	0.385	0.235	0.35	0.42	0.245	SE	435
0.245	0.325	0.235	0.29	0.25	0.32	0.255	0.215	SE	436
0.295	0.3	0.23	0.29	0.265	0.305	0.38	0.25	SE	437
0.205	0.305	0.275	0.265	0.2	0.295	0.315	0.24	SE	438
0.255	0.265	0.24	0.31	0.27	0.275	0.375	0.27	SE	439
0.245	0.34	0.305	0.345	0.245	0.28	0.355	0.24	SE	440
0.325	0.38	0.33	0.36	0.335	0.34	0.42	0.215	SE	441
0.285	0.31	0.315	0.36	0.235	0.31	0.36	0.24	SE	442
0.35	0.275	0.305	0.315	0.315	0.285	0.315	0.285	SE	443
0.4	0.43	0.375	0.415	0.4	0.425	0.38	0.285	SE	444
0.25	0.295	0.18	0.305	0.245	0.275	0.285	0.245	SE	445
0.275	0.3	0.28	0.34	0.275	0.31	0.35	0.275	SE	446
0.335	0.335	0.335	0.37	0.325	0.33	0.43	0.3	SE	447
0.3	0.285	0.265	0.305	0.265	0.335	0.33	0.205	SE	448
0.235	0.295	0.26	0.3	0.245	0.3	0.3	0.195	SE	449
0.3	0.35	0.335	0.33	0.305	0.315	0.35	0.235	SE	450
0.37	0.455	0.35	0.39	0.335	0.4	0.425	0.23	SE	451
0.275	0.305	0.265	0.285	0.275	0.305	0.27	0.18	SE	452
0.315	0.34	0.33	0.35	0.32	0.345	0.425	0.255	SE	453
0.315	0.415	0.325	0.405	0.325	0.385	0.435	0.25	SE	454
0.325	0.38	0.34	0.425	0.305	0.375	0.35	0.215	SE	455
0.31	0.36	0.335	0.375	0.33	0.36	0.305	0.205	SE	456
0.305	0.32	0.305	0.33	0.305	0.325	0.365	0.17	SE	457
0.27	0.25	0.27	0.28	0.265	0.28	0.33	0.24	SE	458
0.265	0.33	0.285	0.33	0.265	0.315	0.425	0.16	SE	459
0.42	0.365	0.345	0.39	0.35	0.39	0.445	0.18	SE	460
0.28	0.315	0.305	0.31	0.28	0.32	0.385	0.19	SE	461
0.31	0.315	0.305	0.35	0.3	0.315	0.36	0.255	SE	462
0.32	0.33	0.33	0.36	0.33	0.32	0.38	0.275	SE	463
0.285	0.325	0.29	0.34	0.285	0.315	0.4	0.265	SE	464
0.28	0.325	0.305	0.33	0.32	0.325	0.4	0.225	SE	465
0.365	0.395	0.365	0.375	0.365	0.415	0.38	0.255	SE	466
0.345	0.37	0.345	0.36	0.32	0.415	0.405	0.275	SE	467
0.23	0.225	0.25	0.245	0.225	0.245	0.34	0.185	SE	468
0.255	0.315	0.275	0.315	0.25	0.335	0.37	0.325	SE	469
0.31	0.365	0.315	0.345	0.33	0.37	0.435	0.3	SE	470
0.345	0.325	0.345	0.37	0.295	0.375	0.285	0.18	SE	471
0.345	0.34	0.34	0.36	0.34	0.34	0.445	0.4	SE	472
0.325	0.345	0.365	0.36	0.36	0.35	0.3	0.12	SE	473
0.33	0.305	0.29	0.365	0.295	0.34	0.35	0.215	SE	474
0.255	0.3	0.31	0.315	0.26	0.31	0.33	0.23	SE	475
0.265	0.28	0.31	0.31	0.275	0.285	0.435	0.145	SE	476
0.395	0.42	0.425	0.415	0.4	0.415	0.425	0.175	SE	477
0.31	0.335	0.26	0.26	0.285	0.29	0.36	0.255	SE	478
0.26	0.335	0.275	0.33	0.315	0.29	0.3	0.24	SE	479
0.295	0.315	0.295	0.33	0.28	0.315	0.36	0.245	SE	480
0.28	0.295	0.25	0.34	0.28	0.285	0.335	0.21	SE	481
0.365	0.375	0.305	0.415	0.385	0.385	0.39	0.32	SE	482
0.32	0.305	0.325	0.325	0.27	0.32	0.29	0.25	SE	483
0.305	0.31	0.315	0.295	0.245	0.255	0.345	0.26	SE	484
0.185	0.255	0.185	0.26	0.19	0.305	0.255	0.255	SE	485
0.275	0.33	0.25	0.32	0.285	0.335	0.41	0.235	SE	486
0.345	0.38	0.345	0.345	0.345	0.33	0.37	0.225	SE	487
0.295	0.305	0.29	0.315	0.3	0.3	0.365	0.28	SE	488
0.245	0.32	0.315	0.285	0.29	0.32	0.31	0.215	SE	489
0.245	0.33	0.225	0.345	0.265	0.295	0.34	0.22	SE	490
0.305	0.305	0.325	0.33	0.275	0.28	0.37	0.19	SE	491
0.295	0.25	0.28	0.305	0.22	0.295	0.305	0.225	SE	492
0.265	0.31	0.3	0.295	0.315	0.305	0.33	0.29	SE	493
0.29	0.32	0.3	0.33	0.295	0.26	0.345	0.18	SE	494
0.24	0.255	0.22	0.27	0.255	0.275	0.255	0.19	SE	495
0.385	0.43	0.405	0.4	0.42	0.38	0.445	0.245	SE	496
0.25	0.33	0.27	0.32	0.205	0.28	0.325	0.205	SE	497
0.345	0.385	0.405	0.355	0.385	0.365	0.395	0.325	SE	498
0.32	0.365	0.315	0.365	0.3	0.36	0.345	0.29	SE	499
0.335	0.36	0.37	0.405	0.35	0.375	0.515	0.16	H	500
0.35	0.39	0.41	0.385	0.29	0.435	0.505	0.09	H	501
0.27	0.305	0.315	0.345	0.27	0.365	0.47	0.135	H	502
0.42	0.395	0.4	0.44	0.39	0.445	0.525	0.13	H	503
0.33	0.355	0.345	0.425	0.34	0.39	0.435	0.18	H	504
0.335	0.425	0.37	0.395	0.34	0.425	0.59	0.175	H	505
0.295	0.41	0.35	0.4	0.32	0.37	0.385	0.14	H	506
0.35	0.36	0.425	0.435	0.35	0.425	0.495	0.13	H	507
0.31	0.305	0.355	0.395	0.29	0.35	0.48	0.175	H	508
0.39	0.405	0.425	0.41	0.385	0.395	0.51	0.37	H	509
0.405	0.41	0.39	0.485	0.405	0.42	0.56	0.135	H	510
0.36	0.38	0.33	0.46	0.34	0.43	0.55	0.175	H	511
0.415	0.45	0.39	0.385	0.37	0.425	0.535	0.115	H	512
0.24	0.32	0.29	0.35	0.345	0.34	0.385	0.14	H	513
0.39	0.38	0.38	0.41	0.39	0.41	0.47	0.115	H	514
0.31	0.355	0.27	0.37	0.275	0.33	0.475	0.095	H	515
0.37	0.36	0.39	0.435	0.355	0.415	0.495	0.23	H	516
0.35	0.365	0.325	0.41	0.31	0.37	0.42	0.17	H	517
0.3	0.31	0.335	0.405	0.34	0.32	0.435	0.135	H	518
0.34	0.385	0.385	0.455	0.425	0.465	0.495	0.16	H	519
0.265	0.305	0.32	0.335	0.28	0.32	0.475	0.27	H	520
0.35	0.36	0.33	0.385	0.365	0.35	0.445	0.155	H	521
0.325	0.41	0.325	0.42	0.295	0.43	0.495	0.18	H	522
0.245	0.25	0.29	0.395	0.26	0.31	0.475	0.155	H	523
0.325	0.4	0.455	0.44	0.375	0.375	0.445	0.205	H	524
0.405	0.435	0.435	0.445	0.41	0.495	0.535	0.165	H	525
0.31	0.38	0.31	0.375	0.32	0.39	0.46	0.19	H	526
0.345	0.385	0.4	0.425	0.375	0.4	0.475	0.12	H	527
0.33	0.32	0.355	0.365	0.305	0.325	0.405	0.155	H	528
0.235	0.28	0.35	0.375	0.265	0.315	0.485	0.14	H	529
0.385	0.405	0.43	0.48	0.375	0.4	0.545	0.14	H	530
0.26	0.3	0.315	0.38	0.31	0.325	0.445	0.195	H	531
0.27	0.33	0.34	0.395	0.285	0.34	0.465	0.155	H	532
0.36	0.395	0.385	0.43	0.39	0.4	0.46	0.105	H	533
0.28	0.295	0.315	0.4	0.295	0.29	0.445	0.165	H	534
0.31	0.37	0.395	0.47	0.295	0.415	0.54	0.15	H	535
0.275	0.315	0.33	0.355	0.235	0.335	0.48	0.19	H	536
0.335	0.36	0.37	0.395	0.325	0.41	0.495	0.14	H	537
0.355	0.405	0.385	0.415	0.37	0.38	0.455	0.155	H	538
0.38	0.37	0.295	0.365	0.35	0.385	0.51	0.2	H	539
0.32	0.295	0.325	0.345	0.32	0.335	0.45	0.12	H	540
0.405	0.425	0.435	0.445	0.42	0.4	0.525	0.18	H	541
0.325	0.355	0.37	0.425	0.32	0.41	0.49	0.12	H	542
0.325	0.36	0.31	0.395	0.325	0.425	0.435	0.14	H	543
0.34	0.36	0.35	0.355	0.35	0.38	0.41	0.13	H	544
0.36	0.345	0.37	0.415	0.375	0.39	0.44	0.265	H	545
0.285	0.285	0.295	0.355	0.3	0.295	0.4	0.16	H	546
0.295	0.335	0.335	0.31	0.28	0.385	0.51	0.095	H	547
0.32	0.39	0.41	0.425	0.35	0.415	0.485	0.16	H	548
0.38	0.38	0.385	0.41	0.375	0.41	0.505	0.205	H	549
0.315	0.375	0.39	0.45	0.335	0.345	0.52	0.125	H	550
0.29	0.29	0.315	0.32	0.3	0.345	0.435	0.145	H	551
0.285	0.32	0.365	0.435	0.31	0.385	0.45	0.135	H	552
0.33	0.36	0.42	0.405	0.3	0.4	0.505	0.245	H	553
0.36	0.37	0.355	0.405	0.36	0.405	0.505	0.15	H	554
0.295	0.295	0.27	0.31	0.275	0.275	0.395	0.115	H	555
0.345	0.38	0.355	0.41	0.3	0.37	0.435	0.095	H	556
0.32	0.34	0.365	0.4	0.36	0.37	0.5	0.17	H	557
0.26	0.29	0.215	0.385	0.265	0.305	0.41	0.155	H	558
0.315	0.285	0.315	0.38	0.355	0.32	0.45	0.155	H	559
0.395	0.415	0.4	0.39	0.29	0.395	0.57	0.15	H	560
0.305	0.37	0.35	0.38	0.335	0.37	0.43	0.16	H	561
0.345	0.38	0.38	0.43	0.35	0.375	0.515	0.085	H	562
0.315	0.38	0.31	0.37	0.305	0.375	0.48	0.12	H	563
0.32	0.355	0.385	0.39	0.34	0.395	0.49	0.16	H	564
0.345	0.45	0.3	0.4	0.355	0.415	0.5	0.125	H	565
0.295	0.325	0.335	0.42	0.315	0.345	0.46	0.175	H	566
0.275	0.315	0.32	0.37	0.225	0.31	0.445	0.145	H	567
0.355	0.365	0.355	0.395	0.305	0.345	0.41	0.19	H	568
0.34	0.375	0.355	0.455	0.335	0.405	0.485	0.11	H	569
0.395	0.425	0.445	0.505	0.39	0.425	0.48	0.115	H	570
0.385	0.395	0.385	0.415	0.385	0.4	0.435	0.19	H	571
0.36	0.41	0.4	0.465	0.365	0.4	0.49	0.115	H	572
0.26	0.305	0.32	0.34	0.335	0.305	0.39	0.135	H	573
0.385	0.415	0.39	0.43	0.34	0.415	0.46	0.145	H	574
0.285	0.3	0.34	0.365	0.265	0.355	0.4	0.15	H	575
0.325	0.385	0.405	0.415	0.305	0.405	0.445	0.23	H	576
0.305	0.365	0.255	0.385	0.315	0.42	0.51	0.25	H	577
0.36	0.375	0.24	0.33	0.335	0.345	0.42	0.14	H	578
0.315	0.36	0.335	0.35	0.31	0.355	0.5	0.16	H	579
0.39	0.39	0.4	0.425	0.41	0.435	0.48	0.115	H	580
0.3	0.345	0.315	0.365	0.295	0.33	0.475	0.11	H	581
0.34	0.335	0.385	0.43	0.26	0.405	0.53	0.16	H	582
0.26	0.26	0.325	0.36	0.28	0.325	0.435	0.2	H	583
0.37	0.41	0.395	0.4	0.36	0.39	0.465	0.08	H	584
0.38	0.415	0.385	0.47	0.38	0.46	0.485	0.105	H	585
0.315	0.29	0.275	0.365	0.315	0.33	0.425	0.125	H	586
0.325	0.33	0.28	0.42	0.33	0.385	0.485	0.12	H	587
0.31	0.38	0.375	0.435	0.39	0.44	0.59	0.13	H	588
0.28	0.32	0.285	0.315	0.295	0.33	0.405	0.165	H	589
0.265	0.33	0.275	0.38	0.29	0.345	0.415	0.21	H	590
0.35	0.37	0.365	0.42	0.33	0.42	0.485	0.155	H	591
0.315	0.37	0.35	0.405	0.36	0.39	0.505	0.235	H	592
0.285	0.38	0.27	0.31	0.305	0.415	0.49	0.16	H	593
0.22	0.27	0.345	0.375	0.27	0.315	0.43	0.125	H	594
0.45	0.385	0.465	0.49	0.39	0.425	0.55	0.255	H	595
0.34	0.36	0.305	0.43	0.34	0.43	0.485	0.165	H	596
0.375	0.38	0.375	0.43	0.33	0.415	0.465	0.1	H	597
0.36	0.435	0.39	0.44	0.335	0.42	0.54	0.2	H	598
0.28	0.33	0.32	0.335	0.3	0.315	0.485	0.125	H	599
0.295	0.32	0.29	0.315	0.295	0.32	0.4	0.125	E	600
0.285	0.33	0.28	0.37	0.285	0.33	0.33	0.14	E	601
0.295	0.31	0.3	0.315	0.295	0.31	0.325	0.28	E	602
0.245	0.245	0.235	0.23	0.245	0.245	0.285	0.25	E	603
0.26	0.35	0.305	0.25	0.26	0.35	0.34	0.2	E	604
0.305	0.325	0.36	0.385	0.305	0.325	0.41	0.28	E	605
0.265	0.305	0.305	0.325	0.265	0.305	0.34	0.245	E	606
0.265	0.295	0.305	0.325	0.265	0.295	0.375	0.185	E	607
0.325	0.31	0.29	0.31	0.325	0.31	0.315	0.255	E	608
0.165	0.235	0.15	0.22	0.165	0.235	0.335	0.185	E	609
0.2	0.3	0.305	0.33	0.2	0.3	0.34	0.19	E	610
0.17	0.23	0.24	0.225	0.17	0.23	0.315	0.21	E	611
0.24	0.315	0.265	0.29	0.24	0.315	0.38	0.275	E	612
0.21	0.24	0.21	0.275	0.21	0.24	0.285	0.21	E	613
0.31	0.285	0.295	0.3	0.31	0.285	0.31	0.215	E	614
0.32	0.335	0.32	0.38	0.32	0.335	0.39	0.245	E	615
0.265	0.32	0.34	0.33	0.265	0.32	0.37	0.215	E	616
0.315	0.33	0.335	0.345	0.315	0.33	0.415	0.325	E	617
0.215	0.235	0.17	0.245	0.215	0.235	0.31	0.165	E	618
0.315	0.35	0.315	0.41	0.315	0.35	0.38	0.22	E	619
0.255	0.3	0.3	0.355	0.255	0.3	0.395	0.24	E	620
0.26	0.26	0.25	0.24	0.26	0.26	0.315	0.18	E	621
0.215	0.22	0.225	0.245	0.215	0.22	0.295	0.12	E	622
0.245	0.295	0.235	0.31	0.245	0.295	0.32	0.14	E	623
0.33	0.32	0.295	0.31	0.33	0.32	0.385	0.085	E	624
0.25	0.27	0.28	0.275	0.25	0.27	0.295	0.17	E	625
0.325	0.315	0.325	0.345	0.325	0.315	0.45	0.185	E	626
0.325	0.35	0.35	0.345	0.325	0.35	0.4	0.265	E	627
0.42	0.42	0.385	0.43	0.42	0.42	0.45	0.3	E	628
0.28	0.315	0.295	0.365	0.28	0.315	0.39	0.185	E	629
0.265	0.3	0.295	0.285	0.265	0.3	0.33	0.18	E	630
0.325	0.39	0.285	0.37	0.325	0.39	0.345	0.185	E	631
0.27	0.33	0.35	0.365	0.27	0.33	0.415	0.13	E	632
0.315	0.345	0.355	0.345	0.315	0.345	0.48	0.265	E	633
0.305	0.295	0.335	0.405	0.305	0.295	0.385	0.24	E	634
0.27	0.295	0.275	0.37	0.27	0.295	0.405	0.195	E	635
0.235	0.295	0.24	0.3	0.235	0.295	0.395	0.23	E	636
0.255	0.34	0.29	0.35	0.255	0.34	0.395	0.24	E	637
0.27	0.315	0.22	0.33	0.27	0.315	0.365	0.165	E	638
0.33	0.325	0.375	0.38	0.33	0.325	0.4	0.29	E	639
0.265	0.305	0.31	0.3	0.265	0.305	0.33	0.315	E	640
0.275	0.275	0.275	0.27	0.275	0.275	0.36	0.225	E	641
0.235	0.275	0.215	0.29	0.235	0.275	0.32	0.215	E	642
0.305	0.32	0.265	0.315	0.305	0.32	0.295	0.24	E	643
0.2	0.3	0.215	0.33	0.2	0.3	0.37	0.185	E	644
0.185	0.26	0.29	0.33	0.185	0.26	0.315	0.175	E	645
0.255	0.27	0.3	0.285	0.255	0.27	0.34	0.185	E	646
0.28	0.295	0.285	0.3	0.28	0.295	0.345	0.19	E	647
0.195	0.23	0.195	0.285	0.195	0.23	0.33	0.2	E	648
0.235	0.275	0.29	0.3	0.235	0.275	0.35	0.165	E	649
0.265	0.295	0.255	0.305	0.265	0.295	0.4	0.25	E	650
0.265	0.315	0.31	0.32	0.265	0.315	0.29	0.28	E	651
0.27	0.3	0.275	0.305	0.27	0.3	0.385	0.23	E	652
0.24	0.26	0.28	0.3	0.24	0.26	0.38	0.165	E	653
0.24	0.26	0.235	0.295	0.24	0.26	0.27	0.11	E	654
0.345	0.355	0.3	0.34	0.345	0.355	0.47	0.23	E	655
0.22	0.255	0.235	0.28	0.22	0.255	0.375	0.175	E	656
0.285	0.265	0.275	0.31	0.285	0.265	0.265	0.25	E	657
0.24	0.295	0.27	0.31	0.24	0.295	0.29	0.22	E	658
0.235	0.275	0.23	0.285	0.235	0.275	0.335	0.21	E	659
0.265	0.275	0.245	0.295	0.265	0.275	0.355	0.175	E	660
0.205	0.27	0.225	0.28	0.205	0.27	0.35	0.14	E	661
0.295	0.335	0.27	0.34	0.295	0.335	0.375	0.26	E	662
0.25	0.275	0.32	0.34	0.25	0.275	0.365	0.235	E	663
0.245	0.3	0.25	0.255	0.245	0.3	0.315	0.14	E	664
0.29	0.325	0.295	0.33	0.29	0.325	0.34	0.275	E	665
0.255	0.24	0.3	0.285	0.255	0.24	0.3	0.2	E	666
0.32	0.32	0.31	0.32	0.32	0.32	0.35	0.22	E	667
0.23	0.26	0.255	0.275	0.225	0.26	0.33	0.165	E	668
0.175	0.315	0.205	0.3	0.175	0.315	0.36	0.095	E	669
0.26	0.24	0.205	0.27	0.26	0.24	0.23	0.18	E	670
0.27	0.235	0.245	0.28	0.27	0.235	0.305	0.18	E	671
0.28	0.295	0.22	0.295	0.28	0.295	0.335	0.22	E	672
0.25	0.295	0.225	0.24	0.25	0.295	0.33	0.185	E	673
0.33	0.245	0.31	0.275	0.33	0.245	0.33	0.31	E	674
0.265	0.27	0.365	0.35	0.265	0.27	0.345	0.27	E	675
0.26	0.255	0.235	0.295	0.26	0.255	0.27	0.22	E	676
0.255	0.315	0.29	0.285	0.255	0.315	0.37	0.255	E	677
0.305	0.315	0.26	0.29	0.305	0.315	0.35	0.235	E	678
0.31	0.32	0.325	0.31	0.31	0.32	0.385	0.29	E	679
0.335	0.36	0.315	0.355	0.335	0.36	0.39	0.205	E	680
0.33	0.335	0.345	0.34	0.33	0.335	0.355	0.18	E	681
0.255	0.285	0.27	0.28	0.255	0.285	0.335	0.165	E	682
0.29	0.325	0.29	0.37	0.29	0.325	0.44	0.32	E	683
0.315	0.315	0.305	0.32	0.315	0.315	0.33	0.265	E	684
0.245	0.27	0.27	0.26	0.245	0.27	0.295	0.22	E	685
0.215	0.225	0.24	0.22	0.215	0.225	0.235	0.19	E	686
0.365	0.355	0.36	0.365	0.365	0.355	0.355	0.25	E	687
0.195	0.335	0.2	0.29	0.195	0.335	0.27	0.16	E	688
0.295	0.35	0.285	0.305	0.295	0.35	0.335	0.215	E	689
0.215	0.245	0.265	0.27	0.215	0.245	0.34	0.125	E	690
0.355	0.38	0.32	0.385	0.355	0.38	0.325	0.185	E	691
0.265	0.285	0.295	0.305	0.265	0.285	0.325	0.225	E	692
0.24	0.32	0.28	0.31	0.24	0.32	0.38	0.185	E	693
0.31	0.3	0.26	0.33	0.31	0.3	0.365	0.175	E	694
0.35	0.345	0.29	0.37	0.35	0.345	0.39	0.28	E	695
0.195	0.245	0.27	0.235	0.195	0.245	0.32	0.215	E	696
0.29	0.435	0.35	0.41	0.29	0.435	0.39	0.195	E	697
0.3	0.315	0.32	0.325	0.3	0.315	0.345	0.215	E	698
0.345	0.35	0.335	0.36	0.345	0.35	0.345	0.38	E	699
0.19	0.19	0.195	0.21	0.19	0.2	0.285	0.155	S	700
0.295	0.265	0.225	0.245	0.21	0.24	0.335	0.135	S	701
0.23	0.325	0.25	0.31	0.29	0.295	0.345	0.225	S	702
0.27	0.32	0.235	0.33	0.29	0.3	0.355	0.17	S	703
0.285	0.225	0.25	0.29	0.24	0.265	0.41	0.15	S	704
0.225	0.275	0.235	0.225	0.19	0.24	0.34	0.07	S	705
0.3	0.315	0.265	0.33	0.265	0.27	0.35	0.19	S	706
0.3	0.305	0.26	0.305	0.205	0.27	0.3	0.18	S	707
0.33	0.34	0.27	0.335	0.305	0.335	0.295	0.22	S	708
0.195	0.225	0.16	0.225	0.205	0.215	0.31	0.11	S	709
0.21	0.245	0.195	0.23	0.15	0.2	0.29	0.18	S	710
0.285	0.3	0.31	0.3	0.25	0.275	0.375	0.28	S	711
0.27	0.255	0.225	0.245	0.235	0.275	0.315	0.145	S	712
0.24	0.3	0.26	0.265	0.235	0.28	0.35	0.21	S	713
0.305	0.31	0.31	0.335	0.22	0.26	0.36	0.215	S	714
0.16	0.17	0.215	0.225	0.185	0.195	0.265	0.125	S	715
0.24	0.285	0.235	0.265	0.25	0.265	0.38	0.15	S	716
0.27	0.295	0.24	0.305	0.22	0.245	0.33	0.135	S	717
0.235	0.255	0.22	0.29	0.255	0.265	0.3	0.22	S	718
0.265	0.285	0.23	0.275	0.225	0.265	0.315	0.18	S	719
0.24	0.28	0.265	0.32	0.23	0.27	0.3	0.19	S	720
0.205	0.265	0.275	0.3	0.245	0.275	0.355	0.165	S	721
0.235	0.28	0.36	0.255	0.26	0.31	0.345	0.2	S	722
0.295	0.3	0.29	0.335	0.28	0.32	0.325	0.19	S	723
0.285	0.265	0.23	0.26	0.185	0.21	0.295	0.14	S	724
0.27	0.23	0.235	0.26	0.255	0.275	0.325	0.14	S	725
0.245	0.24	0.195	0.275	0.255	0.285	0.325	0.225	S	726
0.405	0.42	0.375	0.415	0.3	0.39	0.395	0.29	S	727
0.285	0.3	0.285	0.31	0.305	0.3	0.37	0.285	S	728
0.155	0.235	0.225	0.23	0.165	0.165	0.305	0.125	S	729
0.255	0.305	0.25	0.315	0.255	0.315	0.39	0.12	S	730
0.315	0.245	0.27	0.285	0.215	0.23	0.36	0.245	S	731
0.3	0.34	0.32	0.335	0.275	0.305	0.285	0.175	S	732
0.245	0.225	0.22	0.245	0.215	0.265	0.305	0.12	S	733
0.165	0.195	0.195	0.195	0.18	0.19	0.275	0.185	S	734
0.225	0.235	0.25	0.225	0.205	0.175	0.335	0.185	S	735
0.27	0.32	0.32	0.35	0.31	0.315	0.315	0.155	S	736
0.255	0.235	0.25	0.215	0.215	0.21	0.29	0.14	S	737
0.325	0.3	0.23	0.285	0.145	0.19	0.32	0.12	S	738
0.33	0.315	0.355	0.315	0.215	0.27	0.42	0.265	S	739
0.15	0.22	0.23	0.25	0.195	0.205	0.235	0.2	S	740
0.205	0.215	0.235	0.235	0.19	0.23	0.28	0.125	S	741
0.27	0.305	0.245	0.3	0.235	0.255	0.33	0.225	S	742
0.185	0.26	0.175	0.265	0.195	0.225	0.33	0.145	S	743
0.27	0.29	0.215	0.275	0.235	0.21	0.36	0.155	S	744
0.21	0.23	0.255	0.24	0.17	0.25	0.35	0.085	S	745
0.215	0.21	0.25	0.245	0.22	0.23	0.285	0.245	S	746
0.285	0.31	0.235	0.27	0.24	0.275	0.26	0.22	S	747
0.275	0.33	0.245	0.275	0.295	0.31	0.3	0.16	S	748
0.23	0.26	0.27	0.285	0.235	0.25	0.31	0.21	S	749
0.19	0.22	0.225	0.175	0.19	0.265	0.325	0.145	S	750
0.245	0.27	0.29	0.29	0.315	0.28	0.305	0.195	S	751
0.315	0.29	0.24	0.3	0.275	0.31	0.395	0.145	S	752
0.39	0.305	0.295	0.37	0.25	0.29	0.385	0.17	S	753
0.27	0.35	0.315	0.345	0.27	0.325	0.39	0.27	S	754
0.27	0.255	0.27	0.28	0.25	0.22	0.325	0.115	S	755
0.32	0.33	0.3	0.35	0.32	0.325	0.365	0.305	S	756
0.185	0.235	0.165	0.2	0.22	0.19	0.28	0.18	S	757
0.295	0.305	0.325	0.335	0.295	0.32	0.305	0.145	S	758
0.19	0.25	0.23	0.235	0.235	0.235	0.27	0.2	S	759
0.285	0.3	0.245	0.285	0.305	0.3	0.315	0.145	S	760
0.21	0.26	0.295	0.3	0.245	0.23	0.335	0.195	S	761
0.32	0.305	0.3	0.335	0.225	0.215	0.39	0.27	S	762
0.195	0.195	0.2	0.22	0.15	0.19	0.265	0.175	S	763
0.26	0.265	0.23	0.255	0.245	0.265	0.345	0.24	S	764
0.28	0.295	0.25	0.29	0.295	0.34	0.35	0.22	S	765
0.33	0.335	0.27	0.335	0.305	0.31	0.34	0.155	S	766
0.35	0.35	0.295	0.325	0.31	0.345	0.41	0.32	S	767
0.33	0.36	0.325	0.325	0.315	0.315	0.345	0.195	S	768
0.28	0.24	0.225	0.265	0.225	0.205	0.3	0.195	S	769
0.22	0.22	0.205	0.18	0.205	0.205	0.285	0.155	S	770
0.34	0.295	0.275	0.34	0.275	0.31	0.365	0.165	S	771
0.225	0.25	0.245	0.23	0.21	0.22	0.34	0.175	S	772
0.255	0.245	0.265	0.25	0.2	0.25	0.27	0.12	S	773
0.235	0.26	0.175	0.22	0.175	0.22	0.24	0.16	S	774
0.19	0.22	0.19	0.255	0.18	0.19	0.28	0.17	S	775
0.305	0.325	0.265	0.29	0.255	0.26	0.31	0.13	S	776
0.27	0.245	0.25	0.26	0.2	0.295	0.365	0.155	S	777
0.275	0.28	0.28	0.31	0.32	0.275	0.405	0.31	S	778
0.215	0.23	0.235	0.255	0.225	0.225	0.355	0.155	S	779
0.26	0.275	0.215	0.225	0.22	0.245	0.325	0.175	S	780
0.295	0.285	0.285	0.31	0.23	0.19	0.285	0.225	S	781
0.19	0.235	0.24	0.195	0.215	0.25	0.26	0.155	S	782
0.205	0.21	0.235	0.22	0.215	0.225	0.33	0.2	S	783
0.22	0.25	0.2	0.23	0.27	0.245	0.365	0.135	S	784
0.265	0.28	0.165	0.26	0.24	0.295	0.41	0.195	S	785
0.245	0.265	0.175	0.255	0.27	0.26	0.345	0.14	S	786
0.285	0.335	0.22	0.355	0.325	0.345	0.325	0.125	S	787
0.275	0.265	0.28	0.255	0.285	0.295	0.335	0.14	S	788
0.375	0.37	0.35	0.375	0.28	0.37	0.42	0.315	S	789
0.24	0.255	0.28	0.32	0.215	0.3	0.385	0.18	S	790
0.255	0.295	0.295	0.28	0.28	0.25	0.305	0.11	S	791
0.215	0.28	0.2	0.275	0.205	0.235	0.33	0.195	S	792
0.195	0.28	0.145	0.24	0.21	0.21	0.345	0.11	S	793
0.285	0.28	0.22	0.29	0.2	0.245	0.345	0.13	S	794
0.275	0.32	0.285	0.315	0.245	0.255	0.35	0.14	S	795
0.27	0.355	0.335	0.365	0.265	0.345	0.33	0.365	S	796
0.23	0.25	0.275	0.295	0.205	0.265	0.39	0.15	S	797
0.24	0.285	0.255	0.325	0.25	0.29	0.34	0.225	S	798
0.31	0.32	0.285	0.325	0.33	0.32	0.33	0.155	S	799
