signature	seed	sklearn_dt_f1-micro	sklearn_dt_accuracy	sklearn_dt_time	sklearn_rf_f1-micro	sklearn_rf_accuracy	sklearn_rf_time	product_dt_f1-micro	product_dt_accuracy	product_dt_time	product_rf_f1-micro	product_rf_accuracy	product_rf_time	tangent_dt_f1-micro	tangent_dt_accuracy	tangent_dt_time	tangent_rf_f1-micro	tangent_rf_accuracy	tangent_rf_time	knn_f1-micro	knn_accuracy	knn_time	ps_perceptron_f1-micro	ps_perceptron_accuracy	ps_perceptron_time	tangent_mlp_f1-micro	tangent_mlp_accuracy	tangent_mlp_time	ambient_mlp_f1-micro	ambient_mlp_accuracy	ambient_mlp_time	tangent_gnn_f1-micro	tangent_gnn_accuracy	tangent_gnn_time	ambient_gnn_f1-micro	ambient_gnn_accuracy	ambient_gnn_time
HH	0	0.31	0.31	0.0047130584716796875	0.385	0.385	0.028148889541625977	0.35	0.35	0.5366024971008301	0.3	0.3	5.663781642913818	0.34	0.34	0.003260374069213867	0.38	0.38	0.02780628204345703	0.435	0.435	0.8211278915405273	0.145	0.145	0.02417922019958496	0.345	0.345	0.1398482322692871	0.325	0.325	0.1391124725341797	0.3	0.3	0.4725947380065918	0.19	0.19	0.4670867919921875
HH	1	0.32	0.32	0.004864692687988281	0.355	0.355	0.027043819427490234	0.295	0.295	0.66416335105896	0.345	0.345	6.097817897796631	0.335	0.335	0.003625631332397461	0.32	0.32	0.027057170867919922	0.345	0.345	0.0032150745391845703	0.16	0.16	0.011729955673217773	0.36	0.36	0.1400303840637207	0.375	0.375	0.1309359073638916	0.33	0.33	0.41579413414001465	0.255	0.255	0.4236643314361572
HH	2	0.345	0.345	0.004560708999633789	0.415	0.415	0.026886940002441406	0.315	0.315	0.5159075260162354	0.39	0.39	5.223985433578491	0.435	0.435	0.0033206939697265625	0.42	0.42	0.02673625946044922	0.37	0.37	0.0034487247467041016	0.125	0.125	0.012275218963623047	0.36	0.36	0.1292705535888672	0.385	0.385	0.13216209411621094	0.235	0.235	0.41201281547546387	0.285	0.285	0.42543935775756836
HH	3	0.29	0.29	0.0048367977142333984	0.38	0.38	0.026859521865844727	0.415	0.415	0.49718642234802246	0.4	0.4	4.9562225341796875	0.345	0.345	0.0036275386810302734	0.405	0.405	0.028316736221313477	0.415	0.415	0.004983425140380859	0.14	0.14	0.012802600860595703	0.35	0.35	0.1441493034362793	0.32	0.32	0.16602230072021484	0.32	0.32	0.4873178005218506	0.305	0.305	0.46543288230895996
HH	4	0.3	0.3	0.0047986507415771484	0.325	0.325	0.028653621673583984	0.285	0.285	0.5463559627532959	0.375	0.375	5.590052604675293	0.35	0.35	0.0034584999084472656	0.335	0.335	0.028043031692504883	0.405	0.405	0.004933357238769531	0.115	0.115	0.01225423812866211	0.315	0.315	0.13473272323608398	0.36	0.36	0.1501774787902832	0.265	0.265	0.42019200325012207	0.205	0.205	0.4261603355407715
HH	5	0.29	0.29	0.0049517154693603516	0.355	0.355	0.026794910430908203	0.4	0.4	0.5586285591125488	0.355	0.355	5.521978855133057	0.375	0.375	0.004294157028198242	0.37	0.37	0.032801151275634766	0.445	0.445	0.0041408538818359375	0.12	0.12	0.014041900634765625	0.425	0.425	0.14371204376220703	0.34	0.34	0.1477961540222168	0.235	0.235	0.4608144760131836	0.15	0.15	0.46825599670410156
HH	6	0.265	0.265	0.00507807731628418	0.31	0.31	0.029126405715942383	0.3	0.3	0.623471736907959	0.29	0.29	5.8743884563446045	0.28	0.28	0.003317594528198242	0.365	0.365	0.028096675872802734	0.36	0.36	0.004173755645751953	0.145	0.145	0.012445688247680664	0.365	0.365	0.12805438041687012	0.31	0.31	0.13466262817382812	0.275	0.275	0.472536563873291	0.165	0.165	0.48096275329589844
HH	7	0.295	0.295	0.005088090896606445	0.35	0.35	0.026956796646118164	0.315	0.315	0.5546562671661377	0.39	0.39	5.292242050170898	0.245	0.245	0.0036613941192626953	0.395	0.395	0.02799391746520996	0.41	0.41	0.0040743350982666016	0.145	0.145	0.012682914733886719	0.305	0.305	0.12791728973388672	0.29	0.29	0.13591766357421875	0.28	0.28	2.3675785064697266	0.2	0.2	1.30767822265625
HH	8	0.365	0.365	0.0044977664947509766	0.44	0.44	0.02698802947998047	0.39	0.39	0.4901432991027832	0.42	0.42	4.889014005661011	0.41	0.41	0.0034830570220947266	0.425	0.425	0.02682805061340332	0.45	0.45	0.0034029483795166016	0.145	0.145	0.012104272842407227	0.37	0.37	0.12203383445739746	0.355	0.355	0.12971282005310059	0.34	0.34	0.4047858715057373	0.32	0.32	0.41536498069763184
HH	9	0.335	0.335	0.004667997360229492	0.41	0.41	0.0281374454498291	0.39	0.39	0.5471138954162598	0.385	0.385	5.285066366195679	0.365	0.365	0.0033156871795654297	0.44	0.44	0.026836395263671875	0.395	0.395	0.0033864974975585938	0.16	0.16	0.011868476867675781	0.325	0.325	0.12368965148925781	0.34	0.34	0.13071656227111816	0.265	0.265	0.4073817729949951	0.23	0.23	0.41694068908691406
HE	10	0.315	0.315	0.004381656646728516	0.38	0.38	0.027809619903564453	0.355	0.355	0.5341055393218994	0.385	0.385	4.9421868324279785	0.38	0.38	0.003631114959716797	0.395	0.395	0.02788829803466797	0.415	0.415	0.003300905227661133	0.185	0.185	0.012517213821411133	0.385	0.385	0.13063549995422363	0.37	0.37	0.13924646377563477	0.34	0.34	0.41175174713134766	0.2	0.2	0.4208862781524658
HE	11	0.315	0.315	0.004156351089477539	0.345	0.345	0.026483535766601562	0.275	0.275	0.5429887771606445	0.295	0.295	5.150221109390259	0.27	0.27	0.0033752918243408203	0.33	0.33	0.027894258499145508	0.265	0.265	0.0031020641326904297	0.17	0.17	0.011982917785644531	0.235	0.235	0.12228059768676758	0.235	0.235	0.12827205657958984	0.25	0.25	0.4118845462799072	0.18	0.18	0.4172639846801758
HE	12	0.285	0.285	0.0039823055267333984	0.385	0.385	0.027032852172851562	0.305	0.305	0.5124633312225342	0.375	0.375	5.400731563568115	0.345	0.345	0.003278017044067383	0.345	0.345	0.027161598205566406	0.36	0.36	0.003144502639770508	0.23	0.23	0.011909246444702148	0.32	0.32	0.13155817985534668	0.3	0.3	0.1393415927886963	0.255	0.255	0.40858030319213867	0.265	0.265	0.41263413429260254
HE	13	0.28	0.28	0.00410151481628418	0.38	0.38	0.027001380920410156	0.27	0.27	0.559826135635376	0.295	0.295	5.363722085952759	0.34	0.34	0.0032961368560791016	0.37	0.37	0.026424646377563477	0.36	0.36	0.003133535385131836	0.16	0.16	0.013125181198120117	0.29	0.29	0.1237325668334961	0.3	0.3	0.13085222244262695	0.245	0.245	0.4063868522644043	0.235	0.235	0.42711830139160156
HE	14	0.285	0.285	0.004172801971435547	0.375	0.375	0.02739858627319336	0.355	0.355	0.4443325996398926	0.395	0.395	4.6728034019470215	0.335	0.335	0.003469705581665039	0.47	0.47	0.02704453468322754	0.415	0.415	0.0031659603118896484	0.145	0.145	0.011733770370483398	0.365	0.365	0.12537145614624023	0.36	0.36	0.1318223476409912	0.325	0.325	0.46379828453063965	0.225	0.225	0.4743080139160156
HE	15	0.46	0.46	0.003858327865600586	0.45	0.45	0.02728867530822754	0.475	0.475	0.5710394382476807	0.445	0.445	5.014211177825928	0.4	0.4	0.0032308101654052734	0.49	0.49	0.02748584747314453	0.47	0.47	0.0032172203063964844	0.245	0.245	0.011880874633789062	0.44	0.44	0.1275322437286377	0.435	0.435	0.13234710693359375	0.435	0.435	0.40952444076538086	0.315	0.315	0.45646023750305176
HE	16	0.34	0.34	0.004483461380004883	0.385	0.385	0.043226003646850586	0.37	0.37	0.5233645439147949	0.39	0.39	5.013227939605713	0.36	0.36	0.003278970718383789	0.4	0.4	0.027300357818603516	0.4	0.4	0.0031986236572265625	0.22	0.22	0.01279449462890625	0.44	0.44	0.12473011016845703	0.405	0.405	0.13300061225891113	0.375	0.375	0.4102060794830322	0.33	0.33	0.41413307189941406
HE	17	0.375	0.375	0.004305839538574219	0.405	0.405	0.02749466896057129	0.325	0.325	0.5244920253753662	0.4	0.4	5.29756236076355	0.34	0.34	0.003528594970703125	0.425	0.425	0.02770853042602539	0.425	0.425	0.0036687850952148438	0.16	0.16	0.012567520141601562	0.34	0.34	0.1329505443572998	0.245	0.245	0.13272738456726074	0.265	0.265	0.443833589553833	0.15	0.15	0.4741637706756592
HE	18	0.305	0.305	0.004612445831298828	0.325	0.325	0.027745962142944336	0.315	0.315	0.5963964462280273	0.325	0.325	5.808591365814209	0.335	0.335	0.003612041473388672	0.325	0.325	0.028525114059448242	0.355	0.355	0.003859996795654297	0.225	0.225	0.012697458267211914	0.27	0.27	0.12892913818359375	0.285	0.285	0.13408899307250977	0.235	0.235	0.440950870513916	0.18	0.18	0.48001909255981445
HE	19	0.485	0.485	0.004441261291503906	0.53	0.53	0.028118610382080078	0.4	0.4	0.4252762794494629	0.48	0.48	4.465351581573486	0.425	0.425	0.0034224987030029297	0.545	0.545	0.029068470001220703	0.55	0.55	0.0039560794830322266	0.315	0.315	0.01223611831665039	0.405	0.405	0.12967777252197266	0.455	0.455	0.1323699951171875	0.25	0.25	0.43325185775756836	0.18	0.18	0.45506763458251953
HS	20	0.26	0.26	0.004873991012573242	0.28	0.28	0.02767038345336914	0.24	0.24	3.3573179244995117	0.31	0.31	5.606224775314331	0.195	0.195	0.0033464431762695312	0.34	0.34	0.02701735496520996	0.32	0.32	0.003289937973022461	0.135	0.135	0.016246795654296875	0.255	0.255	0.13083696365356445	0.275	0.275	0.13718509674072266	0.22	0.22	0.46500110626220703	0.195	0.195	0.46196794509887695
HS	21	0.31	0.31	0.005839109420776367	0.355	0.355	0.02685070037841797	0.365	0.365	0.5461299419403076	0.395	0.395	4.832178115844727	0.33	0.33	0.0033757686614990234	0.365	0.365	0.027258872985839844	0.415	0.415	0.0034508705139160156	0.22	0.22	0.012045621871948242	0.345	0.345	0.13412189483642578	0.31	0.31	0.13081049919128418	0.28	0.28	0.4127383232116699	0.265	0.265	0.4471879005432129
HS	22	0.385	0.385	0.005532026290893555	0.445	0.445	0.02918720245361328	0.37	0.37	0.5437297821044922	0.45	0.45	4.79772686958313	0.38	0.38	0.0032906532287597656	0.46	0.46	0.026422977447509766	0.44	0.44	0.003219127655029297	0.245	0.245	0.011974096298217773	0.35	0.35	0.1252908706665039	0.385	0.385	0.1323397159576416	0.29	0.29	0.4051032066345215	0.27	0.27	0.4143390655517578
HS	23	0.27	0.27	0.0045053958892822266	0.335	0.335	0.026932716369628906	0.335	0.335	0.5485179424285889	0.36	0.36	5.2606360912323	0.265	0.265	0.0032677650451660156	0.365	0.365	0.027554750442504883	0.35	0.35	0.0032813549041748047	0.255	0.255	0.011930465698242188	0.33	0.33	0.13291001319885254	0.335	0.335	0.1354506015777588	0.265	0.265	0.4104595184326172	0.2	0.2	0.41872596740722656
HS	24	0.285	0.285	0.004476785659790039	0.265	0.265	0.026679277420043945	0.28	0.28	0.5294175148010254	0.305	0.305	5.487793922424316	0.28	0.28	0.003309965133666992	0.335	0.335	0.026987075805664062	0.28	0.28	0.003317117691040039	0.13	0.13	0.011667490005493164	0.245	0.245	0.1278069019317627	0.325	0.325	0.12996315956115723	0.275	0.275	0.4095430374145508	0.195	0.195	0.41812825202941895
HS	25	0.33	0.33	0.004433155059814453	0.4	0.4	0.027972936630249023	0.305	0.305	0.4936347007751465	0.415	0.415	4.957078456878662	0.39	0.39	0.0032606124877929688	0.46	0.46	0.02733016014099121	0.455	0.455	0.0042493343353271484	0.295	0.295	0.011769294738769531	0.37	0.37	0.12445640563964844	0.43	0.43	0.12875986099243164	0.31	0.31	0.40712809562683105	0.265	0.265	0.4115934371948242
HS	26	0.32	0.32	0.004865169525146484	0.305	0.305	0.027167797088623047	0.275	0.275	0.5047702789306641	0.31	0.31	4.9843385219573975	0.34	0.34	0.0034410953521728516	0.4	0.4	0.027566194534301758	0.395	0.395	0.0032227039337158203	0.18	0.18	0.012419700622558594	0.34	0.34	0.12147140502929688	0.3	0.3	0.12952637672424316	0.205	0.205	0.4087095260620117	0.175	0.175	0.41484570503234863
HS	27	0.35	0.35	0.0047664642333984375	0.395	0.395	0.0279390811920166	0.36	0.36	0.5065808296203613	0.42	0.42	4.852849960327148	0.36	0.36	0.0033681392669677734	0.405	0.405	0.026723146438598633	0.425	0.425	0.0032453536987304688	0.185	0.185	0.011742591857910156	0.415	0.415	0.13028240203857422	0.37	0.37	0.1380293369293213	0.325	0.325	0.40784287452697754	0.21	0.21	0.41828370094299316
HS	28	0.31	0.31	0.004639863967895508	0.305	0.305	0.026262760162353516	0.255	0.255	0.5324738025665283	0.31	0.31	5.090762615203857	0.265	0.265	0.0033926963806152344	0.33	0.33	0.02775120735168457	0.32	0.32	0.0030736923217773438	0.21	0.21	0.011707544326782227	0.36	0.36	0.12381291389465332	0.355	0.355	0.12893462181091309	0.195	0.195	0.40827441215515137	0.215	0.215	0.41433048248291016
HS	29	0.34	0.34	0.004530191421508789	0.4	0.4	0.02812814712524414	0.34	0.34	0.50911545753479	0.335	0.335	5.095806837081909	0.355	0.355	0.0035333633422851562	0.33	0.33	0.02766275405883789	0.395	0.395	0.003216981887817383	0.31	0.31	0.01205301284790039	0.3	0.3	0.12462639808654785	0.375	0.375	0.13046956062316895	0.325	0.325	0.4098474979400635	0.245	0.245	0.4158518314361572
SS	30	0.335	0.335	0.0050160884857177734	0.4	0.4	0.026511192321777344	0.29	0.29	0.5047681331634521	0.355	0.355	5.027881622314453	0.3	0.3	0.0035240650177001953	0.38	0.38	0.02668023109436035	0.345	0.345	0.0030105113983154297	0.24	0.24	0.011405229568481445	0.35	0.35	0.1279301643371582	0.36	0.36	0.13268041610717773	0.205	0.205	0.4087083339691162	0.195	0.195	0.4163539409637451
SS	31	0.25	0.25	0.0045833587646484375	0.345	0.345	0.027370452880859375	0.28	0.28	0.5189700126647949	0.3	0.3	5.070472240447998	0.26	0.26	0.0035364627838134766	0.39	0.39	0.027287006378173828	0.345	0.345	0.002865314483642578	0.245	0.245	0.011409997940063477	0.29	0.29	0.12510991096496582	0.265	0.265	0.13053297996520996	0.245	0.245	0.40834593772888184	0.26	0.26	0.41648244857788086
SS	32	0.295	0.295	0.004714488983154297	0.4	0.4	0.02864384651184082	0.375	0.375	0.49216151237487793	0.4	0.4	4.572705268859863	0.29	0.29	0.0033643245697021484	0.37	0.37	0.026770830154418945	0.425	0.425	0.0030736923217773438	0.24	0.24	0.015269756317138672	0.41	0.41	0.12700915336608887	0.375	0.375	0.13982868194580078	0.195	0.195	0.5021340847015381	0.2	0.2	0.5000412464141846
SS	33	0.265	0.265	0.006292819976806641	0.345	0.345	0.02947068214416504	0.3	0.3	0.5175356864929199	0.345	0.345	5.080010652542114	0.27	0.27	0.0034935474395751953	0.315	0.315	0.02663278579711914	0.365	0.365	0.003050088882446289	0.235	0.235	0.012866497039794922	0.345	0.345	0.12557029724121094	0.345	0.345	0.13353252410888672	0.19	0.19	0.40335726737976074	0.115	0.115	0.4568774700164795
SS	34	0.225	0.225	0.004778385162353516	0.365	0.365	0.027592182159423828	0.24	0.24	0.5652370452880859	0.25	0.25	5.106266021728516	0.285	0.285	0.003395557403564453	0.355	0.355	0.027022838592529297	0.365	0.365	0.0029642581939697266	0.29	0.29	0.011775016784667969	0.325	0.325	0.1255333423614502	0.385	0.385	0.1327228546142578	0.17	0.17	0.4067409038543701	0.07	0.07	0.41829538345336914
SS	35	0.405	0.405	0.005103588104248047	0.365	0.365	0.02682662010192871	0.335	0.335	0.4842529296875	0.345	0.345	4.899480819702148	0.275	0.275	0.003634214401245117	0.39	0.39	0.02805018424987793	0.355	0.355	0.002888917922973633	0.125	0.125	0.02202630043029785	0.355	0.355	0.12554049491882324	0.375	0.375	0.13122820854187012	0.175	0.175	0.4041926860809326	0.15	0.15	0.41986989974975586
SS	36	0.3	0.3	0.004576444625854492	0.415	0.415	0.026429414749145508	0.33	0.33	0.5030593872070312	0.37	0.37	5.027100563049316	0.31	0.31	0.003438711166381836	0.38	0.38	0.02714824676513672	0.36	0.36	0.003415346145629883	0.28	0.28	0.012066364288330078	0.315	0.315	0.16275644302368164	0.32	0.32	0.14778351783752441	0.285	0.285	0.41368675231933594	0.16	0.16	0.41563963890075684
SS	37	0.24	0.24	0.0049746036529541016	0.285	0.285	0.02649664878845215	0.315	0.315	0.5297825336456299	0.285	0.285	5.263638019561768	0.285	0.285	0.0035109519958496094	0.335	0.335	0.026983022689819336	0.34	0.34	0.003574371337890625	0.2	0.2	0.012262582778930664	0.25	0.25	0.1240532398223877	0.26	0.26	0.13112258911132812	0.21	0.21	0.43947410583496094	0.215	0.215	0.4531729221343994
SS	38	0.33	0.33	0.0050542354583740234	0.44	0.44	0.027949810028076172	0.225	0.225	0.5061120986938477	0.415	0.415	4.834488868713379	0.34	0.34	0.0033102035522460938	0.37	0.37	0.028177976608276367	0.41	0.41	0.004797697067260742	0.24	0.24	0.015917301177978516	0.31	0.31	0.13758420944213867	0.33	0.33	0.15549564361572266	0.295	0.295	0.5270822048187256	0.225	0.225	0.5009047985076904
SS	39	0.265	0.265	0.004909038543701172	0.375	0.375	0.027053117752075195	0.285	0.285	0.5525858402252197	0.32	0.32	5.150625944137573	0.275	0.275	0.0034868717193603516	0.375	0.375	0.0270535945892334	0.365	0.365	0.0036504268646240234	0.355	0.355	0.012197732925415039	0.365	0.365	0.1269981861114502	0.42	0.42	0.13255786895751953	0.295	0.295	0.44693589210510254	0.245	0.245	0.46207666397094727
SE	40	0.25	0.25	0.004254579544067383	0.305	0.305	0.026706695556640625	0.285	0.285	0.5427336692810059	0.265	0.265	4.920362710952759	0.22	0.22	0.0035822391510009766	0.28	0.28	0.027545690536499023	0.325	0.325	0.0028798580169677734	0.195	0.195	0.011837959289550781	0.255	0.255	0.12456417083740234	0.28	0.28	0.12945294380187988	0.235	0.235	0.4091928005218506	0.235	0.235	0.4677116870880127
SE	41	0.3	0.3	0.0039103031158447266	0.345	0.345	0.02698493003845215	0.31	0.31	0.5498776435852051	0.335	0.335	4.880152702331543	0.285	0.285	0.0034754276275634766	0.32	0.32	0.02729320526123047	0.32	0.32	0.0035622119903564453	0.225	0.225	0.012183666229248047	0.26	0.26	0.12673401832580566	0.245	0.245	0.13416552543640137	0.22	0.22	0.43012332916259766	0.195	0.195	0.4521942138671875
SE	42	0.25	0.25	0.0040895938873291016	0.255	0.255	0.0275723934173584	0.225	0.225	0.564988374710083	0.275	0.275	5.431250810623169	0.255	0.255	0.003533601760864258	0.27	0.27	0.027009248733520508	0.245	0.245	0.003161191940307617	0.18	0.18	0.013353347778320312	0.21	0.21	0.12659335136413574	0.21	0.21	0.13262295722961426	0.205	0.205	0.43860411643981934	0.175	0.175	0.45017480850219727
SE	43	0.29	0.29	0.004154682159423828	0.315	0.315	0.028302669525146484	0.26	0.26	0.5110330581665039	0.325	0.325	5.058415651321411	0.275	0.275	0.0033354759216308594	0.325	0.325	0.027112960815429688	0.285	0.285	0.003289461135864258	0.23	0.23	0.013309240341186523	0.3	0.3	0.1264784336090088	0.295	0.295	0.13507318496704102	0.225	0.225	0.4367225170135498	0.205	0.205	0.45899462699890137
SE	44	0.295	0.295	0.0043697357177734375	0.38	0.38	0.02886962890625	0.345	0.345	0.5020036697387695	0.31	0.31	5.2569379806518555	0.28	0.28	0.003358125686645508	0.42	0.42	0.026917695999145508	0.4	0.4	0.003033876419067383	0.235	0.235	0.012080907821655273	0.305	0.305	0.1272716522216797	0.4	0.4	0.1334705352783203	0.235	0.235	0.40934300422668457	0.225	0.225	0.41574811935424805
SE	45	0.31	0.31	0.004190921783447266	0.34	0.34	0.027079343795776367	0.28	0.28	0.5114989280700684	0.26	0.26	4.854137897491455	0.28	0.28	0.003616809844970703	0.295	0.295	0.029096126556396484	0.365	0.365	0.003047466278076172	0.305	0.305	0.011724233627319336	0.35	0.35	0.12417721748352051	0.345	0.345	0.12955546379089355	0.26	0.26	0.40273547172546387	0.245	0.245	0.4161031246185303
SE	46	0.265	0.265	0.0042934417724609375	0.3	0.3	0.026300668716430664	0.265	0.265	0.5014133453369141	0.305	0.305	4.9063568115234375	0.265	0.265	0.0035219192504882812	0.355	0.355	0.027072906494140625	0.35	0.35	0.002955913543701172	0.235	0.235	0.012213706970214844	0.305	0.305	0.12592625617980957	0.29	0.29	0.1298673152923584	0.23	0.23	0.4058268070220947	0.28	0.28	0.4200105667114258
SE	47	0.315	0.315	0.004142284393310547	0.37	0.37	0.027803659439086914	0.265	0.265	0.49246954917907715	0.4	0.4	4.907477378845215	0.355	0.355	0.0034863948822021484	0.385	0.385	0.027046680450439453	0.38	0.38	0.002950429916381836	0.31	0.31	0.0113525390625	0.315	0.315	0.12545156478881836	0.29	0.29	0.12807464599609375	0.28	0.28	0.4063694477081299	0.26	0.26	0.41454505920410156
SE	48	0.37	0.37	0.00414276123046875	0.4	0.4	0.026726245880126953	0.38	0.38	0.48685455322265625	0.34	0.34	4.876972198486328	0.34	0.34	0.003258228302001953	0.415	0.415	0.026495695114135742	0.41	0.41	0.0029489994049072266	0.245	0.245	0.011334896087646484	0.345	0.345	0.12830638885498047	0.325	0.325	0.12734293937683105	0.285	0.285	0.41277432441711426	0.27	0.27	0.42105698585510254
SE	49	0.325	0.325	0.004217863082885742	0.39	0.39	0.026793479919433594	0.33	0.33	0.4661259651184082	0.345	0.345	4.744081735610962	0.34	0.34	0.0034151077270507812	0.44	0.44	0.026759624481201172	0.395	0.395	0.0029664039611816406	0.29	0.29	0.011417150497436523	0.355	0.355	0.13242888450622559	0.395	0.395	0.13954591751098633	0.305	0.305	0.4105243682861328	0.315	0.315	0.4159090518951416
H	50	0.36	0.36	0.003979206085205078	0.345	0.345	0.02795124053955078	0.39	0.39	0.44167613983154297	0.47	0.47	4.181350946426392	0.36	0.36	0.003194093704223633	0.395	0.395	0.028148651123046875	0.445	0.445	0.0039958953857421875	0.14	0.14	0.011451005935668945	0.305	0.305	0.12266969680786133	0.31	0.31	0.13320040702819824	0.22	0.22	0.40717124938964844	0.205	0.205	0.4166841506958008
H	51	0.37	0.37	0.004052877426147461	0.415	0.415	0.02715778350830078	0.43	0.43	0.4455454349517822	0.425	0.425	4.204577445983887	0.36	0.36	0.0035552978515625	0.425	0.425	0.02660846710205078	0.445	0.445	0.0038831233978271484	0.12	0.12	0.012012243270874023	0.315	0.315	0.1259620189666748	0.24	0.24	0.12852096557617188	0.28	0.28	0.40468597412109375	0.165	0.165	0.41553521156311035
H	52	0.33	0.33	0.0037698745727539062	0.39	0.39	0.02741265296936035	0.365	0.365	0.4694175720214844	0.365	0.365	4.368715286254883	0.365	0.365	0.003184795379638672	0.465	0.465	0.026569604873657227	0.35	0.35	0.0029892921447753906	0.13	0.13	0.011467456817626953	0.37	0.37	0.12720251083374023	0.265	0.265	0.13517379760742188	0.3	0.3	0.40404367446899414	0.275	0.275	0.4120450019836426
H	53	0.34	0.34	0.004145622253417969	0.38	0.38	0.027969837188720703	0.39	0.39	0.46765828132629395	0.35	0.35	4.702555418014526	0.295	0.295	0.003413677215576172	0.39	0.39	0.028084278106689453	0.4	0.4	0.002772808074951172	0.16	0.16	0.011809587478637695	0.36	0.36	0.12670516967773438	0.27	0.27	0.1311349868774414	0.335	0.335	0.4056892395019531	0.16	0.16	0.41557836532592773
H	54	0.405	0.405	0.003835439682006836	0.485	0.485	0.027643442153930664	0.445	0.445	0.4360983371734619	0.47	0.47	4.1131510734558105	0.425	0.425	0.0031058788299560547	0.46	0.46	0.026823997497558594	0.475	0.475	0.0027217864990234375	0.19	0.19	0.011898994445800781	0.42	0.42	0.12811517715454102	0.395	0.395	0.12892746925354004	0.415	0.415	0.4074368476867676	0.315	0.315	0.41636109352111816
H	55	0.335	0.335	0.004148006439208984	0.445	0.445	0.02663111686706543	0.41	0.41	0.4564213752746582	0.44	0.44	4.100494861602783	0.34	0.34	0.0034012794494628906	0.4	0.4	0.027058839797973633	0.435	0.435	0.002808094024658203	0.09	0.09	0.011743307113647461	0.375	0.375	0.12735748291015625	0.295	0.295	0.13245892524719238	0.34	0.34	0.4051089286804199	0.215	0.215	0.41097068786621094
H	56	0.365	0.365	0.0038547515869140625	0.39	0.39	0.026217222213745117	0.45	0.45	0.42213964462280273	0.47	0.47	4.195541143417358	0.405	0.405	0.003495931625366211	0.44	0.44	0.027810335159301758	0.44	0.44	0.002829313278198242	0.12	0.12	0.011610269546508789	0.435	0.435	0.12265396118164062	0.28	0.28	0.12911105155944824	0.28	0.28	0.4059603214263916	0.235	0.235	0.4218888282775879
H	57	0.31	0.31	0.003741741180419922	0.365	0.365	0.02767658233642578	0.315	0.315	0.4894521236419678	0.375	0.375	4.461472272872925	0.34	0.34	0.003253459930419922	0.44	0.44	0.02690410614013672	0.39	0.39	0.002666473388671875	0.14	0.14	0.01150202751159668	0.35	0.35	0.12738561630249023	0.31	0.31	0.13295412063598633	0.25	0.25	0.4064974784851074	0.185	0.185	0.4159865379333496
H	58	0.445	0.445	0.0037147998809814453	0.5	0.5	0.027561426162719727	0.395	0.395	0.4154319763183594	0.505	0.505	3.9043493270874023	0.425	0.425	0.003378629684448242	0.51	0.51	0.02797842025756836	0.505	0.505	0.002868175506591797	0.1	0.1	0.011752605438232422	0.5	0.5	0.12646245956420898	0.38	0.38	0.136641263961792	0.45	0.45	0.4034736156463623	0.21	0.21	0.41633152961730957
H	59	0.32	0.32	0.003966808319091797	0.41	0.41	0.027231216430664062	0.355	0.355	0.4640178680419922	0.46	0.46	4.344932556152344	0.36	0.36	0.0034012794494628906	0.42	0.42	0.026749849319458008	0.455	0.455	0.002827882766723633	0.105	0.105	0.011778831481933594	0.375	0.375	0.12732672691345215	0.325	0.325	0.13355493545532227	0.335	0.335	0.4089334011077881	0.245	0.245	0.4164252281188965
E	60	0.265	0.265	0.0034105777740478516	0.315	0.315	0.026310205459594727	0.3	0.3	0.521528959274292	0.34	0.34	4.939426898956299	0.29	0.29	0.003416776657104492	0.315	0.315	0.026731491088867188	0.37	0.37	0.0025832653045654297	0.135	0.135	0.013321638107299805	0.26	0.26	0.12658905982971191	0.27	0.27	0.1331326961517334	0.22	0.22	0.40503978729248047	0.22	0.22	0.41361093521118164
E	61	0.335	0.335	0.0035338401794433594	0.345	0.345	0.026981592178344727	0.355	0.355	0.46308255195617676	0.365	0.365	4.580204963684082	0.355	0.355	0.003504514694213867	0.345	0.345	0.026888608932495117	0.345	0.345	0.002496957778930664	0.2	0.2	0.014352560043334961	0.29	0.29	0.12616634368896484	0.325	0.325	0.131591796875	0.225	0.225	0.4082207679748535	0.225	0.225	0.4176445007324219
E	62	0.26	0.26	0.003542184829711914	0.29	0.29	0.02747488021850586	0.29	0.29	0.48742055892944336	0.325	0.325	4.741981506347656	0.275	0.275	0.003509044647216797	0.29	0.29	0.02673625946044922	0.325	0.325	0.0024564266204833984	0.15	0.15	0.011374235153198242	0.225	0.225	0.12407469749450684	0.215	0.215	0.12938380241394043	0.165	0.165	0.4029569625854492	0.165	0.165	0.42024707794189453
E	63	0.26	0.26	0.003565073013305664	0.325	0.325	0.027741670608520508	0.3	0.3	0.48552584648132324	0.305	0.305	4.830349922180176	0.27	0.27	0.003560304641723633	0.325	0.325	0.02735614776611328	0.35	0.35	0.0024394989013671875	0.18	0.18	0.011366605758666992	0.29	0.29	0.12567639350891113	0.29	0.29	0.13370704650878906	0.325	0.325	0.41261959075927734	0.325	0.325	0.41939687728881836
E	64	0.245	0.245	0.0036389827728271484	0.275	0.275	0.02883434295654297	0.275	0.275	0.47564029693603516	0.285	0.285	4.743530750274658	0.245	0.245	0.003629446029663086	0.275	0.275	0.026706218719482422	0.32	0.32	0.002680540084838867	0.295	0.295	0.011214017868041992	0.31	0.31	0.12457895278930664	0.31	0.31	0.13219141960144043	0.275	0.275	0.4074437618255615	0.275	0.275	0.41506052017211914
E	65	0.275	0.275	0.003805875778198242	0.405	0.405	0.028554439544677734	0.315	0.315	0.47147297859191895	0.41	0.41	4.4737255573272705	0.32	0.32	0.003798961639404297	0.405	0.405	0.026874303817749023	0.41	0.41	0.002493619918823242	0.37	0.37	0.011359930038452148	0.395	0.395	0.12653803825378418	0.39	0.39	0.13355231285095215	0.335	0.335	0.41615796089172363	0.335	0.335	0.4139094352722168
E	66	0.305	0.305	0.0034890174865722656	0.385	0.385	0.026619672775268555	0.33	0.33	0.4712522029876709	0.365	0.365	4.777627944946289	0.295	0.295	0.0034716129302978516	0.385	0.385	0.02799248695373535	0.38	0.38	0.0023860931396484375	0.22	0.22	0.015534162521362305	0.31	0.31	0.12476015090942383	0.345	0.345	0.1289668083190918	0.33	0.33	0.40581536293029785	0.33	0.33	0.4169635772705078
E	67	0.275	0.275	0.003578662872314453	0.38	0.38	0.026310443878173828	0.27	0.27	0.49449849128723145	0.345	0.345	4.637499809265137	0.28	0.28	0.0035576820373535156	0.38	0.38	0.026905536651611328	0.34	0.34	0.002824068069458008	0.155	0.155	0.015674352645874023	0.23	0.23	0.12532973289489746	0.245	0.245	0.13126325607299805	0.215	0.215	0.4076356887817383	0.215	0.215	0.4116334915161133
E	68	0.31	0.31	0.003793954849243164	0.35	0.35	0.026770353317260742	0.305	0.305	0.4620859622955322	0.4	0.4	4.377084255218506	0.305	0.305	0.0038356781005859375	0.35	0.35	0.027976036071777344	0.37	0.37	0.0023391246795654297	0.33	0.33	0.013346433639526367	0.395	0.395	0.12324166297912598	0.415	0.415	0.1302962303161621	0.35	0.35	0.40729761123657227	0.35	0.35	0.4131813049316406
E	69	0.295	0.295	0.0032351016998291016	0.365	0.365	0.026433944702148438	0.33	0.33	0.46669912338256836	0.325	0.325	4.48579216003418	0.305	0.305	0.0032358169555664062	0.365	0.365	0.026889801025390625	0.355	0.355	0.002433300018310547	0.205	0.205	0.013568401336669922	0.285	0.285	0.12268280982971191	0.31	0.31	0.1280064582824707	0.275	0.275	0.40452027320861816	0.275	0.275	0.41397976875305176
S	70	0.285	0.285	0.004038810729980469	0.35	0.35	0.027041912078857422	0.29	0.29	0.48774027824401855	0.35	0.35	4.668260812759399	0.265	0.265	0.005016803741455078	0.345	0.345	0.026400089263916016	0.34	0.34	0.002731800079345703	0.12	0.12	0.011159658432006836	0.275	0.275	0.13210320472717285	0.225	0.225	0.1370837688446045	0.2	0.2	0.40558505058288574	0.2	0.2	0.42192864418029785
S	71	0.26	0.26	0.004454612731933594	0.28	0.28	0.026762008666992188	0.26	0.26	0.4747035503387451	0.31	0.31	4.801063299179077	0.245	0.245	0.004057407379150391	0.34	0.34	0.027549028396606445	0.325	0.325	0.0027179718017578125	0.135	0.135	0.011559247970581055	0.24	0.24	0.1247398853302002	0.215	0.215	0.13096356391906738	0.14	0.14	0.40459394454956055	0.14	0.14	0.4160501956939697
S	72	0.25	0.25	0.004190921783447266	0.295	0.295	0.02684617042541504	0.23	0.23	0.5001466274261475	0.26	0.26	4.8744425773620605	0.21	0.21	0.004048824310302734	0.245	0.245	0.02638101577758789	0.27	0.27	0.002645730972290039	0.21	0.21	0.011739492416381836	0.23	0.23	0.12822508811950684	0.245	0.245	0.13393115997314453	0.185	0.185	0.4109067916870117	0.15	0.15	0.41500425338745117
S	73	0.285	0.285	0.003996372222900391	0.32	0.32	0.027140378952026367	0.22	0.22	0.5020782947540283	0.305	0.305	4.871938467025757	0.205	0.205	0.004960775375366211	0.305	0.305	0.02708888053894043	0.275	0.275	0.003274679183959961	0.16	0.16	0.011241674423217773	0.22	0.22	0.1257610321044922	0.295	0.295	0.1329360008239746	0.255	0.255	0.4098517894744873	0.255	0.255	0.41687893867492676
S	74	0.27	0.27	0.004435539245605469	0.29	0.29	0.02810525894165039	0.21	0.21	0.5188982486724854	0.315	0.315	5.104546546936035	0.215	0.215	0.004833221435546875	0.32	0.32	0.027991294860839844	0.37	0.37	0.0026624202728271484	0.195	0.195	0.011574029922485352	0.25	0.25	0.13026118278503418	0.19	0.19	0.13085579872131348	0.23	0.23	0.40238070487976074	0.27	0.27	0.41504478454589844
S	75	0.245	0.245	0.0045604705810546875	0.295	0.295	0.02670121192932129	0.265	0.265	0.49025630950927734	0.29	0.29	4.861229181289673	0.19	0.19	0.0041043758392333984	0.235	0.235	0.026253461837768555	0.305	0.305	0.0026373863220214844	0.185	0.185	0.012182950973510742	0.275	0.275	0.1236565113067627	0.22	0.22	0.1294095516204834	0.165	0.165	0.412003755569458	0.165	0.165	0.4257338047027588
S	76	0.225	0.225	0.004988193511962891	0.275	0.275	0.02729034423828125	0.2	0.2	0.5307321548461914	0.255	0.255	4.9206390380859375	0.23	0.23	0.004572629928588867	0.245	0.245	0.02673053741455078	0.31	0.31	0.002442598342895508	0.145	0.145	0.011777639389038086	0.225	0.225	0.13060379028320312	0.225	0.225	0.1328110694885254	0.18	0.18	0.4090456962585449	0.165	0.165	0.41265368461608887
S	77	0.315	0.315	0.004715681076049805	0.325	0.325	0.02848982810974121	0.23	0.23	0.49849987030029297	0.31	0.31	4.824922323226929	0.255	0.255	0.004305362701416016	0.295	0.295	0.0272061824798584	0.295	0.295	0.002414703369140625	0.15	0.15	0.011371135711669922	0.3	0.3	0.12251901626586914	0.23	0.23	0.12904047966003418	0.235	0.235	0.41175079345703125	0.23	0.23	0.4256126880645752
S	78	0.25	0.25	0.004069328308105469	0.285	0.285	0.02712273597717285	0.285	0.285	0.4633936882019043	0.315	0.315	4.99849534034729	0.215	0.215	0.0049746036529541016	0.3	0.3	0.026633024215698242	0.37	0.37	0.00267791748046875	0.175	0.175	0.011314868927001953	0.185	0.185	0.13062477111816406	0.145	0.145	0.13749957084655762	0.15	0.15	0.4098825454711914	0.15	0.15	0.419741153717041
S	79	0.36	0.36	0.0052263736724853516	0.37	0.37	0.026530981063842773	0.26	0.26	0.481137752532959	0.325	0.325	4.784716606140137	0.225	0.225	0.0037059783935546875	0.32	0.32	0.026155948638916016	0.335	0.335	0.0026733875274658203	0.145	0.145	0.011593341827392578	0.295	0.295	0.1332859992980957	0.27	0.27	0.13762974739074707	0.275	0.275	0.41527390480041504	0.27	0.27	0.42801666259765625
