sklearn_dt,sklearn_rf,product_dt,product_rf,tangent_dt,tangent_rf,knn,ps_perceptron,dataset,trial
1.0,0.9591836734693877,1.0,0.9591836734693877,1.0,0.9591836734693877,0.8775510204081632,0.7755102040816326,karate_club,0
0.8163265306122449,0.8367346938775511,0.8163265306122449,0.9183673469387755,0.8163265306122449,0.9183673469387755,0.8775510204081632,0.9183673469387755,karate_club,1
0.8367346938775511,0.8775510204081632,0.8367346938775511,0.8775510204081632,0.8367346938775511,0.8367346938775511,0.8979591836734694,0.8775510204081632,karate_club,2
0.7959183673469388,0.8571428571428571,0.8775510204081632,0.9795918367346939,0.7959183673469388,0.9387755102040817,0.7551020408163265,0.0,karate_club,3
0.9591836734693877,0.9183673469387755,0.9591836734693877,0.9183673469387755,0.9591836734693877,0.9183673469387755,0.8979591836734694,0.12244897959183673,karate_club,4
0.9591836734693877,0.8775510204081632,0.9591836734693877,0.8775510204081632,0.9591836734693877,0.8775510204081632,0.8775510204081632,0.8775510204081632,karate_club,5
0.8367346938775511,0.7551020408163265,0.8367346938775511,0.7551020408163265,0.8367346938775511,0.7755102040816326,0.9183673469387755,0.7551020408163265,karate_club,6
0.9591836734693877,0.7959183673469388,0.9591836734693877,0.7959183673469388,0.9591836734693877,0.7959183673469388,0.8367346938775511,0.7959183673469388,karate_club,7
0.9591836734693877,0.8367346938775511,0.9591836734693877,0.7959183673469388,0.9591836734693877,0.8163265306122449,0.8775510204081632,0.7959183673469388,karate_club,8
0.9183673469387755,0.9183673469387755,0.9183673469387755,0.9183673469387755,0.9183673469387755,0.9183673469387755,0.8571428571428571,0.6122448979591837,karate_club,9
0.9591836734693877,0.8367346938775511,0.9591836734693877,0.8367346938775511,0.9591836734693877,0.8367346938775511,0.8775510204081632,0.8367346938775511,karate_club,10
0.9591836734693877,1.0,0.9591836734693877,1.0,0.9591836734693877,1.0,0.9183673469387755,0.0,karate_club,11
0.9591836734693877,0.8571428571428571,0.9591836734693877,0.9183673469387755,0.9591836734693877,0.9183673469387755,0.7959183673469388,0.9183673469387755,karate_club,12
0.9183673469387755,0.8367346938775511,0.9183673469387755,0.8367346938775511,0.9183673469387755,0.8163265306122449,0.8775510204081632,0.8367346938775511,karate_club,13
0.9591836734693877,0.8367346938775511,0.9591836734693877,0.8367346938775511,0.9591836734693877,0.8367346938775511,0.7959183673469388,0.8367346938775511,karate_club,14
0.9591836734693877,0.9387755102040817,0.9591836734693877,0.8775510204081632,0.9591836734693877,0.9387755102040817,0.8367346938775511,0.32653061224489793,karate_club,15
0.9183673469387755,0.8571428571428571,0.9183673469387755,0.9183673469387755,0.9183673469387755,0.8775510204081632,0.8775510204081632,0.08163265306122448,karate_club,16
0.7959183673469388,0.7142857142857143,0.7959183673469388,0.7142857142857143,0.7959183673469388,0.7142857142857143,0.8367346938775511,0.7142857142857143,karate_club,17
0.9591836734693877,0.8775510204081632,0.9591836734693877,0.8367346938775511,0.9591836734693877,0.8367346938775511,0.8979591836734694,0.8367346938775511,karate_club,18
0.9591836734693877,0.8775510204081632,0.8775510204081632,0.8775510204081632,0.9591836734693877,0.8775510204081632,0.8163265306122449,0.8775510204081632,karate_club,19
1.0,0.8775510204081632,1.0,0.8775510204081632,1.0,0.8775510204081632,0.8979591836734694,0.40816326530612246,karate_club,20
0.9183673469387755,0.8571428571428571,0.9183673469387755,0.8367346938775511,0.9183673469387755,0.8367346938775511,0.7755102040816326,0.8367346938775511,karate_club,21
0.9183673469387755,0.8775510204081632,0.9183673469387755,0.8775510204081632,0.9183673469387755,0.8775510204081632,0.9387755102040817,0.8571428571428571,karate_club,22
1.0,0.9591836734693877,1.0,0.9591836734693877,1.0,0.9591836734693877,0.9591836734693877,0.04081632653061224,karate_club,23
0.9183673469387755,0.8775510204081632,0.9183673469387755,0.9183673469387755,0.9183673469387755,0.9183673469387755,0.9387755102040817,0.08163265306122448,karate_club,24
0.9183673469387755,0.9387755102040817,0.9183673469387755,0.9795918367346939,0.9183673469387755,1.0,0.8571428571428571,0.0,karate_club,25
1.0,0.8979591836734694,1.0,0.8775510204081632,1.0,0.8775510204081632,0.9591836734693877,0.8775510204081632,karate_club,26
0.9591836734693877,0.8775510204081632,0.9591836734693877,0.9591836734693877,0.9591836734693877,0.9591836734693877,0.8979591836734694,0.8775510204081632,karate_club,27
0.9591836734693877,0.9591836734693877,0.9591836734693877,0.9591836734693877,0.9591836734693877,0.9591836734693877,0.8979591836734694,0.9591836734693877,karate_club,28
0.9591836734693877,0.9387755102040817,0.9591836734693877,0.9591836734693877,0.9591836734693877,0.9591836734693877,0.9183673469387755,0.04081632653061224,karate_club,29
1.0,0.9183673469387755,1.0,0.9183673469387755,1.0,0.9183673469387755,1.0,0.08163265306122448,karate_club,30
0.8775510204081632,0.7142857142857143,0.8775510204081632,0.7142857142857143,0.8775510204081632,0.7142857142857143,0.7142857142857143,0.7142857142857143,karate_club,31
0.9183673469387755,0.9183673469387755,0.9183673469387755,0.9183673469387755,0.9183673469387755,0.9183673469387755,0.8367346938775511,0.9183673469387755,karate_club,32
0.9183673469387755,0.7959183673469388,0.9183673469387755,0.7959183673469388,0.9183673469387755,0.7959183673469388,0.7959183673469388,0.7959183673469388,karate_club,33
0.8775510204081632,0.9795918367346939,0.8775510204081632,0.8775510204081632,0.8775510204081632,0.8775510204081632,0.7959183673469388,0.8367346938775511,karate_club,34
0.9183673469387755,0.8775510204081632,0.9183673469387755,0.9183673469387755,0.9183673469387755,0.8775510204081632,0.8571428571428571,0.8367346938775511,karate_club,35
1.0,0.9183673469387755,1.0,0.9183673469387755,1.0,0.9183673469387755,0.9183673469387755,0.4897959183673469,karate_club,36
0.7959183673469388,0.673469387755102,0.7959183673469388,0.673469387755102,0.7959183673469388,0.673469387755102,0.7959183673469388,0.673469387755102,karate_club,37
0.9591836734693877,0.8775510204081632,0.9591836734693877,0.8775510204081632,0.9591836734693877,0.8775510204081632,0.8571428571428571,0.6938775510204082,karate_club,38
0.9591836734693877,0.8571428571428571,0.9591836734693877,0.8775510204081632,0.9591836734693877,0.9183673469387755,0.8775510204081632,0.8775510204081632,karate_club,39
0.8571428571428571,0.8775510204081632,0.8367346938775511,0.9183673469387755,0.8571428571428571,0.9183673469387755,0.7959183673469388,0.9183673469387755,karate_club,40
0.8775510204081632,0.8367346938775511,0.8775510204081632,0.8367346938775511,0.8775510204081632,0.8367346938775511,0.9591836734693877,0.8367346938775511,karate_club,41
0.9591836734693877,0.9591836734693877,0.9591836734693877,0.9591836734693877,0.9591836734693877,0.9591836734693877,0.8979591836734694,0.04081632653061224,karate_club,42
0.9183673469387755,1.0,0.9183673469387755,0.9591836734693877,0.9183673469387755,1.0,0.8775510204081632,0.9795918367346939,karate_club,43
1.0,0.9591836734693877,1.0,0.9591836734693877,1.0,0.9591836734693877,0.8163265306122449,0.04081632653061224,karate_club,44
1.0,0.8571428571428571,1.0,0.9183673469387755,1.0,0.7959183673469388,0.9183673469387755,0.7959183673469388,karate_club,45
0.9591836734693877,0.9183673469387755,0.9591836734693877,0.8775510204081632,0.9591836734693877,0.8775510204081632,0.9591836734693877,0.8775510204081632,karate_club,46
1.0,0.9591836734693877,1.0,0.9591836734693877,1.0,0.9591836734693877,0.9591836734693877,0.9591836734693877,karate_club,47
0.9591836734693877,0.8571428571428571,0.9591836734693877,0.9183673469387755,0.9591836734693877,0.9183673469387755,0.7755102040816326,0.8163265306122449,karate_club,48
0.9183673469387755,0.9387755102040817,0.9183673469387755,0.9591836734693877,0.9183673469387755,0.9183673469387755,0.9183673469387755,0.7346938775510204,karate_club,49
0.9591836734693877,0.9591836734693877,0.9591836734693877,0.9591836734693877,0.9591836734693877,0.9591836734693877,0.8775510204081632,0.04081632653061224,karate_club,50
0.9591836734693877,0.9183673469387755,0.9591836734693877,0.9183673469387755,0.9591836734693877,0.9591836734693877,0.9591836734693877,0.8571428571428571,karate_club,51
0.9591836734693877,0.9591836734693877,0.9591836734693877,0.9591836734693877,0.9591836734693877,0.9591836734693877,0.9591836734693877,0.4489795918367347,karate_club,52
0.8979591836734694,0.9591836734693877,0.8979591836734694,0.9591836734693877,0.9183673469387755,0.9591836734693877,0.9183673469387755,0.5306122448979592,karate_club,53
0.9795918367346939,0.8775510204081632,0.9795918367346939,0.8775510204081632,1.0,0.8775510204081632,0.8571428571428571,0.7959183673469388,karate_club,54
0.8775510204081632,0.9387755102040817,0.8775510204081632,0.9183673469387755,0.8775510204081632,0.9387755102040817,0.9591836734693877,0.24489795918367346,karate_club,55
0.9591836734693877,0.8775510204081632,0.9591836734693877,0.8775510204081632,0.9591836734693877,0.8775510204081632,0.9183673469387755,0.40816326530612246,karate_club,56
1.0,0.673469387755102,1.0,0.673469387755102,1.0,0.673469387755102,0.8367346938775511,0.673469387755102,karate_club,57
0.9591836734693877,1.0,0.9591836734693877,1.0,0.9591836734693877,0.9591836734693877,0.9387755102040817,0.0,karate_club,58
1.0,0.9591836734693877,1.0,0.9591836734693877,1.0,0.9591836734693877,0.8775510204081632,0.04081632653061224,karate_club,59
0.9183673469387755,0.9591836734693877,0.9183673469387755,0.9591836734693877,0.9183673469387755,0.9591836734693877,0.8367346938775511,0.04081632653061224,karate_club,60
0.8775510204081632,0.8775510204081632,0.8775510204081632,0.8775510204081632,0.9183673469387755,0.8775510204081632,0.8163265306122449,0.8775510204081632,karate_club,61
0.9591836734693877,0.9183673469387755,0.9591836734693877,0.9183673469387755,0.9591836734693877,0.9183673469387755,0.8571428571428571,0.9183673469387755,karate_club,62
1.0,0.8367346938775511,1.0,0.7959183673469388,1.0,0.7959183673469388,0.9387755102040817,0.7959183673469388,karate_club,63
0.9591836734693877,0.8367346938775511,0.9591836734693877,0.8367346938775511,0.9591836734693877,0.8367346938775511,0.9183673469387755,0.8367346938775511,karate_club,64
0.9183673469387755,0.8775510204081632,0.9183673469387755,0.9591836734693877,0.9183673469387755,0.8775510204081632,0.8775510204081632,0.04081632653061224,karate_club,65
0.9387755102040817,0.8775510204081632,0.9387755102040817,0.8775510204081632,0.9387755102040817,0.8775510204081632,0.9183673469387755,0.8775510204081632,karate_club,66
1.0,0.7551020408163265,1.0,0.7551020408163265,1.0,0.7551020408163265,0.8367346938775511,0.7551020408163265,karate_club,67
0.9591836734693877,0.9183673469387755,0.9591836734693877,0.9183673469387755,0.9591836734693877,0.9387755102040817,0.8775510204081632,0.4489795918367347,karate_club,68
0.8367346938775511,0.9591836734693877,0.8571428571428571,1.0,0.8367346938775511,0.9795918367346939,0.8367346938775511,0.0,karate_club,69
0.8775510204081632,0.8367346938775511,0.8775510204081632,0.9183673469387755,0.8775510204081632,0.9591836734693877,0.7755102040816326,0.8775510204081632,karate_club,70
0.9591836734693877,0.9183673469387755,0.9591836734693877,0.9183673469387755,0.9591836734693877,0.9183673469387755,0.8775510204081632,0.9183673469387755,karate_club,71
0.9183673469387755,0.9183673469387755,0.9183673469387755,0.9183673469387755,0.9183673469387755,0.9183673469387755,0.8979591836734694,0.08163265306122448,karate_club,72
1.0,0.8367346938775511,1.0,0.8367346938775511,1.0,0.8367346938775511,0.9183673469387755,0.8367346938775511,karate_club,73
0.8163265306122449,0.7551020408163265,0.8367346938775511,0.7551020408163265,0.8367346938775511,0.7551020408163265,0.7346938775510204,0.7551020408163265,karate_club,74
0.9183673469387755,0.9795918367346939,0.7142857142857143,1.0,0.9183673469387755,1.0,0.8367346938775511,0.08163265306122448,karate_club,75
0.8367346938775511,0.8979591836734694,0.8367346938775511,1.0,0.8367346938775511,0.8775510204081632,0.8367346938775511,0.12244897959183673,karate_club,76
0.7142857142857143,0.7959183673469388,0.7142857142857143,0.7755102040816326,0.7142857142857143,0.7346938775510204,0.7551020408163265,0.6938775510204082,karate_club,77
0.9591836734693877,0.9591836734693877,0.9591836734693877,0.8775510204081632,0.9591836734693877,0.8979591836734694,0.8979591836734694,0.6938775510204082,karate_club,78
0.9591836734693877,0.8775510204081632,0.9591836734693877,0.8775510204081632,0.9591836734693877,0.8163265306122449,0.8367346938775511,0.8775510204081632,karate_club,79
1.0,0.8775510204081632,1.0,0.8775510204081632,1.0,0.8775510204081632,0.8571428571428571,0.12244897959183673,karate_club,80
0.9591836734693877,0.9591836734693877,0.9591836734693877,0.9591836734693877,0.9591836734693877,0.9591836734693877,0.8571428571428571,0.04081632653061224,karate_club,81
0.9591836734693877,0.9183673469387755,0.9591836734693877,0.9183673469387755,0.9591836734693877,0.9183673469387755,0.8367346938775511,0.9183673469387755,karate_club,82
0.9591836734693877,0.9183673469387755,0.9591836734693877,0.9183673469387755,1.0,0.9183673469387755,0.9387755102040817,0.9183673469387755,karate_club,83
1.0,0.9183673469387755,1.0,0.9183673469387755,1.0,0.9183673469387755,0.9591836734693877,0.08163265306122448,karate_club,84
0.8775510204081632,0.8775510204081632,1.0,1.0,0.8775510204081632,0.9591836734693877,0.673469387755102,0.0,karate_club,85
0.9591836734693877,0.8775510204081632,0.9591836734693877,0.8775510204081632,0.9591836734693877,0.8571428571428571,0.8775510204081632,0.8775510204081632,karate_club,86
0.8367346938775511,0.8367346938775511,0.8367346938775511,0.7959183673469388,0.8367346938775511,0.7959183673469388,0.8367346938775511,0.7959183673469388,karate_club,87
0.8367346938775511,0.7959183673469388,0.8367346938775511,0.7959183673469388,0.8367346938775511,0.7551020408163265,0.7551020408163265,0.7959183673469388,karate_club,88
0.9183673469387755,0.9591836734693877,0.9183673469387755,0.9591836734693877,0.9183673469387755,0.9591836734693877,0.9183673469387755,0.7959183673469388,karate_club,89
0.7755102040816326,0.6326530612244898,0.7755102040816326,0.6326530612244898,0.7755102040816326,0.6326530612244898,0.7142857142857143,0.6326530612244898,karate_club,90
0.9591836734693877,0.8775510204081632,0.9591836734693877,0.8775510204081632,0.9591836734693877,0.8979591836734694,0.8979591836734694,0.8775510204081632,karate_club,91
0.9795918367346939,0.9183673469387755,0.9795918367346939,0.9183673469387755,0.9591836734693877,0.9183673469387755,0.673469387755102,0.9183673469387755,karate_club,92
0.9591836734693877,0.8367346938775511,0.9591836734693877,0.8367346938775511,0.9591836734693877,0.8979591836734694,1.0,0.8367346938775511,karate_club,93
0.9183673469387755,0.9183673469387755,0.9183673469387755,0.9591836734693877,0.9183673469387755,0.9591836734693877,0.7959183673469388,0.9591836734693877,karate_club,94
1.0,0.9183673469387755,1.0,0.8775510204081632,1.0,0.8775510204081632,0.8775510204081632,0.8571428571428571,karate_club,95
0.9591836734693877,0.8775510204081632,0.9591836734693877,0.8775510204081632,0.9591836734693877,0.8775510204081632,0.9183673469387755,0.8571428571428571,karate_club,96
0.8367346938775511,0.7551020408163265,0.8367346938775511,0.7551020408163265,0.8367346938775511,0.7551020408163265,0.8367346938775511,0.7551020408163265,karate_club,97
0.9591836734693877,0.8979591836734694,0.9591836734693877,0.8775510204081632,0.9591836734693877,0.8775510204081632,0.8163265306122449,0.8775510204081632,karate_club,98
0.9183673469387755,0.9591836734693877,0.9183673469387755,0.9591836734693877,0.9183673469387755,0.8979591836734694,0.9591836734693877,0.04081632653061224,karate_club,99
0.96875,0.8203125,0.96875,0.8203125,0.96875,0.8359375,0.92578125,0.8203125,lesmis,100
0.96875,0.94921875,0.96875,0.9453125,0.96875,0.9453125,0.9140625,0.9453125,lesmis,101
0.96875,0.92578125,0.96875,0.921875,0.96875,0.921875,0.97265625,0.921875,lesmis,102
0.9296875,0.9140625,0.9296875,0.9140625,0.9296875,0.94140625,0.921875,0.9140625,lesmis,103
0.9765625,0.94921875,0.9765625,0.9140625,0.9765625,0.91796875,0.95703125,0.9140625,lesmis,104
0.9609375,0.9140625,0.921875,0.95703125,0.921875,0.9140625,0.953125,0.9140625,lesmis,105
0.95703125,0.9296875,0.95703125,0.9296875,0.95703125,0.9375,0.92578125,0.9296875,lesmis,106
0.87890625,0.921875,0.87890625,0.9296875,0.87890625,0.921875,0.90625,0.921875,lesmis,107
0.85546875,0.828125,0.8671875,0.8359375,0.85546875,0.8359375,0.84375,0.8359375,lesmis,108
0.9609375,0.953125,0.95703125,0.953125,0.9453125,0.953125,0.9609375,0.953125,lesmis,109
0.9609375,0.88671875,0.9609375,0.859375,0.9609375,0.86328125,0.90625,0.859375,lesmis,110
0.9453125,0.953125,0.9453125,0.8984375,0.9453125,0.8984375,0.9296875,0.8984375,lesmis,111
0.9765625,0.9296875,0.9765625,0.9296875,0.9765625,0.96875,0.953125,0.9296875,lesmis,112
0.9453125,0.94921875,0.9453125,0.9453125,0.9375,0.9453125,0.90625,0.9453125,lesmis,113
0.984375,0.953125,0.9765625,0.953125,0.984375,0.9765625,0.96875,0.953125,lesmis,114
0.9296875,0.9296875,0.9296875,0.90625,0.9296875,0.91015625,0.92578125,0.90625,lesmis,115
0.9609375,0.92578125,0.9609375,0.9140625,0.9609375,0.953125,0.94140625,0.9140625,lesmis,116
0.96484375,0.98046875,0.9765625,0.9609375,0.95703125,0.9765625,0.96875,0.9609375,lesmis,117
0.9921875,0.90625,0.9921875,0.90625,0.9921875,0.90625,0.98046875,0.90625,lesmis,118
0.9765625,0.8984375,0.9765625,0.8984375,0.96875,0.8984375,0.95703125,0.8984375,lesmis,119
0.953125,0.91796875,0.953125,0.8984375,0.953125,0.92578125,0.94140625,0.8984375,lesmis,120
0.9140625,0.859375,0.9140625,0.859375,0.9140625,0.87109375,0.91015625,0.859375,lesmis,121
0.953125,0.921875,0.953125,0.921875,0.953125,0.93359375,0.9453125,0.921875,lesmis,122
0.9609375,0.95703125,0.9609375,0.90625,0.9609375,0.90625,0.97265625,0.90625,lesmis,123
0.9609375,0.9296875,0.9609375,0.9296875,0.9609375,0.9296875,0.94921875,0.9296875,lesmis,124
0.96875,0.953125,0.96875,0.953125,0.96875,0.97265625,0.9609375,0.953125,lesmis,125
0.94140625,0.94921875,0.94140625,0.8984375,0.94140625,0.8984375,0.92578125,0.8984375,lesmis,126
0.96484375,0.9453125,0.9609375,0.9453125,0.9609375,0.95703125,0.9296875,0.9453125,lesmis,127
0.9375,0.93359375,0.9140625,0.9375,0.92578125,0.8984375,0.921875,0.9375,lesmis,128
0.90625,0.8828125,0.90625,0.8828125,0.90625,0.8828125,0.90625,0.8828125,lesmis,129
0.9453125,0.96875,0.9453125,0.96875,0.9453125,0.953125,0.953125,0.96875,lesmis,130
0.98046875,0.9453125,0.94921875,0.9453125,0.98046875,0.96875,0.96875,0.9453125,lesmis,131
0.9609375,0.8515625,0.9609375,0.8515625,0.96484375,0.8515625,0.9375,0.8515625,lesmis,132
0.9453125,0.9140625,0.98046875,0.859375,0.98046875,0.88671875,0.94140625,0.859375,lesmis,133
0.92578125,0.953125,0.9609375,0.9609375,0.92578125,0.9296875,0.92578125,0.9609375,lesmis,134
0.984375,0.97265625,0.9765625,0.984375,0.984375,0.9453125,0.98828125,0.9453125,lesmis,135
0.953125,0.9140625,0.953125,0.9140625,0.953125,0.9140625,0.94140625,0.9140625,lesmis,136
0.96875,0.9375,0.96875,0.9375,0.96875,0.94140625,0.94140625,0.9375,lesmis,137
0.953125,0.890625,0.96484375,0.890625,0.953125,0.91796875,0.90234375,0.890625,lesmis,138
0.9453125,0.9609375,0.9453125,0.9921875,0.9453125,0.98046875,0.9375,0.9921875,lesmis,139
0.9609375,0.9375,0.9609375,0.9375,0.96484375,0.9375,0.92578125,0.9375,lesmis,140
0.98046875,1.0,0.98046875,0.984375,0.98046875,0.984375,0.96484375,0.984375,lesmis,141
0.9921875,0.9765625,0.9921875,0.9765625,0.9921875,0.9765625,0.9765625,0.9765625,lesmis,142
0.92578125,0.90625,0.9453125,0.8984375,0.92578125,0.90625,0.92578125,0.8984375,lesmis,143
0.9609375,0.9375,0.9609375,0.9375,0.9609375,0.9375,0.91796875,0.9375,lesmis,144
0.8984375,0.8203125,0.8984375,0.8203125,0.8984375,0.8203125,0.890625,0.8203125,lesmis,145
0.9375,0.921875,0.90625,0.921875,0.9375,0.921875,0.8984375,0.921875,lesmis,146
0.9765625,0.9140625,0.9609375,0.9140625,0.9609375,0.9140625,0.9296875,0.9140625,lesmis,147
0.96875,0.9453125,0.96875,0.9453125,0.96875,0.9453125,0.9609375,0.9453125,lesmis,148
0.984375,0.9375,0.984375,0.890625,0.984375,0.9453125,0.984375,0.890625,lesmis,149
0.9921875,0.8984375,0.9921875,0.8671875,0.9921875,0.8671875,0.9765625,0.8671875,lesmis,150
0.98828125,0.9609375,0.98828125,0.9609375,0.98828125,0.9609375,0.984375,0.9609375,lesmis,151
0.9375,0.9375,0.9296875,0.9453125,0.92578125,0.9453125,0.90234375,0.9453125,lesmis,152
0.92578125,0.91015625,0.92578125,0.9140625,0.9375,0.91796875,0.91015625,0.9140625,lesmis,153
0.97265625,0.984375,0.97265625,0.96875,0.97265625,0.96875,0.9609375,0.96875,lesmis,154
0.9765625,0.98828125,0.9765625,0.921875,0.9765625,0.921875,0.953125,0.921875,lesmis,155
0.98828125,0.94921875,0.98828125,0.9375,0.98828125,0.9375,0.98046875,0.9375,lesmis,156
0.9453125,0.953125,0.9453125,0.9296875,0.9453125,0.94140625,0.921875,0.9296875,lesmis,157
0.9609375,0.9296875,0.96875,0.9296875,0.96875,0.984375,0.9140625,0.9296875,lesmis,158
0.953125,0.90625,0.953125,0.90625,0.953125,0.91796875,0.9609375,0.90625,lesmis,159
0.9375,0.9453125,0.9375,0.9453125,0.9375,0.95703125,0.95703125,0.9453125,lesmis,160
0.9453125,0.9609375,0.953125,0.9609375,0.9453125,0.95703125,0.95703125,0.9609375,lesmis,161
0.9765625,0.96875,0.9765625,0.9296875,0.9765625,0.9375,0.95703125,0.9296875,lesmis,162
0.9609375,0.921875,0.9609375,0.921875,0.9609375,0.9453125,0.94921875,0.921875,lesmis,163
0.9609375,0.90625,0.9609375,0.90625,0.9609375,0.90625,0.9609375,0.90625,lesmis,164
0.9921875,0.984375,0.9921875,0.984375,0.9921875,0.98828125,0.95703125,0.984375,lesmis,165
0.96875,0.93359375,0.96875,0.9296875,0.9375,0.9296875,0.96875,0.9296875,lesmis,166
0.96484375,0.953125,0.96484375,0.953125,0.96484375,0.953125,0.96484375,0.953125,lesmis,167
0.91796875,0.90234375,0.91015625,0.8828125,0.91796875,0.88671875,0.94921875,0.8828125,lesmis,168
0.93359375,0.97265625,0.93359375,0.9609375,0.94921875,0.984375,0.95703125,0.9609375,lesmis,169
0.9921875,0.96875,0.9921875,0.96875,0.9765625,0.98046875,0.984375,0.96875,lesmis,170
0.96875,0.9375,0.96875,0.9375,0.95703125,0.9375,0.953125,0.9375,lesmis,171
0.97265625,0.859375,0.97265625,0.859375,0.9296875,0.859375,0.8984375,0.859375,lesmis,172
0.97265625,0.9765625,0.97265625,0.953125,0.97265625,0.9609375,0.96484375,0.953125,lesmis,173
0.9453125,0.9453125,0.9453125,0.9453125,0.9453125,0.9453125,0.921875,0.9453125,lesmis,174
0.921875,0.90625,0.9375,0.8828125,0.921875,0.90234375,0.94140625,0.8828125,lesmis,175
0.921875,0.9453125,0.921875,0.9453125,0.921875,0.93359375,0.9375,0.9453125,lesmis,176
0.98046875,0.9375,0.98828125,0.9296875,0.98046875,0.93359375,0.93359375,0.9296875,lesmis,177
0.96875,0.9296875,0.9609375,0.9296875,0.96875,0.93359375,0.953125,0.9296875,lesmis,178
0.9609375,0.93359375,0.9609375,0.9375,0.9609375,0.9375,0.94140625,0.9375,lesmis,179
0.96484375,0.984375,0.96484375,0.96875,0.9609375,0.97265625,0.95703125,0.96875,lesmis,180
0.9609375,0.95703125,0.9609375,0.9453125,0.9609375,0.94921875,0.9375,0.9453125,lesmis,181
0.890625,0.84765625,0.890625,0.8515625,0.890625,0.8515625,0.87890625,0.8515625,lesmis,182
0.94921875,0.91015625,0.953125,0.9140625,0.953125,0.90625,0.91796875,0.9140625,lesmis,183
0.96484375,0.98046875,0.96875,0.96875,0.96484375,0.97265625,0.96484375,0.96875,lesmis,184
0.96875,0.953125,0.96875,0.9765625,0.96875,0.953125,0.94140625,0.953125,lesmis,185
0.9609375,0.90234375,0.9609375,0.890625,0.9609375,0.89453125,0.90625,0.890625,lesmis,186
0.9609375,0.8984375,0.9609375,0.8984375,0.9609375,0.9296875,0.96484375,0.8984375,lesmis,187
0.9375,0.9140625,0.9375,0.875,0.9375,0.875,0.9375,0.875,lesmis,188
0.98046875,0.98828125,0.98046875,0.984375,0.98046875,0.9765625,0.9140625,0.984375,lesmis,189
0.90625,0.8984375,0.9296875,0.8984375,0.9296875,0.92578125,0.9453125,0.8984375,lesmis,190
0.9375,0.9140625,0.9375,0.8984375,0.9375,0.8984375,0.91015625,0.8984375,lesmis,191
0.92578125,0.90234375,0.96484375,0.9140625,0.921875,0.9140625,0.92578125,0.9140625,lesmis,192
0.98828125,0.9375,0.9921875,0.9375,0.98828125,0.94140625,0.984375,0.9375,lesmis,193
0.91015625,0.890625,0.90625,0.890625,0.91015625,0.890625,0.8828125,0.890625,lesmis,194
0.91796875,0.921875,0.921875,0.921875,0.91796875,0.921875,0.921875,0.921875,lesmis,195
0.9453125,0.87890625,0.8828125,0.875,0.9453125,0.875,0.94140625,0.875,lesmis,196
0.9140625,0.859375,0.9140625,0.859375,0.9140625,0.859375,0.94140625,0.859375,lesmis,197
0.9453125,0.921875,0.9453125,0.9140625,0.9453125,0.93359375,0.96875,0.9140625,lesmis,198
0.96875,0.9765625,0.9609375,0.96875,0.96875,0.96484375,0.96875,0.96875,lesmis,199
0.7551020408163265,0.7142857142857143,0.7551020408163265,0.7142857142857143,0.7551020408163265,0.7142857142857143,0.7551020408163265,0.7142857142857143,football,200
0.7551020408163265,0.673469387755102,0.7551020408163265,0.673469387755102,0.7551020408163265,0.673469387755102,0.7142857142857143,0.673469387755102,football,201
0.7959183673469388,0.7959183673469388,0.7959183673469388,0.7959183673469388,0.7959183673469388,0.7959183673469388,0.7755102040816326,0.7959183673469388,football,202
0.8367346938775511,0.7551020408163265,0.8367346938775511,0.7551020408163265,0.8367346938775511,0.7551020408163265,0.7551020408163265,0.7551020408163265,football,203
0.8775510204081632,0.8163265306122449,0.8775510204081632,0.8367346938775511,0.8775510204081632,0.8775510204081632,0.8775510204081632,0.8367346938775511,football,204
0.6326530612244898,0.42857142857142855,0.6326530612244898,0.42857142857142855,0.6326530612244898,0.42857142857142855,0.3877551020408163,0.42857142857142855,football,205
0.9183673469387755,0.8367346938775511,0.9183673469387755,0.8367346938775511,0.9183673469387755,0.8979591836734694,0.8367346938775511,0.8367346938775511,football,206
0.8775510204081632,0.7551020408163265,0.8775510204081632,0.7551020408163265,0.8775510204081632,0.7755102040816326,0.8163265306122449,0.7551020408163265,football,207
1.0,0.8775510204081632,1.0,0.8775510204081632,1.0,0.8775510204081632,0.8775510204081632,0.8775510204081632,football,208
0.8775510204081632,0.9591836734693877,0.8775510204081632,0.9591836734693877,0.8775510204081632,0.9591836734693877,0.8979591836734694,0.9591836734693877,football,209
0.8367346938775511,0.8367346938775511,0.8367346938775511,0.8367346938775511,0.8367346938775511,0.8367346938775511,0.8367346938775511,0.8367346938775511,football,210
0.7959183673469388,0.7551020408163265,0.7959183673469388,0.7142857142857143,0.7959183673469388,0.7551020408163265,0.7346938775510204,0.7142857142857143,football,211
0.8367346938775511,0.7959183673469388,0.8367346938775511,0.7959183673469388,0.8367346938775511,0.7959183673469388,0.8367346938775511,0.7959183673469388,football,212
0.9591836734693877,0.9591836734693877,0.9591836734693877,0.9591836734693877,0.9591836734693877,0.9591836734693877,0.8571428571428571,0.9591836734693877,football,213
1.0,0.9591836734693877,1.0,0.9183673469387755,1.0,0.9183673469387755,0.9387755102040817,0.9183673469387755,football,214
0.8775510204081632,0.7551020408163265,0.8775510204081632,0.7551020408163265,0.8775510204081632,0.7551020408163265,0.7959183673469388,0.7551020408163265,football,215
0.9183673469387755,0.8367346938775511,0.9183673469387755,0.8367346938775511,0.9183673469387755,0.8775510204081632,0.7346938775510204,0.8367346938775511,football,216
0.9591836734693877,0.8979591836734694,0.9591836734693877,0.9183673469387755,0.9591836734693877,0.9183673469387755,0.8163265306122449,0.9183673469387755,football,217
0.8775510204081632,0.7959183673469388,0.8775510204081632,0.7959183673469388,0.8775510204081632,0.7959183673469388,0.7755102040816326,0.7959183673469388,football,218
0.8367346938775511,0.7551020408163265,0.8367346938775511,0.7551020408163265,0.8367346938775511,0.8163265306122449,0.8163265306122449,0.7551020408163265,football,219
0.9183673469387755,0.8367346938775511,0.9183673469387755,0.9183673469387755,0.9183673469387755,0.8367346938775511,0.9591836734693877,0.8367346938775511,football,220
0.8367346938775511,0.8775510204081632,0.8367346938775511,0.8775510204081632,0.8367346938775511,0.8775510204081632,0.6938775510204082,0.8775510204081632,football,221
0.9183673469387755,0.9591836734693877,0.9183673469387755,0.9591836734693877,0.9183673469387755,0.9591836734693877,0.8979591836734694,0.9591836734693877,football,222
0.9591836734693877,0.9183673469387755,0.9591836734693877,0.9183673469387755,0.9591836734693877,0.9183673469387755,0.8571428571428571,0.9183673469387755,football,223
0.9591836734693877,0.9387755102040817,0.9591836734693877,0.8367346938775511,0.9591836734693877,0.9387755102040817,0.8367346938775511,0.8367346938775511,football,224
1.0,1.0,1.0,1.0,1.0,1.0,0.9387755102040817,1.0,football,225
0.8367346938775511,0.7959183673469388,0.8367346938775511,0.7959183673469388,0.8367346938775511,0.7959183673469388,0.7551020408163265,0.7959183673469388,football,226
0.8775510204081632,0.8775510204081632,0.8775510204081632,0.8775510204081632,0.8775510204081632,0.8775510204081632,0.8775510204081632,0.8775510204081632,football,227
0.8775510204081632,0.8775510204081632,0.8775510204081632,0.8367346938775511,0.8775510204081632,0.8571428571428571,0.8367346938775511,0.8367346938775511,football,228
0.9591836734693877,0.8775510204081632,0.9591836734693877,0.8775510204081632,0.9591836734693877,0.8775510204081632,0.8571428571428571,0.8775510204081632,football,229
0.8775510204081632,0.8775510204081632,0.8775510204081632,0.9183673469387755,0.8775510204081632,0.9183673469387755,0.7959183673469388,0.9183673469387755,football,230
0.9591836734693877,0.9183673469387755,0.9591836734693877,0.9183673469387755,0.9591836734693877,0.9591836734693877,0.8775510204081632,0.9183673469387755,football,231
0.7959183673469388,0.7551020408163265,0.7959183673469388,0.7551020408163265,0.7959183673469388,0.7551020408163265,0.7755102040816326,0.7551020408163265,football,232
0.7959183673469388,0.8163265306122449,0.7959183673469388,0.7959183673469388,0.7959183673469388,0.7959183673469388,0.7755102040816326,0.7959183673469388,football,233
0.9591836734693877,0.9183673469387755,0.9591836734693877,0.8367346938775511,0.9591836734693877,0.8775510204081632,0.8979591836734694,0.8367346938775511,football,234
0.7959183673469388,0.7959183673469388,0.7959183673469388,0.7959183673469388,0.7959183673469388,0.7755102040816326,0.7959183673469388,0.7959183673469388,football,235
1.0,0.9183673469387755,1.0,0.8775510204081632,1.0,0.8775510204081632,0.8775510204081632,0.8775510204081632,football,236
0.8367346938775511,0.8367346938775511,0.8367346938775511,0.7959183673469388,0.8367346938775511,0.8163265306122449,0.7755102040816326,0.7959183673469388,football,237
0.7551020408163265,0.7959183673469388,0.7551020408163265,0.7551020408163265,0.7551020408163265,0.7959183673469388,0.7551020408163265,0.7959183673469388,football,238
0.9183673469387755,0.9591836734693877,0.9183673469387755,0.9183673469387755,0.9183673469387755,0.9591836734693877,0.9387755102040817,0.9591836734693877,football,239
0.7959183673469388,0.673469387755102,0.7959183673469388,0.673469387755102,0.7959183673469388,0.673469387755102,0.673469387755102,0.673469387755102,football,240
0.8367346938775511,0.5510204081632653,0.8367346938775511,0.5510204081632653,0.8367346938775511,0.5510204081632653,0.6530612244897959,0.5510204081632653,football,241
0.8775510204081632,0.8367346938775511,0.8775510204081632,0.8367346938775511,0.8775510204081632,0.8367346938775511,0.8367346938775511,0.8367346938775511,football,242
0.9183673469387755,0.8571428571428571,0.9183673469387755,0.8775510204081632,0.9183673469387755,0.8775510204081632,0.8775510204081632,0.8775510204081632,football,243
1.0,0.9591836734693877,1.0,0.9591836734693877,1.0,0.9591836734693877,0.9591836734693877,0.9591836734693877,football,244
0.9591836734693877,0.9183673469387755,0.9591836734693877,0.9183673469387755,0.9591836734693877,0.9183673469387755,0.8979591836734694,0.9183673469387755,football,245
0.8367346938775511,0.7959183673469388,0.8367346938775511,0.7959183673469388,0.8367346938775511,0.7959183673469388,0.8775510204081632,0.7959183673469388,football,246
0.9183673469387755,0.8775510204081632,0.9183673469387755,0.8775510204081632,0.9183673469387755,0.8775510204081632,0.8571428571428571,0.8775510204081632,football,247
0.7551020408163265,0.7755102040816326,0.7551020408163265,0.7959183673469388,0.7551020408163265,0.7755102040816326,0.6938775510204082,0.7959183673469388,football,248
0.673469387755102,0.5918367346938775,0.673469387755102,0.5918367346938775,0.673469387755102,0.5918367346938775,0.6938775510204082,0.5918367346938775,football,249
0.8367346938775511,0.7142857142857143,0.8367346938775511,0.7142857142857143,0.8367346938775511,0.7142857142857143,0.7959183673469388,0.7142857142857143,football,250
0.9591836734693877,0.9591836734693877,0.9591836734693877,0.8775510204081632,0.9591836734693877,0.8775510204081632,0.8775510204081632,0.8775510204081632,football,251
0.9591836734693877,0.9591836734693877,0.9591836734693877,0.9591836734693877,0.9591836734693877,0.9591836734693877,0.9183673469387755,0.9591836734693877,football,252
0.8775510204081632,0.8775510204081632,0.8775510204081632,0.8775510204081632,0.8775510204081632,0.8775510204081632,0.8571428571428571,0.8775510204081632,football,253
0.9183673469387755,0.9183673469387755,0.9183673469387755,0.9183673469387755,0.9183673469387755,0.9183673469387755,0.7755102040816326,0.9183673469387755,football,254
0.9183673469387755,0.8367346938775511,0.9183673469387755,0.8367346938775511,0.9183673469387755,0.8163265306122449,0.8367346938775511,0.8367346938775511,football,255
0.8775510204081632,0.8367346938775511,0.8775510204081632,0.8367346938775511,0.8775510204081632,0.8367346938775511,0.7346938775510204,0.8367346938775511,football,256
0.8775510204081632,0.9183673469387755,0.8775510204081632,0.9183673469387755,0.8775510204081632,0.9183673469387755,0.8979591836734694,0.9183673469387755,football,257
0.9591836734693877,0.8775510204081632,0.9591836734693877,0.8775510204081632,0.9591836734693877,0.8775510204081632,0.8571428571428571,0.8775510204081632,football,258
0.673469387755102,0.6326530612244898,0.673469387755102,0.6326530612244898,0.673469387755102,0.6326530612244898,0.7142857142857143,0.6326530612244898,football,259
1.0,0.9591836734693877,1.0,0.9591836734693877,1.0,0.9591836734693877,0.8775510204081632,0.9591836734693877,football,260
0.7959183673469388,0.8367346938775511,0.7959183673469388,0.8367346938775511,0.7959183673469388,0.8367346938775511,0.7959183673469388,0.8367346938775511,football,261
0.7959183673469388,0.7959183673469388,0.7959183673469388,0.7959183673469388,0.7959183673469388,0.7959183673469388,0.7959183673469388,0.7959183673469388,football,262
0.9183673469387755,0.8367346938775511,0.9183673469387755,0.8367346938775511,0.9183673469387755,0.8367346938775511,0.7551020408163265,0.8367346938775511,football,263
0.9183673469387755,0.9183673469387755,0.9183673469387755,0.9183673469387755,0.9183673469387755,0.9183673469387755,0.8775510204081632,0.9183673469387755,football,264
0.9183673469387755,0.8979591836734694,0.9183673469387755,0.8775510204081632,0.9183673469387755,0.8979591836734694,0.8979591836734694,0.8367346938775511,football,265
0.9591836734693877,0.9183673469387755,0.9591836734693877,0.9183673469387755,0.9591836734693877,0.9183673469387755,0.9183673469387755,0.9183673469387755,football,266
0.9183673469387755,0.9183673469387755,0.9183673469387755,0.9183673469387755,0.9183673469387755,0.9183673469387755,0.8367346938775511,0.9183673469387755,football,267
0.8775510204081632,0.8367346938775511,0.8775510204081632,0.8775510204081632,0.8775510204081632,0.8367346938775511,0.7959183673469388,0.8367346938775511,football,268
0.9183673469387755,0.8367346938775511,0.9183673469387755,0.8367346938775511,0.9183673469387755,0.8367346938775511,0.8979591836734694,0.8367346938775511,football,269
0.9591836734693877,0.9183673469387755,0.9591836734693877,0.9183673469387755,0.9591836734693877,0.9183673469387755,0.9183673469387755,0.9183673469387755,football,270
0.7959183673469388,0.7142857142857143,0.7959183673469388,0.7142857142857143,0.7959183673469388,0.7959183673469388,0.6122448979591837,0.7142857142857143,football,271
1.0,0.9591836734693877,1.0,0.9591836734693877,1.0,0.9795918367346939,0.9387755102040817,0.9591836734693877,football,272
0.9183673469387755,0.8979591836734694,0.9183673469387755,0.8775510204081632,0.9183673469387755,0.8775510204081632,0.8367346938775511,0.8775510204081632,football,273
0.8367346938775511,0.7142857142857143,0.8367346938775511,0.7142857142857143,0.8367346938775511,0.7142857142857143,0.6938775510204082,0.7142857142857143,football,274
0.7959183673469388,0.7755102040816326,0.7959183673469388,0.7551020408163265,0.7959183673469388,0.7551020408163265,0.7959183673469388,0.7551020408163265,football,275
0.8163265306122449,0.8367346938775511,0.7551020408163265,0.8367346938775511,0.7551020408163265,0.8367346938775511,0.7959183673469388,0.8367346938775511,football,276
0.6326530612244898,0.6326530612244898,0.6326530612244898,0.6326530612244898,0.6326530612244898,0.6326530612244898,0.6326530612244898,0.6326530612244898,football,277
0.9591836734693877,0.9183673469387755,0.9591836734693877,0.9183673469387755,0.9591836734693877,0.9183673469387755,0.9183673469387755,0.9183673469387755,football,278
0.8367346938775511,0.7142857142857143,0.8367346938775511,0.7142857142857143,0.8367346938775511,0.7142857142857143,0.7959183673469388,0.7142857142857143,football,279
1.0,1.0,1.0,1.0,1.0,1.0,0.9387755102040817,1.0,football,280
0.8367346938775511,0.8367346938775511,0.8367346938775511,0.8367346938775511,0.8367346938775511,0.8367346938775511,0.7959183673469388,0.8367346938775511,football,281
0.9183673469387755,0.9591836734693877,0.9183673469387755,0.9183673469387755,0.9183673469387755,0.9183673469387755,0.9591836734693877,0.9183673469387755,football,282
1.0,1.0,0.9795918367346939,1.0,1.0,1.0,0.9795918367346939,1.0,football,283
0.9183673469387755,0.9591836734693877,0.9183673469387755,0.9591836734693877,0.9183673469387755,0.9591836734693877,0.9591836734693877,0.9591836734693877,football,284
0.8367346938775511,0.7551020408163265,0.8367346938775511,0.7551020408163265,0.8367346938775511,0.7551020408163265,0.7346938775510204,0.7551020408163265,football,285
0.9183673469387755,0.8367346938775511,0.9183673469387755,0.8367346938775511,0.9183673469387755,0.8367346938775511,0.8571428571428571,0.8367346938775511,football,286
0.9183673469387755,0.7551020408163265,0.9183673469387755,0.7551020408163265,0.9183673469387755,0.7551020408163265,0.673469387755102,0.7551020408163265,football,287
1.0,0.9387755102040817,1.0,0.9591836734693877,1.0,0.9183673469387755,0.9387755102040817,0.9183673469387755,football,288
0.8367346938775511,0.7959183673469388,0.8367346938775511,0.7959183673469388,0.8367346938775511,0.7959183673469388,0.7755102040816326,0.7959183673469388,football,289
0.673469387755102,0.673469387755102,0.673469387755102,0.673469387755102,0.673469387755102,0.673469387755102,0.7142857142857143,0.673469387755102,football,290
0.9183673469387755,0.9183673469387755,0.9183673469387755,0.9183673469387755,0.9183673469387755,0.9183673469387755,0.9387755102040817,0.9183673469387755,football,291
0.8775510204081632,0.7959183673469388,0.8775510204081632,0.7959183673469388,0.8775510204081632,0.7959183673469388,0.8367346938775511,0.7959183673469388,football,292
0.8775510204081632,0.9591836734693877,0.8775510204081632,0.9591836734693877,0.8775510204081632,0.9591836734693877,0.9183673469387755,0.9591836734693877,football,293
0.8775510204081632,0.8775510204081632,0.8775510204081632,0.7551020408163265,0.8775510204081632,0.7551020408163265,0.7959183673469388,0.7551020408163265,football,294
0.7959183673469388,0.8367346938775511,0.7959183673469388,0.7959183673469388,0.7959183673469388,0.8367346938775511,0.6938775510204082,0.8367346938775511,football,295
0.8775510204081632,0.8775510204081632,0.8775510204081632,0.8775510204081632,0.8775510204081632,0.8775510204081632,0.8775510204081632,0.8775510204081632,football,296
0.9591836734693877,0.8775510204081632,0.9591836734693877,0.8775510204081632,0.9591836734693877,0.9591836734693877,0.9387755102040817,0.8775510204081632,football,297
0.8775510204081632,0.7959183673469388,0.8775510204081632,0.7959183673469388,0.8775510204081632,0.7551020408163265,0.7346938775510204,0.7959183673469388,football,298
0.7959183673469388,0.673469387755102,0.7959183673469388,0.673469387755102,0.7959183673469388,0.673469387755102,0.7142857142857143,0.673469387755102,football,299
