signature	seed	sklearn_dt_rmse	sklearn_dt_time	sklearn_rf_rmse	sklearn_rf_time	product_dt_rmse	product_dt_time	product_rf_rmse	product_rf_time	tangent_dt_rmse	tangent_dt_time	tangent_rf_rmse	tangent_rf_time	knn_rmse	knn_time	tangent_mlp_rmse	tangent_mlp_time	ambient_mlp_rmse	ambient_mlp_time	tangent_gnn_rmse	tangent_gnn_time	ambient_gnn_rmse	ambient_gnn_time
HH	0	0.21926960520348623	0.003953695297241211	0.17199796315263557	0.026560068130493164	0.20913601	1.0512025356292725	0.17254235	9.121175289154053	0.2426171244480115	0.0029859542846679688	0.17960529901003278	0.02639031410217285	0.16587633	0.004777431488037109	0.5434357994560218	0.13959455490112305	0.5434357994560218	0.14538049697875977	0.5434357994560218	0.41828322410583496	0.5434357994560218	0.42684388160705566
HH	1	0.29247365733583486	0.0043141841888427734	0.21894004908123801	0.02633833885192871	0.26943684	1.0424866676330566	0.19869025	9.244016885757446	0.2921051625686105	0.0037832260131835938	0.20521028055909696	0.02643871307373047	0.21161586	0.004723072052001953	0.587288765823939	0.13843846321105957	0.587288765823939	0.13587212562561035	0.587288765823939	0.41661572456359863	0.587288765823939	0.4229466915130615
HH	2	0.20663192301438205	0.004431724548339844	0.15435157477532616	0.026668787002563477	0.19219065	1.0571660995483398	0.16139472	9.4348783493042	0.21782713074887977	0.0034034252166748047	0.15041007806671605	0.026366472244262695	0.15113308	0.006114006042480469	0.40271341430329133	0.14711642265319824	0.40271341430329133	0.15056300163269043	0.40271341430329133	0.4133107662200928	0.40271341430329133	0.4323720932006836
HH	3	0.22619452828798606	0.004181623458862305	0.15796909077053484	0.026115894317626953	0.21199189	1.0430803298950195	0.15338548	9.166477918624878	0.1939875355552181	0.0029451847076416016	0.14867162539709441	0.026180267333984375	0.15646659	0.003345489501953125	0.5305629062193409	0.1314864158630371	0.5305629062193409	0.13644742965698242	0.5305629062193409	0.41787195205688477	0.5305629062193409	0.42627859115600586
HH	4	0.2685678405150234	0.004190683364868164	0.19751066727480177	0.026089191436767578	0.24001545	1.0317378044128418	0.19047578	8.872718811035156	0.25078234415189693	0.0033407211303710938	0.20126231947115503	0.02604055404663086	0.18479748	0.003347158432006836	0.4663850716961445	0.13178133964538574	0.4663850716961445	0.13813400268554688	0.4663850716961445	0.42052626609802246	0.4663850716961445	0.42293858528137207
HH	5	0.331214640169092	0.00400233268737793	0.22213551151396188	0.026148080825805664	0.30111012	1.0295360088348389	0.22688751	8.928286075592041	0.28766053203229536	0.0029473304748535156	0.2206796862573561	0.026275634765625	0.23202643	0.0034322738647460938	0.5109253101919234	0.13187766075134277	0.5109253101919234	0.14078021049499512	0.5109253101919234	0.4122803211212158	0.5109253101919234	0.46003270149230957
HH	6	0.24724346104059092	0.0038890838623046875	0.20052557488297007	0.026006221771240234	0.2628472	1.2103865146636963	0.20120116	9.527483463287354	0.2528281974772933	0.0029926300048828125	0.19061409022799686	0.026552915573120117	0.19623016	0.0034661293029785156	0.5575894726997465	0.13192057609558105	0.5575894726997465	0.13519024848937988	0.5575894726997465	0.4168589115142822	0.5575894726997465	0.46962475776672363
HH	7	0.24003451466383707	0.00412750244140625	0.17678903737178672	0.02739405632019043	0.23834717	1.1352932453155518	0.17052513	8.9988534450531	0.23603227939942284	0.002899169921875	0.17506856640241716	0.026190996170043945	0.17112671	0.003354310989379883	0.5771292488422067	0.13209891319274902	0.5771292488422067	0.13976120948791504	0.5771292488422067	0.41781020164489746	0.5771292488422067	0.424177885055542
HH	8	0.24867553470337608	0.004366159439086914	0.20750895555956922	0.026214122772216797	0.24962108	1.0394978523254395	0.20141837	9.058187484741211	0.2802135542655374	0.0033538341522216797	0.20940866227317723	0.026602983474731445	0.19323719	0.0034601688385009766	0.5771279210611973	0.13106250762939453	0.5771279210611973	0.13648247718811035	0.5771279210611973	0.4118680953979492	0.5771279210611973	0.4322679042816162
HH	9	0.20053713447191204	0.004121065139770508	0.1572872175291498	0.026435136795043945	0.20234294	1.0578656196594238	0.16766794	9.265486717224121	0.21870758244890892	0.0031380653381347656	0.15924647912768067	0.02630329132080078	0.1546687	0.0033664703369140625	0.4562029302722953	0.13220477104187012	0.4562029302722953	0.13591480255126953	0.4562029302722953	0.4138221740722656	0.4562029302722953	0.4200723171234131
HE	10	0.2800324339852207	0.003663778305053711	0.21538655718349958	0.02611827850341797	0.26830423	1.0062453746795654	0.21061909	8.831063032150269	0.2766807651856688	0.0030417442321777344	0.2131931187743227	0.026126861572265625	0.20486651	0.0031375885009765625	0.5208678443662768	0.1333324909210205	0.5208678443662768	0.1393592357635498	0.5208678443662768	0.4113767147064209	0.5208678443662768	0.42231035232543945
HE	11	0.2766138540528836	0.003340482711791992	0.22805905677961813	0.02625107765197754	0.28907707	1.016829252243042	0.209556	8.838443040847778	0.2800293853778028	0.002819538116455078	0.20811468292126023	0.02619314193725586	0.22292958	0.0030536651611328125	0.5325866044729931	0.13468623161315918	0.5325866044729931	0.13638854026794434	0.5325866044729931	0.41564488410949707	0.5325866044729931	0.42260217666625977
HE	12	0.24500225137376352	0.004122257232666016	0.1832019490270096	0.02641463279724121	0.24506842	1.0351791381835938	0.18463042	9.003196954727173	0.24268637012117983	0.004198312759399414	0.18673791010702376	0.02930617332458496	0.17439058	0.0032532215118408203	0.4861250573909708	0.14522528648376465	0.4861250573909708	0.15889501571655273	0.4861250573909708	0.49329662322998047	0.4861250573909708	0.49251246452331543
HE	13	0.32975926244494963	0.003765106201171875	0.22649503642839583	0.02594161033630371	0.3167915	1.0470998287200928	0.22773877	9.201800346374512	0.30966706034029134	0.0029723644256591797	0.22549589920200286	0.026666641235351562	0.23626621	0.0031709671020507812	0.6350469547370725	0.15403056144714355	0.6350469547370725	0.16525530815124512	0.6350469547370725	0.5253863334655762	0.6350469547370725	0.5141005516052246
HE	14	0.24312574707411572	0.003888368606567383	0.19213371245390587	0.026367664337158203	0.23106748	1.0523664951324463	0.19073153	9.18364667892456	0.26199902660176266	0.0032122135162353516	0.19515322176931366	0.026047229766845703	0.19139025	0.003251791000366211	0.5630483448887319	0.13509678840637207	0.5630483448887319	0.13643288612365723	0.5630483448887319	0.45769762992858887	0.5630483448887319	0.48068857192993164
HE	15	0.2642376471125719	0.0047607421875	0.19099728431022392	0.031816720962524414	0.24126616	1.072460651397705	0.1797588	8.898890972137451	0.26334309636322667	0.0032196044921875	0.17961405016058674	0.025963544845581055	0.18402253	0.0031042098999023438	0.6457527337810549	0.13361454010009766	0.6457527337810549	0.1409296989440918	0.6457527337810549	0.4127669334411621	0.6457527337810549	0.4411001205444336
HE	16	0.23374709417100872	0.0034537315368652344	0.18213735667395795	0.026372909545898438	0.2254002	1.01358962059021	0.17825034	8.882157802581787	0.23832518774216324	0.002835988998413086	0.17829993408354353	0.026814699172973633	0.17473604	0.0030279159545898438	0.43889910929655646	0.13368678092956543	0.43889910929655646	0.13682889938354492	0.43889910929655646	0.41196727752685547	0.43889910929655646	0.41622376441955566
HE	17	0.2664606927348728	0.003718852996826172	0.1995435944742442	0.02609562873840332	0.25125495	1.0331556797027588	0.19912592	8.777063369750977	0.2732458401757894	0.003386974334716797	0.1908403106842765	0.026211261749267578	0.20323686	0.0032029151916503906	0.5580180450014852	0.13228631019592285	0.5580180450014852	0.13793706893920898	0.5580180450014852	0.412064790725708	0.5580180450014852	0.42209959030151367
HE	18	0.3116139431126283	0.0033817291259765625	0.22614192588334217	0.0260775089263916	0.28044024	1.0152287483215332	0.22562967	9.047413110733032	0.2854374088951492	0.0029435157775878906	0.22174300904979644	0.026960134506225586	0.22953343	0.003172159194946289	0.5399159821956544	0.1332235336303711	0.5399159821956544	0.14122557640075684	0.5399159821956544	0.41359877586364746	0.5399159821956544	0.4309663772583008
HE	19	0.2825989771383704	0.0034475326538085938	0.21636443859175145	0.02611994743347168	0.28462985	1.0356428623199463	0.22050734	8.705297231674194	0.28823840575085274	0.002810955047607422	0.22226482820719276	0.026410341262817383	0.2213396	0.003225564956665039	0.5095117761918251	0.13135027885437012	0.5095117761918251	0.13567113876342773	0.5095117761918251	0.4105195999145508	0.5095117761918251	0.4245791435241699
HS	20	0.21679472202760905	0.004363059997558594	0.178838204316022	0.026161670684814453	0.23031327	0.9925332069396973	0.18311778	8.558913469314575	0.23432165857218298	0.003468751907348633	0.17738545570851008	0.026456832885742188	0.17478417	0.0031545162200927734	0.523238742586179	0.13158178329467773	0.523238742586179	0.13573837280273438	0.523238742586179	0.41014599800109863	0.523238742586179	0.4164268970489502
HS	21	0.23630587718364876	0.003969430923461914	0.17999053199712356	0.026331186294555664	0.23049982	1.0046145915985107	0.18152007	8.761244058609009	0.24344888370752357	0.003036022186279297	0.1846197185848027	0.02629399299621582	0.1895257	0.003312826156616211	0.5349697791362663	0.13085079193115234	0.5349697791362663	0.1362919807434082	0.5349697791362663	0.41376471519470215	0.5349697791362663	0.4239687919616699
HS	22	0.25239172825045914	0.004302978515625	0.1949919595789975	0.026471853256225586	0.2758969	1.0967857837677002	0.21367763	9.000611066818237	0.2728814043114087	0.003538846969604492	0.2021645069750106	0.02619791030883789	0.20654276	0.0034720897674560547	0.5092258993696125	0.13945341110229492	0.5092258993696125	0.1382451057434082	0.5092258993696125	0.4204225540161133	0.5092258993696125	0.4248631000518799
HS	23	0.3261265246573168	0.005109310150146484	0.24666028595508055	0.026700735092163086	0.33548284	1.061129093170166	0.24777223	8.852097988128662	0.33052436681593284	0.003258228302001953	0.2425721627992937	0.02604842185974121	0.25677136	0.0034682750701904297	0.5512194559571706	0.13047385215759277	0.5512194559571706	0.13595366477966309	0.5512194559571706	0.4079914093017578	0.5512194559571706	0.41464900970458984
HS	24	0.28195223515667484	0.004475831985473633	0.1974878778358837	0.02598714828491211	0.2645778	1.0215415954589844	0.20386167	8.822660446166992	0.24607796145742902	0.0032196044921875	0.20263462078236727	0.026462316513061523	0.19112949	0.003299236297607422	0.5158309024956179	0.1342782974243164	0.5158309024956179	0.1356344223022461	0.5158309024956179	0.4145700931549072	0.5158309024956179	0.4150569438934326
HS	25	0.2501342870531866	0.004308462142944336	0.19439634585723659	0.026089191436767578	0.2639984	0.9952878952026367	0.19030835	8.765513181686401	0.26593764726500607	0.003087759017944336	0.20301738623381774	0.026042699813842773	0.18731868	0.003381967544555664	0.3994413652422254	0.13159990310668945	0.3994413652422254	0.14856767654418945	0.3994413652422254	0.4193291664123535	0.3994413652422254	0.45363616943359375
HS	26	0.20948510452755506	0.0040130615234375	0.15822501659861488	0.02615976333618164	0.23322935	1.0102667808532715	0.17052644	9.450137615203857	0.22604335214562946	0.002904176712036133	0.16259414122156288	0.02652287483215332	0.1700291	0.003329038619995117	0.5799482684186958	0.13260650634765625	0.5799482684186958	0.15031957626342773	0.5799482684186958	0.4699230194091797	0.5799482684186958	0.4798262119293213
HS	27	0.23574620843727834	0.004405498504638672	0.18765022252495378	0.028218507766723633	0.24194361	1.067413330078125	0.17055301	9.468030214309692	0.22443321969613267	0.002995729446411133	0.18005375878323782	0.015878915786743164	0.17991003	0.0031728744506835938	0.44459058321045525	0.1341385841369629	0.44459058321045525	0.14077115058898926	0.44459058321045525	0.41502952575683594	0.44459058321045525	0.4231851100921631
HS	28	0.24131222301530506	0.00399017333984375	0.19409327535923623	0.026062965393066406	0.27077025	1.0453884601593018	0.20227714	8.690162658691406	0.24075389980630635	0.0032660961151123047	0.19960847175088264	0.026501893997192383	0.20779768	0.0032820701599121094	0.6002803221355166	0.13388967514038086	0.6002803221355166	0.13937687873840332	0.6002803221355166	0.42285728454589844	0.6002803221355166	0.4441957473754883
HS	29	0.304027629035054	0.004751682281494141	0.2044623852477104	0.026165008544921875	0.27450195	1.2238013744354248	0.21540485	9.122560262680054	0.29471831759546513	0.0032587051391601562	0.2109318270771991	0.026069164276123047	0.21801744	0.003374338150024414	0.52223938032534	0.1320333480834961	0.52223938032534	0.1372382640838623	0.52223938032534	0.41049957275390625	0.52223938032534	0.436403751373291
SS	30	0.2481601069333999	0.004483938217163086	0.17889838319073081	0.02634263038635254	0.2384709	0.9855232238769531	0.16864032	8.584861755371094	0.26723558618532667	0.0033698081970214844	0.17644332464162496	0.026000499725341797	0.18564704	0.0030150413513183594	0.5168514805177564	0.1322925090789795	0.5168514805177564	0.13883042335510254	0.5168514805177564	0.42758917808532715	0.5168514805177564	0.43810296058654785
SS	31	0.2701179800811204	0.004347324371337891	0.20986478293030927	0.026555776596069336	0.29216674	0.9511981010437012	0.21031314	8.523207187652588	0.273380814757161	0.0030477046966552734	0.20204367054896707	0.026604413986206055	0.20031825	0.0031380653381347656	0.6430391553214672	0.1336994171142578	0.6430391553214672	0.1363201141357422	0.6430391553214672	0.41502809524536133	0.6430391553214672	0.4214329719543457
SS	32	0.2484055483197382	0.0043637752532958984	0.20003315658742316	0.026229381561279297	0.27975336	0.920753002166748	0.2043596	8.272629499435425	0.26094126810793	0.0038652420043945312	0.20841599124470012	0.026007413864135742	0.20001161	0.0031058788299560547	0.4930811287814862	0.13417601585388184	0.4930811287814862	0.13897061347961426	0.4930811287814862	0.4131739139556885	0.4930811287814862	0.41846323013305664
SS	33	0.26512084405309816	0.004937887191772461	0.2042993950703277	0.026614665985107422	0.2840579	0.9512152671813965	0.2024318	8.604269981384277	0.27313053201391374	0.0033588409423828125	0.2092200278484048	0.026516437530517578	0.19809876	0.0029401779174804688	0.6089206581493684	0.13450169563293457	0.6089206581493684	0.1379835605621338	0.6089206581493684	0.4171464443206787	0.6089206581493684	0.42215728759765625
SS	34	0.24393757785528342	0.004851341247558594	0.19229794405583184	0.0262453556060791	0.2991355	0.9176063537597656	0.18881793	8.493155002593994	0.26269185797783945	0.003247499465942383	0.19499826614680446	0.026387929916381836	0.1889128	0.0029706954956054688	0.4322019089467889	0.13249444961547852	0.4322019089467889	0.13629627227783203	0.4322019089467889	0.4058339595794678	0.4322019089467889	0.42049098014831543
SS	35	0.21945459937254896	0.004332780838012695	0.16157190806272384	0.026556968688964844	0.21527936	0.9359774589538574	0.17191054	8.272666692733765	0.2114626770370119	0.0028908252716064453	0.16153896624013586	0.02624058723449707	0.17985493	0.0030319690704345703	0.5211881580016962	0.1301724910736084	0.5211881580016962	0.13528871536254883	0.5211881580016962	0.4152252674102783	0.5211881580016962	0.4216573238372803
SS	36	0.2935807663374149	0.004158496856689453	0.2206868957962213	0.02657318115234375	0.29649472	0.9452352523803711	0.22358973	8.37580132484436	0.2945937712576794	0.0031251907348632812	0.22330156271635312	0.02640390396118164	0.23113951	0.0029671192169189453	0.5673649037509204	0.13300323486328125	0.5673649037509204	0.1387338638305664	0.5673649037509204	0.4129657745361328	0.5673649037509204	0.4179980754852295
SS	37	0.29909965251199594	0.003997802734375	0.22938616731422629	0.026639699935913086	0.2967225	0.9345104694366455	0.2249004	8.41408371925354	0.2963555369171761	0.003387451171875	0.21882886045614627	0.026370525360107422	0.22065267	0.0041348934173583984	0.5511237000459894	0.13867616653442383	0.5511237000459894	0.13853073120117188	0.5511237000459894	0.42229413986206055	0.5511237000459894	0.4247167110443115
SS	38	0.23689303449284868	0.004183530807495117	0.17817706997126725	0.026275157928466797	0.26751152	0.9347622394561768	0.18141186	8.391849994659424	0.234937736071539	0.0038383007049560547	0.18399585381996583	0.02648639678955078	0.17150356	0.0030846595764160156	0.4853903124860159	0.14145517349243164	0.4853903124860159	0.14596796035766602	0.4853903124860159	0.41568565368652344	0.4853903124860159	0.42264723777770996
SS	39	0.30245584149203997	0.003951549530029297	0.22477669832306119	0.026201248168945312	0.32294685	0.9349637031555176	0.23009008	8.34421992301941	0.2953279510960408	0.0030601024627685547	0.23036671302042072	0.027003049850463867	0.22355013	0.0029306411743164062	0.5555700352408061	0.13968777656555176	0.5555700352408061	0.13754725456237793	0.5555700352408061	0.41503000259399414	0.5555700352408061	0.4292597770690918
SE	40	0.2915988882980735	0.003435373306274414	0.2247813531937228	0.026224851608276367	0.2948981	0.9879670143127441	0.21512148	8.76685905456543	0.2905348039992093	0.003492116928100586	0.21815242838848461	0.02653980255126953	0.22214453	0.0030956268310546875	0.540223230908517	0.13443636894226074	0.540223230908517	0.13755059242248535	0.540223230908517	0.4232304096221924	0.540223230908517	0.4233438968658447
SE	41	0.18851055507364128	0.003633737564086914	0.14606299120575958	0.026482582092285156	0.17973794	0.9348578453063965	0.14442384	8.874549627304077	0.19230461736011117	0.0037512779235839844	0.148441311017436	0.026337862014770508	0.13804789	0.004283905029296875	0.4330211459209636	0.14897537231445312	0.4330211459209636	0.1385207176208496	0.4330211459209636	0.4170708656311035	0.4330211459209636	0.44655299186706543
SE	42	0.2741157611372595	0.003755807876586914	0.21170192935029916	0.02645707130432129	0.28919262	0.9846327304840088	0.22650056	8.873485565185547	0.3024384357460316	0.003974437713623047	0.21360352210282837	0.03147387504577637	0.22795987	0.003184080123901367	0.5208589286356615	0.146287202835083	0.5208589286356615	0.15490436553955078	0.5208589286356615	0.46390295028686523	0.5208589286356615	0.4395427703857422
SE	43	0.2985284351771738	0.003793478012084961	0.21298513894737248	0.026077985763549805	0.29235923	0.9564051628112793	0.22583774	8.58513593673706	0.27350236325143545	0.0029904842376708984	0.2241954397933706	0.026744842529296875	0.22688466	0.0027894973754882812	0.4340014674381567	0.13579034805297852	0.4340014674381567	0.15029072761535645	0.4340014674381567	0.4376068115234375	0.4340014674381567	0.4825313091278076
SE	44	0.2784342116563384	0.004019975662231445	0.21354015899423004	0.02866196632385254	0.29564112	1.0273942947387695	0.20862865	9.13755202293396	0.28315366285945665	0.0033380985260009766	0.21720711338650056	0.026699066162109375	0.20947887	0.003498554229736328	0.4628750697113559	0.13348078727722168	0.4628750697113559	0.14250493049621582	0.4628750697113559	0.46030569076538086	0.4628750697113559	0.4935762882232666
SE	45	0.22753037273156257	0.004028797149658203	0.15549188485683058	0.02675771713256836	0.21819058	0.9861440658569336	0.15466984	8.986073732376099	0.22338063765026686	0.0030994415283203125	0.15283930546600324	0.026685237884521484	0.15293686	0.003301858901977539	0.5030536182220213	0.13583827018737793	0.5030536182220213	0.14140725135803223	0.5030536182220213	0.45889782905578613	0.5030536182220213	0.4689977169036865
SE	46	0.22986449105279083	0.003662586212158203	0.19619100372609885	0.027074575424194336	0.24899554	0.9938585758209229	0.18622543	8.68434190750122	0.24928840422638987	0.0033996105194091797	0.19237671148955682	0.02628636360168457	0.19544293	0.0030298233032226562	0.5407593218002404	0.13536810874938965	0.5407593218002404	0.13795876502990723	0.5407593218002404	0.4187190532684326	0.5407593218002404	0.42850303649902344
SE	47	0.2028520492258798	0.003818035125732422	0.149874167703461	0.026264667510986328	0.2101919	0.9897820949554443	0.15042499	8.65061068534851	0.1995485515226897	0.0032744407653808594	0.1509095123087094	0.026042938232421875	0.15299562	0.003104686737060547	0.6169253150895717	0.1384751796722412	0.6169253150895717	0.14339494705200195	0.6169253150895717	0.4228935241699219	0.6169253150895717	0.42809224128723145
SE	48	0.2704483311120053	0.00468897819519043	0.20237162804461697	0.026314258575439453	0.25719148	0.9564571380615234	0.19678032	8.24038290977478	0.26896638013162494	0.003309488296508789	0.19756719504323894	0.02642059326171875	0.19166707	0.0030472278594970703	0.5155682841463488	0.1413881778717041	0.5155682841463488	0.14638662338256836	0.5155682841463488	0.4202284812927246	0.5155682841463488	0.42700719833374023
SE	49	0.330196078212572	0.003845691680908203	0.23556949994145462	0.026408672332763672	0.31718427	0.9898650646209717	0.23886395	8.625178575515747	0.33301533340942624	0.0035161972045898438	0.24920891274733198	0.026217937469482422	0.24545151	0.002813100814819336	0.49400996915985707	0.1396634578704834	0.49400996915985707	0.14624881744384766	0.49400996915985707	0.41778111457824707	0.49400996915985707	0.4291861057281494
H	50	0.2221850678511668	0.0041484832763671875	0.16636676072837045	0.02623748779296875	0.23090194	1.0426318645477295	0.1679864	8.835765600204468	0.23740038832357233	0.0037436485290527344	0.18306519202307336	0.026546716690063477	0.18164222	0.0027370452880859375	0.5221252144337173	0.13419008255004883	0.5221252144337173	0.1384739875793457	0.5221252144337173	0.4205644130706787	0.5221252144337173	0.4236459732055664
H	51	0.21233221337472763	0.003376483917236328	0.17077505692105172	0.02642679214477539	0.24487484	1.0420026779174805	0.16826634	9.00210189819336	0.2412623628610784	0.0031783580780029297	0.16880064706752468	0.0268704891204834	0.17534404	0.0034787654876708984	0.5447471154953997	0.13773274421691895	0.5447471154953997	0.14275836944580078	0.5447471154953997	0.46013951301574707	0.5447471154953997	0.4802095890045166
H	52	0.260001385925078	0.003519773483276367	0.1816503963219839	0.026650667190551758	0.20659992	1.130922794342041	0.17795403	9.229644298553467	0.22439339998817404	0.0030791759490966797	0.16472161317564768	0.02681279182434082	0.17340763	0.0034570693969726562	0.44941926555114997	0.13672566413879395	0.44941926555114997	0.14353704452514648	0.44941926555114997	0.46918201446533203	0.44941926555114997	0.4798727035522461
H	53	0.28860146387474384	0.004122257232666016	0.21274165464176248	0.02691173553466797	0.28204906	1.1381537914276123	0.21094698	9.378296852111816	0.2937454554389793	0.0031824111938476562	0.2044627720282967	0.026479721069335938	0.2082588	0.003532886505126953	0.5076730457741999	0.1324920654296875	0.5076730457741999	0.13960528373718262	0.5076730457741999	0.4194009304046631	0.5076730457741999	0.42049407958984375
H	54	0.23474599120682674	0.0036783218383789062	0.1692831456781938	0.026458263397216797	0.21605332	1.0597057342529297	0.1608377	8.956990480422974	0.24190043969618882	0.0029516220092773438	0.1719528931897137	0.02653050422668457	0.1704095	0.002889394760131836	0.6019129346281701	0.13497424125671387	0.6019129346281701	0.14116692543029785	0.6019129346281701	0.4180920124053955	0.6019129346281701	0.42211294174194336
H	55	0.23007056384841454	0.0035207271575927734	0.15805413145419342	0.026636838912963867	0.20750555	1.0462350845336914	0.15883519	8.943028688430786	0.22198486381851704	0.0029633045196533203	0.15754500848071082	0.02645134925842285	0.1651229	0.002841949462890625	0.5899888772490026	0.14550042152404785	0.5899888772490026	0.13863396644592285	0.5899888772490026	0.42688846588134766	0.5899888772490026	0.4335453510284424
H	56	0.2726389546576798	0.004243135452270508	0.21983035828678346	0.02706170082092285	0.25146648	1.101203203201294	0.20995437	9.688106536865234	0.26912713210989875	0.0030879974365234375	0.20961489420649254	0.026773929595947266	0.20919608	0.0034313201904296875	0.5947982006623074	0.13989043235778809	0.5947982006623074	0.14058828353881836	0.5947982006623074	0.48249268531799316	0.5947982006623074	0.495924711227417
H	57	0.29380784751181177	0.0036325454711914062	0.2065650298734753	0.026842117309570312	0.28779328	1.0618228912353516	0.20634644	8.82386326789856	0.28322041737030684	0.0032165050506591797	0.21330598885011834	0.026798486709594727	0.214243	0.004244804382324219	0.6053175682962584	0.1420118808746338	0.6053175682962584	0.14212322235107422	0.6053175682962584	1.643460750579834	0.6053175682962584	1.971351146697998
H	58	0.28325921519438096	0.0037016868591308594	0.20989540216069388	0.02628040313720703	0.2656148	1.0245156288146973	0.19527714	8.955493927001953	0.2620280111366834	0.002836942672729492	0.1976939732109308	0.02607131004333496	0.20340545	0.002851724624633789	0.5269182973090976	0.1329822540283203	0.5269182973090976	0.13469815254211426	0.5269182973090976	0.42352962493896484	0.5269182973090976	0.41747164726257324
H	59	0.22985671705495733	0.0037436485290527344	0.18157086277186196	0.02652263641357422	0.22063234	1.1078858375549316	0.17455398	8.931288242340088	0.2303034710153283	0.0031766891479492188	0.17863298336653388	0.026731252670288086	0.17245883	0.0026929378509521484	0.5044732977581032	0.13251709938049316	0.5044732977581032	0.1363823413848877	0.5044732977581032	0.41532373428344727	0.5044732977581032	0.44116926193237305
E	60	0.260037707812207	0.002938985824584961	0.20777398915714823	0.026293516159057617	0.2672387	0.9957172870635986	0.21150745	8.846904754638672	0.2640924024865036	0.002907991409301758	0.20777398915714823	0.027091503143310547	0.21120815	0.002449512481689453	0.6258122980920041	0.13124680519104004	0.6258122980920041	0.13676166534423828	0.6258122980920041	0.4048430919647217	0.6258122980920041	0.42156410217285156
E	61	0.2846794975109406	0.003107786178588867	0.20820655775291533	0.026300668716430664	0.29156235	0.9706301689147949	0.2071023	8.850958347320557	0.28593597430289047	0.0031468868255615234	0.20820655775291533	0.026238679885864258	0.22559452	0.0032613277435302734	0.6149513475546545	0.14466619491577148	0.6149513475546545	0.1545705795288086	0.6149513475546545	0.4073173999786377	0.6149513475546545	0.41890788078308105
E	62	0.29616130548139896	0.002971172332763672	0.22099049863715925	0.025984764099121094	0.29019648	0.9735691547393799	0.22001755	8.95522689819336	0.28311463486456273	0.0029969215393066406	0.22099049863715925	0.0265655517578125	0.22466649	0.0032472610473632812	0.5670959823607089	0.15050005912780762	0.5670959823607089	0.1573648452758789	0.5670959823607089	0.46200013160705566	0.5670959823607089	0.4557156562805176
E	63	0.2378083617155832	0.003054380416870117	0.1716417373123274	0.02683234214782715	0.23623577	0.9737365245819092	0.16365023	8.905246019363403	0.23920602583627426	0.003034353256225586	0.1716417373123274	0.026489734649658203	0.17101148	0.0024154186248779297	0.5200432399821892	0.13473057746887207	0.5200432399821892	0.13483738899230957	0.5200432399821892	0.44062185287475586	0.5200432399821892	0.5149223804473877
E	64	0.2840102766437547	0.003420591354370117	0.19975391221826436	0.026230812072753906	0.28226432	1.0652072429656982	0.21245225	8.771090030670166	0.27684160942055835	0.003378152847290039	0.19975391221826436	0.027596712112426758	0.2106149	0.002404928207397461	0.5238713645626962	0.13215112686157227	0.5238713645626962	0.13695931434631348	0.5238713645626962	0.41692519187927246	0.5238713645626962	0.42295145988464355
E	65	0.2802071862035435	0.0028650760650634766	0.21944532574797473	0.0263364315032959	0.267274	1.1775298118591309	0.21477509	8.940324783325195	0.2819301570090992	0.0029680728912353516	0.21944532574797473	0.02673649787902832	0.21857777	0.0029172897338867188	0.6303996704674225	0.13690185546875	0.6303996704674225	0.1421651840209961	0.6303996704674225	0.46352577209472656	0.6303996704674225	0.500546932220459
E	66	0.22288869981978834	0.0032453536987304688	0.17738796399181792	0.02695322036743164	0.23483497	0.9954960346221924	0.18014662	8.88276219367981	0.2203631993049251	0.0031347274780273438	0.17738796399181792	0.026214122772216797	0.16928199	0.0024366378784179688	0.5416789416355418	0.13015222549438477	0.5416789416355418	0.14063596725463867	0.5416789416355418	0.40865135192871094	0.5416789416355418	0.4199497699737549
E	67	0.27433775251658093	0.0033648014068603516	0.20109075690487596	0.02642226219177246	0.26893124	0.9545831680297852	0.20250545	8.682157039642334	0.2686518777725658	0.0033578872680664062	0.20109075690487596	0.026267528533935547	0.19923179	0.002458810806274414	0.5201180109632282	0.13170814514160156	0.5201180109632282	0.13750553131103516	0.5201180109632282	0.40860700607299805	0.5201180109632282	0.419020414352417
E	68	0.19265751756591903	0.0033006668090820312	0.15299742150804393	0.026351213455200195	0.2337947	0.9862234592437744	0.14071457	9.252259969711304	0.20309110987495235	0.0034186840057373047	0.15299742150804393	0.03397417068481445	0.1522041	0.003076314926147461	0.488098172675022	0.16742444038391113	0.488098172675022	0.16114544868469238	0.488098172675022	0.4983682632446289	0.488098172675022	0.48040294647216797
E	69	0.276413415290532	0.0033469200134277344	0.21902004414381507	0.026981592178344727	0.28698218	1.0217065811157227	0.21062851	9.10519552230835	0.2798853629816883	0.003262042999267578	0.21902004414381507	0.02791309356689453	0.22645433	0.003147602081298828	0.5349944506180331	0.1352987289428711	0.5349944506180331	0.14108824729919434	0.5349944506180331	0.4634213447570801	0.5349944506180331	0.661595344543457
S	70	0.26961156061344743	0.003910541534423828	0.18037440848123257	0.02677130699157715	0.25318563	3.6943845748901367	0.17601748	8.695740461349487	0.2621458700663256	0.0035729408264160156	0.17999237308023297	0.026647090911865234	0.18984735	0.002524137496948242	0.5163617464258644	0.13114285469055176	0.5163617464258644	0.13645172119140625	0.5163617464258644	0.420443058013916	0.5163617464258644	0.42681145668029785
S	71	0.2396224868915684	0.004498004913330078	0.19180381603607183	0.026172637939453125	0.23949012	0.9418582916259766	0.1878543	8.477693796157837	0.24539940231667387	0.003660440444946289	0.19037514178967962	0.026416778564453125	0.19767521	0.00260162353515625	0.4721017358770541	0.13346338272094727	0.4721017358770541	0.14021587371826172	0.4721017358770541	0.41840434074401855	0.4721017358770541	0.4300389289855957
S	72	0.23021776497379426	0.003590822219848633	0.1763468931007441	0.026335477828979492	0.23790777	0.9490780830383301	0.17275403	8.554234027862549	0.2356569680578225	0.0033392906188964844	0.18088967429389483	0.026227474212646484	0.17805652	0.0026504993438720703	0.49938864745270906	0.13152146339416504	0.49938864745270906	0.13673138618469238	0.49938864745270906	0.4193456172943115	0.49938864745270906	0.4303607940673828
S	73	0.26297466974893285	0.003755807876586914	0.18504236194208737	0.02601933479309082	0.25512704	0.9819624423980713	0.1922806	8.706115484237671	0.2571241379070024	0.003430604934692383	0.1984193239775384	0.026356220245361328	0.19133835	0.0025110244750976562	0.6210940134371521	0.13088512420654297	0.6210940134371521	0.1434180736541748	0.6210940134371521	0.40743494033813477	0.6210940134371521	0.4235515594482422
S	74	0.2977956230119086	0.004231691360473633	0.194233487023735	0.02658367156982422	0.26180905	0.9828009605407715	0.19415982	8.658878803253174	0.29655195505719767	0.003551959991455078	0.19586823122479924	0.02573418617248535	0.19407223	0.0023958683013916016	0.6222930140444525	0.13207173347473145	0.6222930140444525	0.13653349876403809	0.6222930140444525	0.4083278179168701	0.6222930140444525	0.4183061122894287
S	75	0.2678292059751032	0.0042781829833984375	0.1863962035641714	0.026542186737060547	0.25379717	0.9248385429382324	0.1896164	8.29578948020935	0.27854154102183015	0.003597736358642578	0.20169895591373216	0.026393651962280273	0.18727939	0.0026123523712158203	0.5648978819526912	0.13356375694274902	0.5648978819526912	0.14812874794006348	0.5648978819526912	0.465404748916626	0.5648978819526912	0.4660656452178955
S	76	0.2765360425684769	0.0038385391235351562	0.22169555746475675	0.02587890625	0.26752412	0.9943037033081055	0.21325804	8.676432609558105	0.2599292269277853	0.0031647682189941406	0.21927356762972477	0.02648329734802246	0.22238168	0.002656698226928711	0.4828611596731088	0.14245343208312988	0.4828611596731088	0.13643360137939453	0.4828611596731088	0.42377257347106934	0.4828611596731088	0.42617297172546387
S	77	0.20980329005153742	0.00433802604675293	0.1652329998073172	0.026714801788330078	0.23322964	1.0331335067749023	0.16861472	8.543818712234497	0.2196598302767553	0.004231929779052734	0.16272000722836566	0.02651524543762207	0.15821199	0.0026247501373291016	0.5060117099092777	0.13046026229858398	0.5060117099092777	0.137284517288208	0.5060117099092777	0.4209451675415039	0.5060117099092777	0.42180919647216797
S	78	0.2352735070898599	0.003897428512573242	0.16968609243476512	0.026219606399536133	0.24483113	0.9423749446868896	0.17162593	8.29414176940918	0.2445690106328241	0.003706216812133789	0.17332237612227175	0.025957822799682617	0.16721939	0.0025725364685058594	0.5297902469901642	0.1407158374786377	0.5297902469901642	0.14612221717834473	0.5297902469901642	0.4159841537475586	0.5297902469901642	0.4215085506439209
S	79	0.24458797775475744	0.005023956298828125	0.1852171137180928	0.026468753814697266	0.23780522	0.9385778903961182	0.18532568	8.665952205657959	0.24002164951423077	0.0036890506744384766	0.185179866439078	0.026549339294433594	0.18525952	0.0026438236236572266	0.5084645425500994	0.13490056991577148	0.5084645425500994	0.14382696151733398	0.5084645425500994	0.4164388179779053	0.5084645425500994	0.4780609607696533
