sklearn_dt	sklearn_rf	product_dt	product_rf	tangent_dt	tangent_rf	knn	signature	seed
0.18762082727795443	0.17614687362239173	0.1871095	0.17506023	0.18913204313800297	0.17949632541182786	0.1860228	HH	0
0.2129233722715699	0.2114822793196759	0.20982654	0.20312834	0.2151549411685127	0.20917977149321476	0.20044805	HH	1
0.228627782635888	0.22822724892625343	0.23275939	0.22382419	0.23435685520573069	0.22468443650337516	0.23800072	HH	2
0.2102767939261652	0.20314975531590027	0.20650484	0.2044006	0.2079089780179603	0.20203527267153934	0.20003402	HH	3
0.2291905058606769	0.2205067249296632	0.21786176	0.21655342	0.22411969045424154	0.21876177473329028	0.21626091	HH	4
0.16491423158562504	0.16029638308203992	0.16584027	0.1624915	0.16484839443513535	0.1595233017789334	0.16187243	HH	5
0.17637717830580826	0.17312168956740814	0.17593077	0.17053865	0.1731494180472854	0.1718751134376869	0.16626525	HH	6
0.2093138264448739	0.20237580584689976	0.20489042	0.19783565	0.21133704886695115	0.20502407755085078	0.2108775	HH	7
0.15874841275224233	0.1509910029003391	0.15646508	0.14765568	0.1571952123067985	0.14709987686961012	0.13407263	HH	8
0.17623161979889188	0.17949653218538214	0.18901414	0.17495325	0.17806525796499292	0.17484965366995203	0.18410896	HH	9
0.20902106022325417	0.20832850342585502	0.2134302	0.20652194	0.20490509772890436	0.20415498829660703	0.21875703	HH	10
0.2049330390849767	0.20153319786278145	0.1919573	0.19158779	0.19398159795038153	0.19416738324839045	0.19202623	HH	11
0.21105039196710304	0.21139245489707686	0.21682754	0.21370225	0.21657777506863912	0.20702008270302977	0.21074057	HH	12
0.22222729135454086	0.21998609100029748	0.22321069	0.21796766	0.220698256539624	0.22125537321458705	0.2422821	HH	13
0.24204664389560535	0.2340415092405489	0.23520602	0.22785528	0.2437262720121285	0.233901581432057	0.23261681	HH	14
0.16251064570406668	0.16172182664407606	0.16757378	0.16412924	0.16286990074375968	0.16128120691457015	0.16594952	HH	15
0.17220571964713388	0.17173070276318145	0.17763363	0.17167188	0.17143100456851515	0.17082064841792557	0.17741291	HH	16
0.20577728422010425	0.20202708093710348	0.21103749	0.19502349	0.20793694653103612	0.197856345964503	0.20132984	HH	17
0.18229585017850028	0.1783841592265661	0.17905466	0.17563945	0.18292998798174206	0.17902717343088334	0.19278419	HH	18
0.20312908074333796	0.2009941744862915	0.19528416	0.19573352	0.20544112405693513	0.1994965535221299	0.19440839	HH	19
0.20782725863093232	0.20594131413722072	0.1977604	0.2020631	0.20764738082191722	0.2043978351280809	0.196361	HH	20
0.21635363132605295	0.20929262023626777	0.21518575	0.20754775	0.21571058411469687	0.21131471640319974	0.20019181	HH	21
0.22262419546797926	0.22495879479136444	0.20242672	0.20241453	0.22144209502365889	0.23103322594239614	0.23078017	HH	22
0.18185919508156223	0.17539764544138306	0.19165054	0.17491543	0.1775763264705707	0.17464571482981683	0.17753601	HH	23
0.22617754940406892	0.21531443902887462	0.22031102	0.21448794	0.21937313404001352	0.21554976193029549	0.21167377	HH	24
0.19139828321122332	0.18260185359757067	0.18570328	0.18007109	0.18298743028826225	0.17832863032082813	0.18217397	HH	25
0.15776649242614002	0.14729254233133426	0.15083753	0.14989404	0.15204506163723894	0.14735075563780203	0.1539392	HH	26
0.1677856452956319	0.1708386389429248	0.17057316	0.16383965	0.1694364668529951	0.1688609055105869	0.17259158	HH	27
0.14973995609449225	0.14310603322458343	0.1342697	0.14065862	0.15564147312517337	0.14288498980413536	0.14162673	HH	28
0.2052136406376608	0.20158303592014926	0.20686173	0.20517857	0.2097819372981218	0.20529856641855848	0.21288206	HH	29
0.2146055577011099	0.20179641111570915	0.21670566	0.20605917	0.21390700455475498	0.20251450811095428	0.20294902	HH	30
0.17422765442063773	0.16183459554847787	0.18117845	0.167406	0.1818197531721604	0.16989874861257132	0.17113195	HH	31
0.21244486389676925	0.206111118644793	0.20373303	0.20083371	0.2210877205920042	0.20881250147503094	0.21249203	HH	32
0.19573293158895566	0.19688960785986034	0.19612901	0.19210097	0.20219478735126492	0.19595737052573506	0.20567472	HH	33
0.19165021688572811	0.18587376275605555	0.19592747	0.18922953	0.19329468252165535	0.1858664778114069	0.19906992	HH	34
0.18749738000833643	0.18464404340537854	0.17695045	0.17255975	0.18741894045959	0.18388004672882777	0.16510323	HH	35
0.17618832026204692	0.17233183431234478	0.17747135	0.17593554	0.17904595150765645	0.17231128586197864	0.17727259	HH	36
0.16498384058003557	0.16205996401613623	0.16300464	0.16699111	0.16717989959088495	0.16426684040820894	0.17234965	HH	37
0.22383650570744998	0.22253150750935555	0.23342735	0.22041358	0.2225425208811022	0.21762868576523753	0.21878093	HH	38
0.16535459817840809	0.15755077143754023	0.15750816	0.15133649	0.16365218955588484	0.1567570799928244	0.13901372	HH	39
0.16069118478127967	0.1625414839615342	0.16557685	0.16527307	0.16770097409513296	0.16262703211765653	0.16445786	HH	40
0.23384284540506423	0.2244189153464501	0.22537985	0.22411075	0.22710071978186488	0.22343455804114526	0.21779403	HH	41
0.20539232012879569	0.20429678121048772	0.20230655	0.20040992	0.20686629551307556	0.20289839215993338	0.20045413	HH	42
0.2002245080863376	0.19685596700321698	0.19490638	0.19701087	0.20411022754359695	0.19932528835672944	0.19897652	HH	43
0.1709056650584177	0.16667036048779857	0.16377044	0.1625857	0.17699551155650878	0.1664180949832981	0.17344075	HH	44
0.21854793952307647	0.2119451485736342	0.22088055	0.21301997	0.21404442955864833	0.21329807401876985	0.21039009	HH	45
0.19918320507049514	0.19211411839248388	0.19804727	0.18999338	0.193157710295639	0.19038507890943618	0.1803917	HH	46
0.22090460618080046	0.2200470898527717	0.21443968	0.2182696	0.21831548845116414	0.21521446712432737	0.22321546	HH	47
0.1718844293893775	0.17035823683700652	0.18008743	0.1681155	0.16689889396903285	0.16805429652758044	0.1679445	HH	48
0.23505211999106734	0.22707073371851208	0.23074657	0.22224334	0.22981552743863037	0.22613422499510297	0.22089763	HH	49
0.14943641573259486	0.14862550978197486	0.147571	0.14677224	0.15021330923057244	0.14671775699419323	0.15328757	HH	50
0.20853206208793051	0.19450220507401766	0.19416094	0.19144939	0.20168061111391003	0.19230728595287971	0.19228558	HH	51
0.19737072883792253	0.1960165660673836	0.19302605	0.19234118	0.19993849192480548	0.1952018540352969	0.19654943	HH	52
0.1901227485141283	0.18921357401105152	0.19500849	0.1905439	0.18761461963028814	0.1884006009538883	0.19830173	HH	53
0.23878267263461284	0.2281064477597837	0.23219763	0.22491355	0.24026697691324891	0.22710672022098338	0.22617093	HH	54
0.17719601385823228	0.17678459128124144	0.17530786	0.17682871	0.17517448905675528	0.1760419592599841	0.18626748	HH	55
0.21983806015797647	0.21260729999534644	0.2185948	0.21342734	0.21966758506673456	0.21717600686070052	0.2110345	HH	56
0.166428740440556	0.1556522278111772	0.1678838	0.1538231	0.16035445610672477	0.15461256042089616	0.15227674	HH	57
0.2328275567260752	0.22928140350611126	0.24354725	0.23340985	0.23745273669398081	0.23465477724047104	0.2362172	HH	58
0.19781033997220607	0.18639941901502516	0.20428318	0.18623948	0.203507751610144	0.1865070215269249	0.17882167	HH	59
0.18512128338345651	0.18271828007027163	0.19060752	0.17690916	0.18582333893238523	0.17645471899621804	0.17063692	HH	60
0.19450506029826004	0.1963232605416463	0.19791307	0.20264412	0.20224394700754722	0.19536290785020316	0.20925917	HH	61
0.17868518698512786	0.17868666486109627	0.18461362	0.17534745	0.18766104456599703	0.17756496654222095	0.16886395	HH	62
0.21235634447817642	0.2047418614752548	0.21253324	0.20341589	0.20751315997310432	0.20454230261397008	0.20339482	HH	63
0.20627232580450897	0.2027096824856408	0.19729857	0.19683878	0.2001266034085246	0.1979692332555334	0.19425997	HH	64
0.1840049842975531	0.17818500223904835	0.18560827	0.17830986	0.18908901799221722	0.17933118591309927	0.17699091	HH	65
0.16784127392704867	0.1593514422360149	0.15172029	0.15669852	0.15194519613569704	0.15523423108682374	0.15317722	HH	66
0.18598636561505308	0.1799833838874582	0.18506026	0.17851976	0.18133862460336486	0.17433930852664645	0.17635779	HH	67
0.17711886838577165	0.17317086023516462	0.17813048	0.17380679	0.1807122541003012	0.17176362965458136	0.17984	HH	68
0.184499014707614	0.1779938224944517	0.18548866	0.18210664	0.1743666623887873	0.17678208640432408	0.17873262	HH	69
0.22234856658360275	0.21738410949787973	0.21700588	0.21114956	0.22848947264033642	0.2159318174071029	0.21172233	HH	70
0.239122376715667	0.22188787731834808	0.21817979	0.21238635	0.2294487312585581	0.21601402229953784	0.21401612	HH	71
0.2508214949159237	0.24847580997537538	0.24760745	0.23902039	0.25896459785782155	0.24320125239429471	0.23950553	HH	72
0.20790715641798735	0.2070271287490089	0.20734939	0.20517756	0.21032295056199501	0.20535441165606824	0.21699533	HH	73
0.2425523981444073	0.22697228105935147	0.23505718	0.22796796	0.2387944250282273	0.2267525435653632	0.23045744	HH	74
0.19268518205648663	0.19237889444948286	0.19442935	0.1906513	0.19663601046623516	0.19294789373130894	0.21781856	HH	75
0.1639530981101506	0.15237024657357282	0.15876698	0.15972194	0.15404019320173815	0.1511110775515913	0.16731854	HH	76
0.21899422378566274	0.2235804375924229	0.22309846	0.22909792	0.2238534912818138	0.2231329478868924	0.23776269	HH	77
0.22108963328122183	0.21019675176790698	0.21946219	0.21584082	0.21645170463772853	0.21464610444689003	0.20501122	HH	78
0.20230941856776308	0.19157716279125564	0.19707106	0.19008522	0.20681949362639007	0.19394559567017322	0.20691319	HH	79
0.16610044070373964	0.16097509097330567	0.16267323	0.1624316	0.15963514594197922	0.16049660330822282	0.15902467	HH	80
0.20794080887485855	0.21093337257818348	0.21082905	0.20945202	0.2117513974886843	0.21180689609678763	0.22129431	HH	81
0.2182390132622629	0.21564103350701685	0.22268634	0.21402009	0.22582587102270893	0.21327114893185345	0.22223091	HH	82
0.16998467858724553	0.16343163584435053	0.17415284	0.16490841	0.1654152157402814	0.16482401787027479	0.1651479	HH	83
0.1734505904489726	0.1727286916855557	0.16716947	0.1670375	0.16907426256661032	0.16928209648445808	0.16746889	HH	84
0.22655232396628458	0.21033526804008137	0.21063824	0.20607866	0.2205517558327871	0.21253667161261316	0.20457743	HH	85
0.1676550955303069	0.15959287953939882	0.16010736	0.15476535	0.17158583584736767	0.15957242777645905	0.1618894	HH	86
0.1859067138007407	0.18469652849725202	0.18270572	0.18152976	0.18732427685080763	0.18528315627538008	0.17512657	HH	87
0.19853817648564093	0.1938722669454435	0.19356105	0.19289362	0.20825553907933833	0.19214452943304236	0.1993412	HH	88
0.18882011886006517	0.18544148110788417	0.18658382	0.1781328	0.18011427641459996	0.17462217104129252	0.15427345	HH	89
0.2260246611978269	0.21310486556627053	0.20741557	0.20022586	0.21339440170536086	0.2131585366967977	0.2134133	HH	90
0.1946145448906098	0.18581134789652964	0.19136283	0.1785927	0.1952924933960158	0.187138017543587	0.18410373	HH	91
0.25275953298882514	0.23573745364891827	0.2364434	0.23349032	0.2374149320100464	0.23128561003654768	0.24225773	HH	92
0.21524298206822554	0.2099312798957528	0.20378254	0.1986752	0.20791186827386102	0.20604786357282764	0.1960399	HH	93
0.1868307049049508	0.18509697090707014	0.18285353	0.1799427	0.18987249550207735	0.18297041189807814	0.18550807	HH	94
0.21882401665119264	0.21761608744163777	0.20836139	0.21744424	0.21220088119570962	0.21396214830621307	0.2000082	HH	95
0.21018357068794377	0.19917643498090443	0.20518099	0.19670305	0.19906670669967588	0.2022230936237184	0.20195644	HH	96
0.21298077971216162	0.19479517741644495	0.20454001	0.19777004	0.19653662522480544	0.1963430925241942	0.19327544	HH	97
0.21064816735107872	0.20337289303865166	0.20542133	0.2024521	0.2121799641605264	0.20544185620336253	0.20247377	HH	98
0.17627848915828073	0.17597736740561418	0.17458057	0.17503881	0.1770852355705107	0.17406686530225554	0.17162363	HH	99
0.1852931942592551	0.17697373479939194	0.17860948	0.17532681	0.1852569198266742	0.17863600788470635	0.17486732	HE	100
0.1986761421609087	0.19073252410405123	0.19750644	0.19389309	0.1980568271714477	0.18705092206247598	0.18729757	HE	101
0.2035153448061233	0.20069707732753023	0.21123758	0.20253538	0.20840388244012512	0.2024164643169115	0.20496249	HE	102
0.15384607470910575	0.14864223208834806	0.15103577	0.1451623	0.15212338139179626	0.14868262870728544	0.15953198	HE	103
0.22665549763413312	0.21893715123754828	0.22494921	0.21500728	0.22665753413109982	0.21817274067630313	0.20752275	HE	104
0.19155435389315217	0.18484986764302608	0.18197592	0.1828066	0.18576672445403294	0.18565662509389663	0.19217505	HE	105
0.23435889899502807	0.22004618080328245	0.22078928	0.2209755	0.23177619569071262	0.2217977948195435	0.21300568	HE	106
0.24561275854625084	0.23949499759017542	0.23504701	0.23903567	0.24724357855317475	0.2414340097876072	0.25007153	HE	107
0.22008849855240933	0.21262612493732883	0.22857042	0.21460673	0.21580206160662116	0.21136399212035176	0.23853564	HE	108
0.21373071647245728	0.21019090883842279	0.2094393	0.20902836	0.20698156349490462	0.20999174159266074	0.22203405	HE	109
0.19971210445109197	0.18890830648092952	0.19330496	0.1878048	0.20896478799683604	0.1879647961159421	0.18398038	HE	110
0.23039407799969563	0.21740438536349227	0.21119958	0.21346764	0.2182250560053453	0.21403807307645167	0.21738823	HE	111
0.20112160692286923	0.19291110910889858	0.20704868	0.19604473	0.19788510262357306	0.19247554413993637	0.19437836	HE	112
0.22343291758203648	0.21897823156604249	0.22194706	0.21577054	0.2251853891996922	0.220635969703575	0.22842315	HE	113
0.2481642029818603	0.2292295416157511	0.24075131	0.23414896	0.23992035439748263	0.22746783541897142	0.23276487	HE	114
0.15930056327133638	0.15813983271728135	0.14929591	0.15030056	0.15070965740556386	0.15504059138964352	0.14341265	HE	115
0.15444666650186156	0.15027831950216528	0.15586606	0.14940766	0.15533399377172644	0.15207446817308723	0.15118538	HE	116
0.20385548933166966	0.2009271946988307	0.20458667	0.20476264	0.20377015736804036	0.20162344521103792	0.21407592	HE	117
0.19260565045379002	0.19231710865420434	0.19199765	0.18542244	0.19939124631610028	0.19253602265064776	0.19983444	HE	118
0.17110538297672953	0.16715720643759815	0.17184141	0.162667	0.16848547682171106	0.16628883206214803	0.16630897	HE	119
0.20831096064152912	0.2008072783036781	0.20443384	0.1931365	0.20563822347705898	0.19919217057254965	0.19128297	HE	120
0.21377852264505795	0.21092230544958657	0.21441635	0.20779598	0.21614612986451381	0.20960671409052045	0.21825722	HE	121
0.1683379757321275	0.16664292473287595	0.16680557	0.16678007	0.1697172908254032	0.16636926441781466	0.16544038	HE	122
0.2102047963981098	0.20334710964264288	0.20639735	0.20532611	0.20434895192420777	0.20494670921146269	0.19585034	HE	123
0.21647834776543626	0.20790173573513143	0.20411035	0.20627694	0.21278337076095794	0.20752188224190152	0.20112276	HE	124
0.22789001054173894	0.2251566739386242	0.23382881	0.22055104	0.22362668289189414	0.22109422056488426	0.24315232	HE	125
0.17023338200106206	0.16132946728150638	0.16672522	0.16578084	0.16526635115706934	0.158374347839342	0.16078521	HE	126
0.19229430196078512	0.19109181045713303	0.20658366	0.18467371	0.19066621909821202	0.18826356060034388	0.17516212	HE	127
0.16779060104513746	0.16705412210188292	0.17084989	0.16498767	0.16999677330748494	0.16686952934241872	0.17071508	HE	128
0.1672440919210648	0.16247325160554338	0.17160581	0.16681392	0.16899943279607377	0.16329266599719305	0.17381251	HE	129
0.18665625650850243	0.17879080117762167	0.17678407	0.17083222	0.1811082647887608	0.17331321944664	0.15538697	HE	130
0.18423618608030015	0.1791514170918957	0.187028	0.1783276	0.1892361018476942	0.17837357820487376	0.18961096	HE	131
0.1793457753900723	0.17546396654080132	0.17996675	0.17800719	0.1777858478972213	0.17625171144058588	0.16618279	HE	132
0.18957402119432776	0.18168715168386115	0.18686889	0.18209743	0.18925311721234378	0.18105040320493507	0.19004074	HE	133
0.18044378945443243	0.17679719506761885	0.18060692	0.17467044	0.18372130678964094	0.17571131174767618	0.172646	HE	134
0.1937286026988201	0.1914948704322102	0.1953357	0.19126707	0.1978139543579861	0.18834942369193292	0.19979301	HE	135
0.23382598924782988	0.22964170693391628	0.23683023	0.22833514	0.2325838719732686	0.22671142750603127	0.2199811	HE	136
0.1872853580171506	0.18149170751641816	0.18597661	0.17842041	0.18878678365238133	0.17917361230617443	0.17657562	HE	137
0.1469959652391275	0.14091648986406996	0.14294432	0.14338264	0.14379146932381612	0.13841205968649942	0.13370043	HE	138
0.21135770990128003	0.2133186143857521	0.20910108	0.2069737	0.21015693637737884	0.20902310432796314	0.20609544	HE	139
0.2123791068663289	0.2072016065595203	0.20912734	0.20563279	0.21278496144984013	0.2078909361940109	0.22245295	HE	140
0.22078461911293512	0.21659816521017436	0.23152931	0.21894296	0.21930911367577383	0.21732001695126904	0.21609843	HE	141
0.20492089563310054	0.20350241993151283	0.20833267	0.20330885	0.20316766944639772	0.19796111842106084	0.21794799	HE	142
0.2035907111654447	0.19879395998251861	0.20456429	0.20066217	0.20421373801221848	0.19986465780458051	0.20275943	HE	143
0.18707392998020808	0.1726965304217083	0.18917117	0.16940804	0.18691659826802245	0.1731673357248472	0.18603677	HE	144
0.21404702054408278	0.2046120606755322	0.21117035	0.20897573	0.21785956475527932	0.2036511069246929	0.20285286	HE	145
0.2134401351997911	0.21131907561836827	0.21636716	0.2097028	0.21329141283919265	0.21055060258959518	0.22230707	HE	146
0.1916743059356734	0.1825640063412807	0.18925801	0.18194024	0.19011498123525494	0.18278832640464865	0.18461758	HE	147
0.19269626807022316	0.18241265085611957	0.1899098	0.1863304	0.18961329184617928	0.17894368826871943	0.18537162	HE	148
0.14381869535830438	0.14124728388141386	0.14521621	0.13924193	0.14159981703876398	0.1418824487589158	0.14094016	HE	149
0.2171883947446476	0.21117806439259687	0.20901579	0.2082054	0.21453287236296437	0.21271719349641147	0.20980434	HE	150
0.18483200711963896	0.1863017015551759	0.17858861	0.17566724	0.1846024937579902	0.18058916906214897	0.19244729	HE	151
0.21454263903684145	0.21471277081931817	0.22240323	0.22366716	0.21482785089064013	0.2073271334102872	0.19918595	HE	152
0.1574823647391674	0.15129024246928993	0.15291055	0.15241776	0.1569756149504185	0.15061335110308988	0.15526672	HE	153
0.14735666810033343	0.13989928104314278	0.14647517	0.1351863	0.14735666810033343	0.1382222046508669	0.15079118	HE	154
0.1887356232812009	0.18427736193562638	0.1819753	0.17894778	0.18477142889765108	0.18422469163337155	0.19055237	HE	155
0.1950199521704584	0.1942229974445803	0.19548747	0.19442733	0.1958432166324485	0.19309746833275723	0.18788104	HE	156
0.2088597075598843	0.20541079353146935	0.20405662	0.20462996	0.20676906980313783	0.20185319535413915	0.21190928	HE	157
0.1953446114006964	0.1934371440739928	0.18810678	0.1904646	0.1950982598013411	0.1921543966171802	0.19749285	HE	158
0.2463459283396065	0.24708710404599254	0.24420846	0.2495711	0.24694922578740294	0.24915298086926754	0.26328555	HE	159
0.1932005457789797	0.18277255772386022	0.19359158	0.18563598	0.19605762814571234	0.18427147269246713	0.1890203	HE	160
0.17773340180620345	0.168215959465765	0.1763473	0.17553191	0.1767932908701585	0.1675037725956796	0.16487549	HE	161
0.1916723307516211	0.18730549623887013	0.1965083	0.18724905	0.19203789994141796	0.1872666527119367	0.18790072	HE	162
0.23009650371147564	0.22801096655122835	0.23284072	0.22754838	0.22705404397970336	0.22428427858237596	0.23427626	HE	163
0.2126093076063821	0.20270701792305715	0.22648436	0.20151497	0.20955437671286997	0.2019152995002585	0.20398322	HE	164
0.21250665530798415	0.2057102640000455	0.21307966	0.20978327	0.21916629434218066	0.2088288989254837	0.19361672	HE	165
0.2096597326817801	0.20033499775362887	0.20399399	0.19568126	0.21114445973771423	0.2005965729183276	0.195655	HE	166
0.1835430224149541	0.17788920933794689	0.17534477	0.17637207	0.17971035759870382	0.17468011754807855	0.16775396	HE	167
0.16248207820766372	0.15883859762790836	0.16493066	0.15765946	0.1625329833735264	0.15905919156326057	0.1512763	HE	168
0.18583116862061327	0.18775034842311736	0.18684848	0.18078302	0.18689504668537563	0.1871892883975617	0.19778205	HE	169
0.21551305303715182	0.2065842884453566	0.2132139	0.20458208	0.21144666622936756	0.20477364808772172	0.21293317	HE	170
0.17594300176581082	0.1773039167502251	0.18310237	0.17674299	0.17605723817445323	0.17568843064696804	0.19363889	HE	171
0.20483185923509206	0.20596825335753896	0.2117507	0.2037198	0.2086312369156729	0.205213357891306	0.21742743	HE	172
0.19741263634813802	0.19395691184744654	0.19531135	0.19418243	0.1980881807243333	0.19238726965852876	0.1935543	HE	173
0.20631164324561066	0.18574339733778594	0.20126937	0.18750603	0.20068524937722718	0.1851982811023923	0.17481296	HE	174
0.20546076620810622	0.20002570713401327	0.21262646	0.20564002	0.20302884972774993	0.20109493323420727	0.19679067	HE	175
0.212232852747959	0.20811318721943473	0.20429733	0.2094477	0.2083535300642941	0.20981546576326968	0.21893986	HE	176
0.16468723880990518	0.15907836172997172	0.15900074	0.15247431	0.16460373462584532	0.1553991463281083	0.14850086	HE	177
0.22141215489091015	0.2199049517954302	0.21958746	0.21560174	0.22100655834142796	0.22013927707511274	0.2183306	HE	178
0.21077794398763627	0.2030271433943224	0.2060487	0.19767474	0.21079236848414823	0.20422730118642798	0.19915125	HE	179
0.21134830612006256	0.21249146560692767	0.20434077	0.21311992	0.2121410563992953	0.2124126357996993	0.20093915	HE	180
0.18062120740721613	0.18173890853215405	0.18648706	0.18437132	0.18612591841320095	0.18265782321600063	0.19716461	HE	181
0.22749672203485885	0.21857569260169643	0.22564124	0.22138739	0.22208219436328142	0.21546355136765302	0.21473366	HE	182
0.1842104329103585	0.1819168555340941	0.1790505	0.18000765	0.1884310742367003	0.18323219632331963	0.17921638	HE	183
0.17005899580378295	0.16641550299924782	0.17206648	0.16781944	0.1773916642158925	0.1649942949323392	0.17183109	HE	184
0.21879922215855765	0.21625559284438417	0.21786287	0.21724297	0.21705266881972535	0.2202124861125016	0.2161372	HE	185
0.17763183019807335	0.17318789799096088	0.1780513	0.16938624	0.17632385205824147	0.17323960349262843	0.16583245	HE	186
0.16320027270517853	0.16610751043279012	0.17145626	0.16347001	0.16364707324176506	0.16178872459472513	0.17055605	HE	187
0.19503933591861058	0.19347550092683588	0.19635887	0.19436418	0.20003586296900128	0.19403872256764182	0.19108847	HE	188
0.24222470328749013	0.24003177929762123	0.24803694	0.23862731	0.24501791916363408	0.23934069235510294	0.22598633	HE	189
0.20694530315357632	0.19909180862852427	0.20952839	0.19742249	0.20118933228614536	0.1988433719906617	0.20645119	HE	190
0.24268974292016138	0.24153218648749553	0.23864332	0.2355837	0.2519075567545497	0.23917625077529162	0.24932875	HE	191
0.17946260910836911	0.1807644629421546	0.18556908	0.18308474	0.1825917869690549	0.18031437609093884	0.1944754	HE	192
0.19637443089710582	0.18594928005737482	0.18755595	0.18253636	0.19905941735077268	0.1864153724014216	0.19323912	HE	193
0.23918567694599252	0.22723730784080357	0.2378181	0.2299055	0.24106175695416412	0.22765059912999727	0.22465964	HE	194
0.24005684443645406	0.2311883702658743	0.24056098	0.23394462	0.2309501420213008	0.2301095516673163	0.23911507	HE	195
0.18560874521577153	0.18490381821676993	0.18982227	0.18143792	0.19549992954728923	0.18377438486159467	0.20211428	HE	196
0.21814569562266162	0.2162504868953853	0.21711978	0.21301349	0.21567757586262906	0.2141904992134231	0.20922251	HE	197
0.17391893933980052	0.17113462570564125	0.1747726	0.16961093	0.16819293768624646	0.1712756599727552	0.18318042	HE	198
0.2391848905063997	0.23208423278533416	0.23843357	0.23171291	0.23827082399142743	0.23206847812802053	0.22771361	HE	199
0.24053759408073117	0.23250384748081196	0.2442661	0.23373285	0.2325580076305364	0.23574029456712028	0.23029917	HS	200
0.24092126057218993	0.227027738736087	0.23491697	0.22833322	0.2470091623895541	0.22854921178929138	0.23006968	HS	201
0.19839462072279165	0.19449621888270488	0.19753996	0.19421671	0.20039947406645722	0.19583994134526472	0.20223582	HS	202
0.22827052805380044	0.22240530976109277	0.22161107	0.21735682	0.22589162985798866	0.21938325803745048	0.2280431	HS	203
0.18752797720353	0.1832405529866834	0.19542925	0.18684606	0.19338846544896998	0.1849599904747605	0.19062437	HS	204
0.19326853228827146	0.18932713329547263	0.20568389	0.18647596	0.18922873105172017	0.1887977343939382	0.19263536	HS	205
0.17222473624049187	0.1685307973927135	0.16662772	0.16370982	0.17424602491036387	0.16717387720527704	0.1735328	HS	206
0.17259926913760662	0.1607445382222747	0.16114607	0.15751086	0.16019899046124994	0.16002032916163617	0.16485229	HS	207
0.1924771442045949	0.18713074402389185	0.19722942	0.18779722	0.20058678580996797	0.18741987394016166	0.18988192	HS	208
0.18656119642245764	0.18549565850134794	0.19106007	0.18574318	0.1866195857770395	0.1833525432417556	0.19814952	HS	209
0.24883651177306457	0.24519632663255614	0.24418741	0.24064933	0.25284640578140255	0.2395164325928301	0.24917664	HS	210
0.2471357393849314	0.2311771889411054	0.24030685	0.23140527	0.2310006316664401	0.22778702950003105	0.23472539	HS	211
0.22922996799401277	0.2214704570083651	0.21919678	0.21748196	0.22689123246125018	0.22450856463543337	0.20953228	HS	212
0.20791817737463883	0.20666020723687636	0.20907697	0.20368207	0.2189882902946315	0.20341599131663754	0.21491247	HS	213
0.19396658490171317	0.19301789660637142	0.19882825	0.19504112	0.19985007645860967	0.19677855603705321	0.20210822	HS	214
0.18970749803242054	0.18835863693077035	0.18877445	0.18326747	0.18959037959591524	0.18701897060490297	0.19369723	HS	215
0.20575102791403668	0.19594504697320125	0.20375183	0.19258095	0.1945137548482093	0.19213850762926918	0.20076095	HS	216
0.19262153439495652	0.1840053463779487	0.18725224	0.17931163	0.1952914337624853	0.1800440713571553	0.18866111	HS	217
0.20302100798486222	0.20538975716107713	0.20630617	0.2075137	0.21968739313389787	0.2064484775214417	0.19563258	HS	218
0.13692981307510935	0.12703914688478815	0.14370038	0.12702493	0.13209976324158454	0.12891071721689282	0.13802068	HS	219
0.21167494220062194	0.20101234954903588	0.2125972	0.2031783	0.2086713921733657	0.20268253897297134	0.19652006	HS	220
0.16279211616869757	0.16373361547533516	0.17220841	0.15905187	0.17046513232772792	0.17056802800956736	0.16823941	HS	221
0.1717168548007015	0.16293456891073102	0.16331677	0.15942127	0.17247256543627645	0.16742721257102322	0.17152815	HS	222
0.20993133083709778	0.209298763317651	0.21790174	0.21352513	0.21465944305881748	0.21098123948167533	0.21403171	HS	223
0.1813462066094562	0.1753363342365198	0.18074694	0.17992145	0.1759114689505443	0.17457657231697413	0.18840882	HS	224
0.16207595583275544	0.15842267662686496	0.15386915	0.1509833	0.16441370876708883	0.1598179317540975	0.15052535	HS	225
0.23036582430631508	0.22636591516726695	0.2376992	0.22147955	0.23285978015374237	0.22890920246292257	0.23889735	HS	226
0.2648911277905899	0.25138909841879575	0.25442678	0.25054854	0.25502096335485075	0.25206596432553197	0.26493892	HS	227
0.2186783906400448	0.2108133280056047	0.21266739	0.20931152	0.2140959057454368	0.2148808875180018	0.21172798	HS	228
0.18400157563636785	0.18047249021748477	0.18197218	0.18055668	0.17560532920956362	0.1757383012408436	0.18941423	HS	229
0.23734700830179126	0.2326151090257347	0.23513615	0.23008303	0.2436090811084215	0.2406179630473571	0.24133933	HS	230
0.18174382476493756	0.180730343948377	0.18190369	0.17642465	0.18545268953565133	0.17695734046584183	0.17876433	HS	231
0.21228557018006916	0.20390444963825743	0.20989136	0.20337619	0.21227885483280984	0.20598869599075995	0.20511162	HS	232
0.2364294861351892	0.232692561404635	0.24648687	0.23545662	0.24399523982662774	0.23570700958419175	0.23516208	HS	233
0.18023368319221933	0.17142395994579795	0.17221227	0.16618222	0.1669178844521594	0.1695671495188607	0.17294028	HS	234
0.1888857115566184	0.18696651877846174	0.19882321	0.1868041	0.20411593457308358	0.1896102484077798	0.18954606	HS	235
0.18988331728126792	0.1868355867898343	0.19685909	0.18482777	0.1863989523108705	0.18632340001916395	0.20111403	HS	236
0.17730763959096224	0.17439069190694437	0.1806661	0.17191212	0.1902201840533032	0.17947800156619081	0.1731875	HS	237
0.19319203371260601	0.18878266404212715	0.19371217	0.1890267	0.19464383927379775	0.19015552544582276	0.18714169	HS	238
0.20317962701044293	0.19267046721593292	0.19678542	0.19403812	0.1955512413956394	0.19453258341199534	0.19333397	HS	239
0.17766700135860794	0.16915787497121337	0.16703872	0.16982019	0.17647685615497347	0.17046420266122103	0.17013805	HS	240
0.1444935142100221	0.14027737128645548	0.14024091	0.13984284	0.14141392543883735	0.13962942012326282	0.14165783	HS	241
0.19952135690108086	0.1896036433941104	0.19308637	0.1877554	0.19898727331497615	0.18852090073569117	0.18538252	HS	242
0.20062588378336338	0.1942533424996073	0.20392753	0.19653666	0.20039926441799144	0.19842065143680684	0.19401042	HS	243
0.19642674281611802	0.18793336175453507	0.1944269	0.18287402	0.18930287593194173	0.1876146680388611	0.1868592	HS	244
0.18422600535758366	0.1777365563567361	0.1819982	0.17091219	0.18543869214595785	0.18046901930583512	0.15075822	HS	245
0.1943959384211486	0.18821038093903664	0.1916702	0.18719456	0.18763231848397532	0.18676715570318878	0.19455193	HS	246
0.20990936406111843	0.2137026149720954	0.21570526	0.21311527	0.21777305275014566	0.21147330631570574	0.22991489	HS	247
0.20811794283786153	0.20336530727654084	0.20895135	0.20255199	0.21974700748684467	0.2050022414329917	0.20404336	HS	248
0.16877008020272413	0.16350936884768402	0.17662735	0.161351	0.15981517203678758	0.16058772058675844	0.1689732	HS	249
0.19181159220403343	0.18020183066118822	0.19402765	0.1814386	0.18457465227458875	0.17782422940088813	0.1915394	HS	250
0.20970945198405483	0.20040852562117212	0.1947375	0.20088659	0.19319600140011967	0.19633043027119929	0.21185774	HS	251
0.1972589631657786	0.1946923922989122	0.19632076	0.18841502	0.20263609935781948	0.18988610899979524	0.20285673	HS	252
0.15520315104064183	0.1553598693216386	0.1570736	0.1532971	0.15687137403694948	0.15591824396002457	0.16395918	HS	253
0.19716968053585784	0.18600071686579542	0.19054422	0.18081342	0.1872649600648551	0.1854350686109297	0.192278	HS	254
0.20721364449177088	0.20699084559756933	0.2100773	0.20513949	0.21031694590866754	0.20658103997729793	0.22173989	HS	255
0.2004069288091629	0.1949852223644817	0.20044509	0.19682713	0.20192306692030004	0.1957404553480914	0.19862524	HS	256
0.19779296165809704	0.19341571642516187	0.20485681	0.18978566	0.19244378445978275	0.19282749424144868	0.18591334	HS	257
0.20212888320549352	0.19497791194449896	0.19418207	0.19536847	0.19449288467894138	0.19139499781358543	0.19522862	HS	258
0.1860432089641595	0.17755719996242378	0.18154591	0.17913972	0.18408498969900342	0.1806838700174576	0.18108508	HS	259
0.1965011972890716	0.18356755113759404	0.19042188	0.18795943	0.18718406803298038	0.18415828998616496	0.18983114	HS	260
0.22381176379393994	0.22004971414529226	0.21751592	0.21188827	0.21337950204751643	0.2126049572331319	0.2220892	HS	261
0.1970467601740722	0.18923878663142696	0.19483083	0.18861258	0.19556200185031133	0.18991467878378432	0.18717006	HS	262
0.21490812135732476	0.20924929928732997	0.21204643	0.21015577	0.20643517822236493	0.20987404232610438	0.19295791	HS	263
0.15238214845601228	0.15087860534236636	0.15404138	0.14895847	0.16020297070091377	0.15048125307282575	0.1719471	HS	264
0.20216579871015208	0.19190580759858808	0.19818924	0.19548067	0.20129179091070523	0.19642730029041006	0.21234256	HS	265
0.23851272485671557	0.22963464028272626	0.2377644	0.2249595	0.23035495755424593	0.22096883021649194	0.21655272	HS	266
0.18052768091421273	0.17707524490779208	0.18113004	0.17628363	0.18221965540536028	0.1761258979847685	0.17770463	HS	267
0.17578160988471345	0.1763632169421478	0.17295747	0.17465375	0.17320462749863502	0.17717141635936687	0.18886267	HS	268
0.2445981827749681	0.23749502181284946	0.242512	0.23498692	0.24299640839810144	0.23840485885550242	0.24372774	HS	269
0.20833950527085185	0.2026658989667614	0.22134069	0.20988612	0.21259151961346107	0.20433246247526188	0.20658502	HS	270
0.18891614293013453	0.18346089825977357	0.1831332	0.17653024	0.19329316126886356	0.18896057390708396	0.16359432	HS	271
0.214483889824595	0.20482305365835637	0.21320125	0.20416859	0.20680845916418658	0.20701067515118562	0.21045627	HS	272
0.22529164750806166	0.22173053545119353	0.23389482	0.22380564	0.22900070054241486	0.2227903240696937	0.24322884	HS	273
0.20898752037864762	0.2029541075425043	0.20382681	0.20190935	0.2048465442652139	0.20481168000746014	0.19737193	HS	274
0.2274656617597212	0.2205732578523667	0.22066054	0.22196864	0.23070196887375627	0.22400041966707723	0.2283899	HS	275
0.21285511539162494	0.20407096657271093	0.21267873	0.20132607	0.20650429160201336	0.20306691131893162	0.20811385	HS	276
0.20518638148748622	0.20099178077612898	0.20779465	0.20064503	0.20929319181217498	0.19840954560599294	0.19538437	HS	277
0.19403127769318998	0.1873356979765682	0.19868967	0.19039516	0.19147087225694723	0.1878293769308793	0.19549148	HS	278
0.16413139069637125	0.15631117962057986	0.15957984	0.15754706	0.15973445414056295	0.1582898186098037	0.15244526	HS	279
0.21951346246656914	0.21223448830149186	0.20783077	0.2117604	0.20869942888969326	0.2082993259999392	0.2179072	HS	280
0.22966675847933213	0.2178480503922573	0.21604836	0.21252197	0.21401684398541748	0.2181709088372701	0.20013456	HS	281
0.18467504431311596	0.18180173213021134	0.18414234	0.18173842	0.1799482381184282	0.1807645860570864	0.19067244	HS	282
0.1861708439220494	0.1796432815171213	0.18490988	0.1831907	0.19540395671696154	0.1841101501400001	0.18268101	HS	283
0.2359974425716124	0.22951446292469127	0.2364709	0.2272458	0.2319991197471789	0.22902128299110183	0.22376132	HS	284
0.23795472338761176	0.2292698199254961	0.23306198	0.22694384	0.23850343754819525	0.22906316171087873	0.24314627	HS	285
0.20643838121642105	0.200139754006602	0.20510979	0.19979051	0.20813253888167807	0.20226763740177905	0.20041494	HS	286
0.19541388581796829	0.18919314099737958	0.19174293	0.19244327	0.19491581806989836	0.19232493814078208	0.19783652	HS	287
0.21734222264200884	0.20178086019577382	0.20612508	0.19955651	0.2027535858819836	0.20018702312150347	0.20273036	HS	288
0.18113951998365038	0.1750994790156131	0.17504872	0.17243533	0.17829522528953112	0.17456686644704314	0.17081264	HS	289
0.18022869601511443	0.1791743073624947	0.198954	0.17891127	0.19237398977693151	0.18540185978829304	0.19353208	HS	290
0.22588845693099543	0.21720567638991528	0.22865483	0.21920894	0.2149094522686064	0.21485211943372193	0.2262855	HS	291
0.19499214710452847	0.19015728845591318	0.20362234	0.18942763	0.19794054072350203	0.18946406598112644	0.18825835	HS	292
0.19996049185088147	0.1971255293239616	0.19879682	0.19290902	0.1982624036807079	0.1908596177708754	0.2032885	HS	293
0.12508129331048767	0.11866817485745167	0.12496036	0.11819208	0.12079278806668024	0.11562627057556987	0.118798345	HS	294
0.1895329108553025	0.1889286576269441	0.19313523	0.18734384	0.19836349955003127	0.18932426681324224	0.18388516	HS	295
0.23430801887928165	0.22621518880610453	0.23395586	0.22947739	0.2335437246039781	0.2265666674986092	0.2270828	HS	296
0.2039438375782737	0.19692471997785235	0.2003793	0.1940747	0.19569463563919712	0.19736198728699123	0.19362293	HS	297
0.19517687547831702	0.18797595992810626	0.19318768	0.1879137	0.18834616481146524	0.18505859491732654	0.20258518	HS	298
0.19829432723021764	0.19166170447195047	0.18144217	0.18868303	0.20344143452079483	0.1907400555752927	0.18437286	HS	299
0.20117324716438897	0.19376391577059612	0.19819619	0.19585389	0.2011638003501677	0.19231013198308286	0.19391957	SS	300
0.18391560975320934	0.16734159206817606	0.16566327	0.16499591	0.17783792443405877	0.16821185295909244	0.16538167	SS	301
0.20392065153760075	0.19586982328684618	0.20957445	0.2012646	0.20365931088256808	0.19976098953488838	0.2283815	SS	302
0.1848478531571052	0.1734076568452229	0.17444508	0.17158581	0.17738588391497093	0.1724983018176197	0.18163013	SS	303
0.18153214700353557	0.1767433062329002	0.18958552	0.1776413	0.17798996935017905	0.1751494417733591	0.1955832	SS	304
0.18547421655870736	0.18219668411864998	0.18754798	0.17968102	0.18321752822994272	0.18097539546901914	0.18317698	SS	305
0.1820511187981525	0.1834203074908169	0.18406549	0.18046992	0.1900658217286664	0.1831080462261646	0.19281909	SS	306
0.1438727670657092	0.140800707420659	0.14933908	0.14280492	0.1550606695956551	0.15031039286253892	0.1482013	SS	307
0.21418685045296676	0.21248411784768137	0.21830326	0.21282254	0.22552042652438703	0.21424332923685274	0.2166933	SS	308
0.24816620536004935	0.2438559082941836	0.24353886	0.25133586	0.25825543144907165	0.24300716654713395	0.24175374	SS	309
0.1741858674517252	0.17051374358350863	0.16842848	0.1692408	0.17532807725032581	0.17040722763102834	0.18364233	SS	310
0.18644592293902165	0.1806400005022905	0.18213545	0.18087745	0.186154830810407	0.1760638895267557	0.181391	SS	311
0.20253717973737884	0.19386229392531754	0.19434616	0.19237967	0.1963426460610681	0.19132594905593533	0.20104633	SS	312
0.1511360303287688	0.14985577365829003	0.15629539	0.14882956	0.1489765177005904	0.14711228847962693	0.1551997	SS	313
0.21852958803662528	0.2148194486542756	0.22386158	0.21765213	0.21871057643208772	0.2143674703834001	0.22092633	SS	314
0.2074752723112706	0.1935651393558962	0.20332196	0.19286527	0.1885739509075874	0.18259166303589897	0.19198406	SS	315
0.1476926536683436	0.14556006975909416	0.14874284	0.14651465	0.14919345072858267	0.1441605374072755	0.15062462	SS	316
0.24053091763342854	0.23235049798916788	0.23761511	0.2358135	0.25148656214184484	0.23839179438232536	0.23774247	SS	317
0.2074391825125341	0.20308707404563991	0.20776251	0.20128927	0.21290558868606652	0.1974849209018698	0.20474702	SS	318
0.18424341508831302	0.18256552377101234	0.19100858	0.1834479	0.20105760332957107	0.19270553906380744	0.1794556	SS	319
0.22303171803260968	0.21415652966774296	0.21730757	0.2125348	0.2316435460727448	0.21731261622236012	0.21829328	SS	320
0.2296379737846766	0.22051694077869163	0.22114332	0.22168276	0.22010723524776177	0.21767254972426134	0.21989334	SS	321
0.21259514217323186	0.21239703462832216	0.22059542	0.21097551	0.22499738513897644	0.21395442963845637	0.22262566	SS	322
0.19149358084571352	0.1857040263660383	0.18738374	0.18674213	0.19186403275137634	0.19139679994176725	0.17939505	SS	323
0.20117330481786394	0.2013637851538262	0.21112663	0.20334889	0.2101051960431791	0.20125379638567417	0.21594267	SS	324
0.17755718581811467	0.17519762178332207	0.17703581	0.17093158	0.18194779843712497	0.17262099376915158	0.18227178	SS	325
0.18250889858367841	0.17395675628779864	0.1792485	0.17386165	0.17858511479782702	0.17443919705161778	0.17166857	SS	326
0.15269691696584017	0.1521624196177672	0.15382747	0.14854014	0.1526350302478576	0.15106317965660754	0.1632655	SS	327
0.17504656863852822	0.17090355263033682	0.17870098	0.17421974	0.1814002256321567	0.17671180543029422	0.17522408	SS	328
0.243602799579265	0.23374303430550078	0.24136396	0.23385108	0.23579500428099123	0.22894419509588423	0.23293789	SS	329
0.21664507926355897	0.20974138950143134	0.21547222	0.20738198	0.21228200367422922	0.20954792099338873	0.20927967	SS	330
0.18474636283779333	0.18423517828512176	0.1849059	0.18163045	0.18889516126980332	0.18179576384293394	0.18651259	SS	331
0.1805887382667877	0.17978928037674707	0.18334226	0.17751306	0.1859369048688376	0.18177874428859772	0.19649279	SS	332
0.1958476049391145	0.19045264590411728	0.19549659	0.18776698	0.19379831996277716	0.19153014019327694	0.18991645	SS	333
0.18029899881498293	0.17749032389019356	0.1853084	0.17744455	0.17771024317531073	0.17836781528941448	0.18030582	SS	334
0.17600016674536612	0.17134052436787722	0.17612071	0.17245866	0.1707445081839531	0.1697907740487644	0.17051838	SS	335
0.1798975276918873	0.18007880486155314	0.18114874	0.17749104	0.18687143564253605	0.17865120978043458	0.18085045	SS	336
0.18381924888020026	0.17937196594389948	0.1873631	0.18244167	0.18516916407307252	0.1787797122860133	0.18202487	SS	337
0.19812163302994257	0.1849435786679541	0.19143899	0.18185268	0.193320044472975	0.18283302040820745	0.19554347	SS	338
0.1843559730640258	0.18240168338336937	0.18434547	0.18274105	0.19083362666960688	0.1833964641336213	0.18961208	SS	339
0.21191446588142812	0.20639150463741454	0.21439856	0.20294705	0.2169156980816144	0.20995352905451375	0.20906198	SS	340
0.19456901276346125	0.18509181266659658	0.19631486	0.1896718	0.18296309248330478	0.1826871611304389	0.19665672	SS	341
0.15940704242126902	0.15629751692460117	0.15603162	0.15814915	0.16991088310742455	0.15623677883527506	0.15869641	SS	342
0.16930818935614364	0.1612577288527754	0.170387	0.16621323	0.18125574146683474	0.1715487514593425	0.16587752	SS	343
0.17480001883685106	0.17022406227719364	0.16660342	0.16543645	0.1629377582514773	0.15986027018321633	0.1634345	SS	344
0.21957900930478538	0.21822272623907943	0.21809563	0.21950334	0.21980188614290722	0.21375020716011173	0.21735063	SS	345
0.20223548948817968	0.19955144716247444	0.20129259	0.19715868	0.20118325341240265	0.1949239098091964	0.21174575	SS	346
0.21324342315772063	0.20319723835607179	0.21494786	0.20759867	0.20578489856816365	0.20148399482013873	0.21596041	SS	347
0.2271470572769937	0.2211819590925329	0.22382368	0.21638042	0.2164483705032123	0.21279102369306802	0.21348631	SS	348
0.21670851302779431	0.21860477491296407	0.22086145	0.2180446	0.22677105343265663	0.21803596474373427	0.21635361	SS	349
0.19963723672977185	0.19471884044442742	0.20128433	0.19172956	0.19779689532792757	0.19372072867301565	0.20876199	SS	350
0.20360983427551582	0.1947201345979524	0.20303018	0.19541848	0.19396953437013437	0.1925829019193495	0.19439457	SS	351
0.22683608696852411	0.2130719322184275	0.22781901	0.2213376	0.22033111996962415	0.21780955686576653	0.2347322	SS	352
0.2011677535087447	0.1952928417908724	0.2036569	0.198017	0.21039323263348864	0.19868285274854564	0.21756074	SS	353
0.1818288083675327	0.17888557417050124	0.19409387	0.17827672	0.18456143730620908	0.179384523835184	0.18728018	SS	354
0.18173209648690458	0.18010908508958237	0.1874559	0.18170166	0.18333351967172368	0.1835694864908178	0.1787129	SS	355
0.23735114639290583	0.22471568590071722	0.23147725	0.22609629	0.23697727290757	0.22784352319398363	0.22977112	SS	356
0.21924583800920106	0.21629990410992928	0.22354744	0.2129707	0.21084084031856834	0.21425511413196868	0.22230437	SS	357
0.1853822460226101	0.17020410538085426	0.18434423	0.17312351	0.17878104768431238	0.16659103083167764	0.18117613	SS	358
0.18936875629700053	0.1846663865275902	0.18619138	0.18574806	0.1809422727350716	0.17975792780292932	0.1878183	SS	359
0.22984920623858976	0.2239102693770986	0.23213956	0.22477518	0.2286325334559507	0.22808081699207758	0.22875454	SS	360
0.18366989796711733	0.17583438929727732	0.19138744	0.1822166	0.1905381889594253	0.1819478525889187	0.17690599	SS	361
0.20187894160855685	0.19460010920093476	0.19976765	0.19498718	0.20332686992637225	0.19718705891798047	0.196109	SS	362
0.17871018367834438	0.17412406047781545	0.18006022	0.1724915	0.18078749403612995	0.17147137655294728	0.17632905	SS	363
0.21333212420624312	0.2062010344721436	0.21035685	0.20425391	0.20462377039474697	0.20688183562617743	0.2088474	SS	364
0.22525575998202996	0.21685176075985943	0.22536358	0.21695808	0.22588940615742018	0.21690911865429754	0.23881239	SS	365
0.15129669944285695	0.15275848101615225	0.152441	0.15079622	0.15527910316888716	0.15193255900035224	0.16186337	SS	366
0.19586568277519786	0.19340511129563165	0.19234788	0.18766333	0.19651783044942947	0.19316512443664396	0.2044729	SS	367
0.18767051006637303	0.18030654978865954	0.19035657	0.18689394	0.1944375952394108	0.18657026717246927	0.19334173	SS	368
0.24746455468673753	0.23697915103893757	0.24047895	0.23643011	0.2420616118390515	0.2346020348240203	0.22921547	SS	369
0.19347606366595413	0.19084584998746046	0.19884098	0.19174242	0.19503188583392198	0.191041868175427	0.1980439	SS	370
0.16616261414964456	0.16047426570305992	0.16522726	0.16186209	0.16638806495030778	0.16319900797715423	0.16818748	SS	371
0.211596358896331	0.20209817648175626	0.2143197	0.20880017	0.21674219505860043	0.2039621789078785	0.20169452	SS	372
0.20533074196083623	0.2000954008306286	0.2050559	0.19676344	0.20384447166536562	0.2000886498711984	0.19631161	SS	373
0.17770850502639632	0.18064727115973578	0.1913795	0.18432236	0.18599976818195357	0.1811806678989412	0.18256369	SS	374
0.2055819578135661	0.2100760955036611	0.22015877	0.20964661	0.21964486309524836	0.21436089988365706	0.22016503	SS	375
0.19444016289425006	0.18901139685001733	0.19257472	0.18876557	0.1952508428486131	0.1928554963488018	0.20130578	SS	376
0.19045185496650813	0.17991208871549688	0.1822052	0.17604956	0.20022625533187238	0.17926713949250075	0.18676515	SS	377
0.23832615214588992	0.23422816009319028	0.24115737	0.23526509	0.24117340104311005	0.23574190327758796	0.2491028	SS	378
0.2298199581441085	0.21888443810850233	0.22411454	0.21676545	0.2203345022736298	0.21866455040123448	0.21821941	SS	379
0.17356559016525017	0.17837752368934612	0.17488717	0.17205185	0.17189073214986392	0.17149248767405453	0.18091746	SS	380
0.21578036365014153	0.2089520961225773	0.21104488	0.20460191	0.21818136817548836	0.21213989173351452	0.2119022	SS	381
0.16939539910446968	0.16799299073384916	0.17293015	0.17036492	0.17121932186241853	0.16766767030202914	0.18093906	SS	382
0.18979159851345342	0.1826713636026512	0.18685311	0.18379198	0.19792456593947813	0.18828067356856887	0.19660228	SS	383
0.21962575515585528	0.21578421882676432	0.22222936	0.21835297	0.2138048229864816	0.21520499676506996	0.2250651	SS	384
0.20593241388982564	0.19497657756615763	0.19824927	0.19042577	0.19897310973239352	0.1910440537086238	0.19470163	SS	385
0.19488526297915323	0.1850646258035042	0.18823811	0.18629654	0.19069815782439187	0.18734647285678158	0.18300535	SS	386
0.17424697900511713	0.1740270652313762	0.18366465	0.17434576	0.1825281923064698	0.1734467125848119	0.17592977	SS	387
0.17366039061087268	0.1642370829862792	0.1648114	0.16037859	0.16366651419914477	0.1613396113335004	0.16522758	SS	388
0.18531945413368237	0.1789782671195716	0.17993	0.17831357	0.18716782834017445	0.1780210274615959	0.17309204	SS	389
0.22237529031362316	0.21224170452010555	0.22899964	0.21697205	0.2179746776663085	0.21257428504747852	0.21365699	SS	390
0.19704847083331076	0.19060879337647624	0.20095395	0.19364977	0.18997951576817873	0.1902679185188695	0.2021162	SS	391
0.1375332679663404	0.13770752574514125	0.14040361	0.1386618	0.13887939470187585	0.13537827526631416	0.1451911	SS	392
0.204164698994867	0.20418282637438917	0.19861531	0.19511998	0.2052728803744149	0.2005540437981603	0.20477319	SS	393
0.1850257714381418	0.1825668988359902	0.19640353	0.18471792	0.18631806733870696	0.18343874653901035	0.19081308	SS	394
0.1854984955883715	0.18137183585025932	0.19571026	0.19014034	0.19525524657267435	0.1914687027503623	0.19526288	SS	395
0.19855580773564482	0.1978233676967009	0.19592573	0.19054331	0.19850249102770803	0.1970937518070575	0.19951923	SS	396
0.22641521766794	0.224544875664716	0.23068336	0.22748311	0.23155292614272552	0.2265580563720979	0.22608456	SS	397
0.18510448556040693	0.18335581483669353	0.18924136	0.18803404	0.1869158360015136	0.18089393649825575	0.1897607	SS	398
0.1973046808373723	0.1939506021064592	0.19357622	0.192809	0.19577116500586117	0.1902677883303682	0.19202204	SS	399
0.2233964497058725	0.21961184334102293	0.22343808	0.21746366	0.22336514851506828	0.21932021665644863	0.22430727	SE	400
0.1987599275044818	0.190347652831136	0.19665575	0.19454938	0.20628981843284616	0.1955764162441992	0.19254531	SE	401
0.22882047484619278	0.22614153316041646	0.22778295	0.22077267	0.23452040734590646	0.22834484538116415	0.22563027	SE	402
0.20483687868349298	0.19818296432260096	0.2045618	0.19885856	0.20697298735986097	0.20045966723773959	0.19722222	SE	403
0.1914887227192662	0.1919074541047532	0.19873431	0.19451801	0.19807216328278462	0.19359130818505496	0.1893146	SE	404
0.2008677528373372	0.1968642622513033	0.20191722	0.19889759	0.1990014979880843	0.1952094480815819	0.19487388	SE	405
0.17552762009414935	0.17485369125505248	0.17829327	0.16934218	0.1739953872497016	0.1691439581040672	0.17759275	SE	406
0.20588653850343558	0.20284908739673518	0.20437977	0.20392895	0.20440511287129676	0.20254584502078127	0.21687317	SE	407
0.2106299213105425	0.2056103301983656	0.20439284	0.20887038	0.2157029328195269	0.20432943422825603	0.21312554	SE	408
0.20837094971769674	0.2014326082249053	0.20872343	0.19856186	0.2129995342511181	0.19838796086750324	0.19690521	SE	409
0.18341341810612696	0.17884151133681647	0.18480271	0.18333817	0.18372098603987919	0.1789654454505262	0.18828712	SE	410
0.22359115954168976	0.21281541298591666	0.21750417	0.2159207	0.223446584026088	0.21340042933272851	0.2224914	SE	411
0.23966606787412753	0.2330070328466156	0.24145126	0.23147865	0.23767486364092907	0.23656281855226807	0.23310931	SE	412
0.179948288333487	0.1724931163314577	0.17738369	0.17169136	0.1809534668800268	0.17542247372004066	0.1801207	SE	413
0.18042783672350526	0.17746931334770097	0.18069571	0.17822166	0.17923824499130708	0.17573850436239474	0.17655481	SE	414
0.25455605538947873	0.24598228965008206	0.24800333	0.24500437	0.25120527718004376	0.24802574401794608	0.26570088	SE	415
0.20029850642616287	0.2000111049381274	0.20334831	0.20003235	0.20516306523273384	0.20049072840792276	0.20053482	SE	416
0.22563864261043284	0.22148477010587356	0.22508763	0.22060823	0.22463252504820966	0.22334125570465513	0.23835815	SE	417
0.18187351264814994	0.17443558540680995	0.18638894	0.17139082	0.18220560752233395	0.17451157369205456	0.17506228	SE	418
0.21545462766787338	0.21300648381388734	0.21759622	0.21184807	0.22251936974481418	0.21620350259129928	0.2212552	SE	419
0.20353356366890016	0.19291318758101395	0.2033473	0.19689716	0.20155981032586373	0.19512054405129103	0.21269771	SE	420
0.2197000395851733	0.21150872673971985	0.21210629	0.20433119	0.2123601267856595	0.2085259314993462	0.20491315	SE	421
0.20408015471592722	0.1883548543749499	0.18817066	0.19076958	0.20265117234869115	0.18969418282042042	0.19782193	SE	422
0.20128465986206978	0.19129190139601376	0.19261271	0.19345352	0.19612197581095986	0.1913746258449582	0.20316438	SE	423
0.2183141444958053	0.20365649597201638	0.20442404	0.20622139	0.2052883833442434	0.20328298805818065	0.22394417	SE	424
0.21765340920760523	0.2134104509824109	0.22236116	0.2167473	0.21580471006589838	0.21123219804876442	0.22687712	SE	425
0.20587615464438425	0.19146986809008015	0.19076267	0.18409583	0.2004671589267084	0.1828462868362735	0.18023929	SE	426
0.23936473529532656	0.23082459424301932	0.23733099	0.2342244	0.23443253372052858	0.2281892051971878	0.24181876	SE	427
0.23721922535971465	0.23061269552036523	0.22946921	0.22801457	0.23304844004621722	0.22575757128812374	0.23746152	SE	428
0.20770070214604142	0.2012869077576219	0.20011343	0.19533579	0.21170224802887483	0.20654134599481144	0.20293394	SE	429
0.1729794127724125	0.16960277798621556	0.17525855	0.16734302	0.17346881465410935	0.1699397587151662	0.16444317	SE	430
0.17365924255640774	0.17470021362558974	0.17600755	0.17649454	0.17552884791643716	0.1732043722390493	0.1837555	SE	431
0.1983990112304153	0.19057978004514056	0.19238442	0.1938304	0.19786127491499134	0.19366588898336418	0.2100223	SE	432
0.18471651705305261	0.17766627906631247	0.1823856	0.1774231	0.18511619667911525	0.1756841883137905	0.18665938	SE	433
0.21445591193932206	0.21070966339558078	0.2104096	0.20548639	0.21868444162831902	0.21283824444663932	0.19587432	SE	434
0.18343888591948765	0.17679834223010535	0.1907873	0.18555479	0.19755953613661587	0.18998068781447863	0.17111008	SE	435
0.23760309852205938	0.22771273642581946	0.23592691	0.22878289	0.23268916172087245	0.2264740143782079	0.23312576	SE	436
0.20978745243114608	0.20064510001969255	0.20679355	0.1990614	0.2019621407446417	0.19755616061895867	0.20216757	SE	437
0.18339108377478483	0.17836710589369933	0.18273579	0.1742488	0.19118916943344055	0.1755787964929808	0.17820957	SE	438
0.205690339886328	0.19805373647984775	0.19682123	0.19948256	0.19591510559083336	0.1944894794764346	0.19054845	SE	439
0.20635239731818608	0.20124706204443604	0.20056829	0.20143938	0.20650643519614262	0.202688894005458	0.19146357	SE	440
0.17690900892940298	0.17403728818326286	0.17478766	0.17201163	0.17680702767915488	0.1738492923991308	0.18546265	SE	441
0.23241352413543398	0.2273367495724013	0.22728814	0.2304572	0.23970706484024595	0.23120703469134182	0.24452409	SE	442
0.23577627059771644	0.2174786465137583	0.2209496	0.21692298	0.23370836911122986	0.21623377779205935	0.23072118	SE	443
0.20112260201050497	0.20351774305749917	0.20417264	0.20188849	0.20524827696421724	0.2032849200752103	0.20838675	SE	444
0.22260645837871346	0.21446257368104588	0.22595902	0.21612765	0.2266235272335441	0.216895387278994	0.22403538	SE	445
0.17802638812414448	0.170065942523123	0.17088586	0.16461933	0.16653997291454878	0.17011074323045466	0.17300256	SE	446
0.16942271513490273	0.1680149835849758	0.17967738	0.16725373	0.18165800079153088	0.16908251509247213	0.17860456	SE	447
0.18582440156984664	0.18146631499909627	0.17824693	0.17810914	0.200700690183242	0.18397146092524166	0.18594232	SE	448
0.19704652844356627	0.19559249223067657	0.19363077	0.19434571	0.19464128509060488	0.196394003611395	0.18647464	SE	449
0.16960209870886972	0.1673072472859872	0.16660134	0.16664197	0.16460221664838004	0.16578489022079704	0.16613485	SE	450
0.19823240289655486	0.18772874410857046	0.19689243	0.18822946	0.19256661104260842	0.18682741904865557	0.17179154	SE	451
0.2072008979784423	0.19453609519985512	0.20452441	0.19640625	0.19623080700157952	0.19609821712671682	0.22319266	SE	452
0.1967422404006147	0.19814476680040705	0.20545848	0.20269479	0.20538186573727418	0.20227559808636777	0.19235681	SE	453
0.1753362759802459	0.18035599409351807	0.19066785	0.17831247	0.18360160838488715	0.17976284990736222	0.19325638	SE	454
0.16850987944000043	0.16805524917588602	0.18080725	0.17012455	0.16949860142075437	0.1677242332579775	0.16858979	SE	455
0.22591984615959743	0.2208480765663594	0.23081921	0.22136888	0.23372758805809854	0.2238297473818295	0.2386713	SE	456
0.1294415563062312	0.12450013169226566	0.124460116	0.12342818	0.12970714747998446	0.12407665293146232	0.12082924	SE	457
0.1855029189072012	0.17922383345757328	0.18574293	0.18123476	0.18631994653939996	0.18168577780961823	0.19302982	SE	458
0.24419171792924868	0.240846593393375	0.24060132	0.2333078	0.2500300611779116	0.23983896944230576	0.23631771	SE	459
0.20436884120507445	0.1951248091204786	0.19955228	0.19494198	0.20167301979332747	0.19834160605978451	0.2049532	SE	460
0.2049728814153089	0.19852945960304774	0.20266306	0.19917439	0.2033529416255259	0.19995354322400355	0.22251938	SE	461
0.14411042893320644	0.14171930079276532	0.14546093	0.1397482	0.14544813251323274	0.140774820341831	0.15164046	SE	462
0.14963774346287845	0.15299729160422693	0.15199918	0.15263778	0.16080230096439765	0.1496534455982531	0.15705644	SE	463
0.13262072973101047	0.11929450248099652	0.13256535	0.121037796	0.13268175587664044	0.11908514589122349	0.124984145	SE	464
0.17980389140640776	0.16988056779849628	0.16821255	0.16995022	0.1769369945618717	0.17041004092227097	0.17379624	SE	465
0.18694699638580634	0.18674707945923033	0.18735729	0.18795717	0.18314859723347104	0.18485642706222444	0.19057657	SE	466
0.17535832463546794	0.16739643379043934	0.17434655	0.16849335	0.17001675426714608	0.1663272935644904	0.16945681	SE	467
0.16634097370419074	0.16377085588393586	0.16595666	0.16398287	0.16552886694383181	0.1643474871843931	0.17337124	SE	468
0.19374673699290254	0.19083848316305993	0.19187778	0.18932217	0.19003629208443368	0.18992073093436015	0.19818641	SE	469
0.1732180804912786	0.17572311499696322	0.18626308	0.17853512	0.17952162333302854	0.18177637438099906	0.17671515	SE	470
0.18498975482168797	0.17894496434666454	0.17912985	0.17711352	0.18330279597042157	0.17771666062083571	0.19274335	SE	471
0.19178955008162524	0.18016690842239474	0.1947268	0.18000525	0.19279905401045924	0.1827153245022261	0.1799885	SE	472
0.18088948766466503	0.17490982926560233	0.18177281	0.17506497	0.18033489646331022	0.17628221431603247	0.18305157	SE	473
0.2404449522077415	0.22933956419258422	0.23638126	0.2302542	0.2387567136073124	0.22926578240465048	0.23084578	SE	474
0.24753202489753756	0.23116449115705964	0.24503015	0.23050886	0.24752814157228303	0.23169450445413728	0.24362476	SE	475
0.21336637818391352	0.20384150013547547	0.21757886	0.20722373	0.2162999497596999	0.2064803247102794	0.20427774	SE	476
0.163139094749761	0.15421224101487574	0.15970492	0.15091372	0.15979881799753667	0.15474694204819833	0.15037414	SE	477
0.21380777246145719	0.2074459753801332	0.21236995	0.20691358	0.21453219135860188	0.2085394790440657	0.22004563	SE	478
0.2596467802195213	0.25098773780304734	0.26401824	0.25255096	0.2564109845618072	0.24966020739257835	0.24253987	SE	479
0.20065632790706736	0.18816648088241614	0.18441223	0.1875924	0.18874581356932876	0.18780172039037418	0.19191283	SE	480
0.18411882253864909	0.17860171125712115	0.1836682	0.17630996	0.18499445025065397	0.17838275543233292	0.18652165	SE	481
0.21427280501209248	0.21444139396130402	0.21624415	0.21813832	0.2140111397577056	0.2158740651001561	0.21301818	SE	482
0.23629801814055587	0.2300211058689274	0.2283235	0.22615089	0.23398825419898694	0.22835966026094007	0.22890194	SE	483
0.17913393030377225	0.1721926889242954	0.17302385	0.16958012	0.17446072515175853	0.17192427229488025	0.18262465	SE	484
0.21441674080793835	0.21775077847476537	0.22182617	0.21902473	0.22417342547572447	0.21871778840179315	0.23649684	SE	485
0.14632955366597838	0.14417647311250661	0.14565435	0.14526339	0.14338088598104298	0.14236971392536193	0.15609376	SE	486
0.2352284679247889	0.22190462087688723	0.23159029	0.22404973	0.23348203763872089	0.21902610983414034	0.21826476	SE	487
0.18829177598123772	0.1835727858650409	0.18809254	0.18472193	0.1888130297345649	0.1853326683361386	0.18551223	SE	488
0.22382787711253133	0.21347856781989707	0.21945219	0.21192671	0.22713844224828744	0.212590804712248	0.21345088	SE	489
0.2243397611732438	0.21583324451017566	0.21531226	0.21083243	0.22237666034877204	0.21521423419877678	0.21247908	SE	490
0.23118140849927668	0.2242825298094005	0.22423768	0.2212907	0.22604598685830674	0.22902392591976622	0.22605908	SE	491
0.19649913027670335	0.2001446873913551	0.20581856	0.19963676	0.20676398171534152	0.19562404639695705	0.2026622	SE	492
0.20223279748241035	0.19800038545841825	0.19711722	0.20008732	0.19883925537028968	0.19491706352382498	0.19036767	SE	493
0.22091167353882263	0.21332144241740555	0.22865023	0.22072065	0.23803895312434525	0.2197942477669139	0.22075807	SE	494
0.1895970584697249	0.18894714258950152	0.19474076	0.18858546	0.1933416300376486	0.1900165886690414	0.18995164	SE	495
0.21835564024232645	0.2040401211981075	0.20950088	0.20477886	0.2184840594703543	0.20914522074907915	0.20843154	SE	496
0.19217401081504432	0.18770072237440286	0.20076911	0.19043665	0.19334080986835778	0.18698517561683034	0.18904237	SE	497
0.2144560431530149	0.20823315742315388	0.21721733	0.21088445	0.21534466067589722	0.20762619377244612	0.21018392	SE	498
0.16416334286606304	0.1565135230544759	0.1723563	0.15812697	0.151813058511892	0.1611082908916082	0.16514139	SE	499
0.20926205405718404	0.2036951047876576	0.21415977	0.19933954	0.2082631314426927	0.20200729866996628	0.19521071	H	500
0.19213501869176178	0.18281878218245845	0.18451157	0.18265036	0.18958463240869078	0.18151988131182775	0.18741392	H	501
0.13639289785168687	0.1306411315473208	0.12913212	0.12465437	0.14166000067076628	0.12775525853346056	0.11852202	H	502
0.20027784827621234	0.1926258131117478	0.19272558	0.18900864	0.19952056683209526	0.1919652499230852	0.18284804	H	503
0.21976548750274633	0.21473642085507288	0.21998101	0.20928618	0.21323224599330165	0.2134451713896921	0.2142449	H	504
0.1877476409821402	0.17910570374073234	0.18440984	0.1731417	0.18332106200720663	0.17346859644381457	0.16038942	H	505
0.21941820851952365	0.21691566745023813	0.233523	0.21632923	0.23135872046381536	0.21321932248122463	0.21791978	H	506
0.188915820472894	0.1853497922702437	0.19361869	0.18368421	0.1841406622724549	0.1851482113385086	0.17429067	H	507
0.23247941767881536	0.22516158695316296	0.22694233	0.22117	0.22959227149492803	0.22616139870819313	0.22199504	H	508
0.2327891030981115	0.22115621173362168	0.21807668	0.21213013	0.22880950382226872	0.22086730870688995	0.20241162	H	509
0.20344696112000504	0.1927696478019381	0.19183382	0.18399279	0.20661203629903843	0.19629936019057337	0.17167352	H	510
0.17163294903718426	0.1594649139820593	0.14947997	0.14966697	0.16226759493184095	0.15712214087982593	0.14846188	H	511
0.19717420875935168	0.1926480094166665	0.20684041	0.19774565	0.19115546343944437	0.19153128307244643	0.21707502	H	512
0.20799154096934475	0.20308636827633458	0.20575492	0.19803138	0.20742373048254986	0.2012694071838386	0.20695834	H	513
0.21635769597803065	0.21532774302751606	0.21524133	0.21629938	0.2172634219979887	0.21434096177592077	0.22176705	H	514
0.20067956757367303	0.19565621655639734	0.19078018	0.1887859	0.20091619731797086	0.19151223145088708	0.17583321	H	515
0.12103204626992883	0.11519387062624592	0.13188596	0.11785788	0.11553390177841717	0.11099418949976585	0.116415545	H	516
0.2164789821601504	0.19891057544648466	0.18610786	0.1857045	0.20055921780795027	0.19286424487998663	0.17863165	H	517
0.13446407290003162	0.13475304262660404	0.14108361	0.13591324	0.14251244364452356	0.13788766460151516	0.13362172	H	518
0.16728365739627823	0.16129044291666472	0.15726504	0.15167154	0.16194212172143438	0.1557187465660529	0.14415796	H	519
0.22573272424578145	0.22044608105891525	0.21819694	0.21644896	0.22246975595815618	0.22137942595878157	0.20880584	H	520
0.14044292179049783	0.13633675898094938	0.13544811	0.1348124	0.13879316977927258	0.13446575320924442	0.12870486	H	521
0.18275597815149688	0.17739103237189774	0.17257696	0.1661178	0.18458995324149838	0.1755408075997354	0.15676573	H	522
0.14931490409921777	0.14445779418071358	0.14352609	0.14225946	0.14425210448529258	0.14285236286900788	0.14037813	H	523
0.11527521876267434	0.11462800469544887	0.10289715	0.10250918	0.11106034644691894	0.10830651906785191	0.09945557	H	524
0.1753640215863711	0.164969961896082	0.15710723	0.15564753	0.16640527592227886	0.16308974098651793	0.16505115	H	525
0.16833498113496104	0.16486502686036372	0.18865971	0.17202249	0.19338541474633997	0.17167463532040717	0.1752447	H	526
0.17762840375281047	0.174647762697592	0.17720592	0.16515116	0.1750477177766794	0.17026868514687954	0.14948982	H	527
0.1617145143985344	0.15743491161176018	0.1655362	0.15715702	0.160529651508064	0.15856458933412637	0.14475155	H	528
0.22912094618005413	0.2199972281676621	0.22524635	0.21262468	0.2225155488482602	0.21528863437943557	0.20364207	H	529
0.19905667060341486	0.1960546961528507	0.18553133	0.17699526	0.19052238001959187	0.18530730224650765	0.16384733	H	530
0.1636725848770293	0.15747402241682618	0.16147439	0.15209365	0.16309174528381076	0.15379788636021874	0.1551143	H	531
0.19645206775960156	0.18882869416603457	0.19174983	0.18609573	0.1865296251299283	0.18661446471592227	0.17925873	H	532
0.19394554037433975	0.1903361735304174	0.19178799	0.18249376	0.18796206860972536	0.18203372680542762	0.1885467	H	533
0.2097806036563109	0.1990581051167358	0.20756786	0.19308223	0.21404101954096305	0.20124054798459157	0.19437854	H	534
0.19859803049361868	0.18511707357918447	0.1994571	0.19235419	0.1911587810609712	0.18454741471783326	0.1953904	H	535
0.16826882446458133	0.16399454051679174	0.16426688	0.15669182	0.17231191134957663	0.16060455679684554	0.15451701	H	536
0.18920182951827066	0.1820627409048836	0.19694485	0.17917465	0.19036353668815142	0.1826832959699698	0.17416783	H	537
0.19130968058935333	0.1906448707545292	0.19015303	0.18617707	0.21458563487755056	0.19169042956516794	0.19806111	H	538
0.13203539131527356	0.13190965346011468	0.128895	0.12908183	0.13200895285908884	0.12888649453804568	0.1268014	H	539
0.21267316902538727	0.20999610078997893	0.2065637	0.20401125	0.20996120647964125	0.207567854784312	0.18767942	H	540
0.21231662834110673	0.2158662194899561	0.20976025	0.20528263	0.2184529454628418	0.21227649305406726	0.20184541	H	541
0.16455810141765595	0.15802047119081095	0.14236334	0.1494209	0.15586446942864715	0.1495018808209442	0.14762026	H	542
0.20307368785125735	0.19559275179461233	0.19970745	0.18730856	0.20479079793573016	0.19601529436977042	0.17718904	H	543
0.19124108410762278	0.19163320800006103	0.19375268	0.18834558	0.19773648796893578	0.1895688410984536	0.19709834	H	544
0.24719647587227142	0.2362828360336312	0.2316966	0.22540362	0.23719072753127748	0.2286330510755205	0.20337644	H	545
0.19698596075024033	0.18561463373911305	0.17305714	0.17796178	0.18489716517822352	0.18264347603915568	0.17396134	H	546
0.16947984599191962	0.16696067303462553	0.16033755	0.16028301	0.16978776420808286	0.16278009909918595	0.15451507	H	547
0.18762697921550295	0.17888635850734233	0.18838593	0.17481571	0.18812452051038325	0.17940778434759724	0.17070973	H	548
0.23930837991012976	0.2349293593740206	0.23785298	0.23465852	0.23240623333286514	0.2319015207578015	0.22720811	H	549
0.21224964709112437	0.20979955482960674	0.19795308	0.20301318	0.21893693436419184	0.2068418629556117	0.19326141	H	550
0.21227681058820186	0.20829701715597868	0.21107568	0.21000937	0.20859043481335438	0.20754326251335367	0.21695487	H	551
0.2013671822778549	0.1876314504814166	0.19285162	0.18754736	0.19041113828935863	0.18194510795995217	0.1762548	H	552
0.21130378323959556	0.20502384084230676	0.20959397	0.19993511	0.2056492282212835	0.20279694846375848	0.21078892	H	553
0.15599037563571894	0.1525400577329111	0.14486586	0.14602299	0.16390532288702875	0.15257653999649937	0.13483055	H	554
0.210997058799872	0.2091588954238111	0.21251413	0.20508273	0.21003310328763924	0.20320322895776552	0.20755358	H	555
0.17327805829320692	0.17070284233821378	0.18803534	0.16710143	0.18209256077340774	0.16887317320108133	0.16389878	H	556
0.17210010618099145	0.1705449001721827	0.16894168	0.16607817	0.17517288448394985	0.17000508141437679	0.1623398	H	557
0.17443211081458423	0.15079992185756977	0.16063252	0.14829879	0.1584724436592867	0.14985618351562527	0.16598085	H	558
0.19388871197278104	0.1941672070983046	0.20322165	0.19296949	0.2008595807921354	0.19547882309433637	0.18152495	H	559
0.17027047205608323	0.1600332115705613	0.15722848	0.15791924	0.16622987570598546	0.15941701594731825	0.16251978	H	560
0.18658473486853788	0.177584508015144	0.17060633	0.16714028	0.17840785793759636	0.17182472423440368	0.16457762	H	561
0.19145976641891913	0.18829595518052208	0.19212195	0.1850655	0.19177610890950408	0.18805371820575625	0.18363346	H	562
0.18430259749908343	0.17646846932224794	0.17615506	0.16968243	0.1849266972023942	0.17513124093453505	0.17177595	H	563
0.18657014860552726	0.18135233757290628	0.1891338	0.1822843	0.18683743443782952	0.17690146330509307	0.18913381	H	564
0.15822658835894268	0.15504109606721297	0.15760121	0.14697382	0.16255460049996517	0.1533106754781566	0.1441791	H	565
0.19911650378290077	0.20427366608875963	0.19955729	0.19911781	0.21040293478371608	0.2006943997455225	0.1924401	H	566
0.13902956802392075	0.131279251985188	0.13812032	0.13875598	0.13137174829028167	0.1310009270124552	0.13187803	H	567
0.18735241536171407	0.1847322792694623	0.18185142	0.17317152	0.18955045369044504	0.17692959535517194	0.16161405	H	568
0.1943106134796578	0.18945011059416084	0.19061922	0.18188849	0.1927766564645778	0.1883064083835785	0.1728699	H	569
0.21660041522838178	0.21275200326102964	0.2255371	0.20923531	0.21119934268158835	0.20504276964871154	0.19382723	H	570
0.16907900633372042	0.1554336340270259	0.17034255	0.15659721	0.1648397414522135	0.1518405492352527	0.15545972	H	571
0.1940732708112165	0.18464342898435823	0.19594721	0.17913674	0.19361224179426986	0.182725569312964	0.18003465	H	572
0.210703908826223	0.20560874661078038	0.21741995	0.19692004	0.21370839563845906	0.2066882387333709	0.18261325	H	573
0.20173990620052967	0.19882383799562386	0.19710074	0.19311647	0.20075230396268928	0.19821282117845382	0.2059965	H	574
0.18829787577614923	0.18773903951202545	0.19205827	0.1863407	0.19023060654453414	0.18718170362876582	0.1813373	H	575
0.19844367256342088	0.19271955026969922	0.19251809	0.19032846	0.19706668215375156	0.18999212463089957	0.17338954	H	576
0.19343877027786183	0.19252382625567557	0.19398098	0.19107679	0.19996613732040583	0.19362137636668342	0.19629599	H	577
0.18185991627030046	0.17520380687126078	0.18119493	0.17266592	0.1793714487732819	0.16848124735644446	0.15072373	H	578
0.18035283898742432	0.1723170403228644	0.16382599	0.16064021	0.1683507441604488	0.1644400584127394	0.15208	H	579
0.18252563419830503	0.18188013851475193	0.18771283	0.18106864	0.1753845592934288	0.17621971431213568	0.17783429	H	580
0.18380840284866246	0.17570475237455951	0.17465131	0.16956185	0.16991476636931616	0.16981272323941948	0.16442394	H	581
0.20763807960837025	0.20128115487533116	0.20170547	0.19456035	0.2031828303908557	0.1968804601108634	0.18516733	H	582
0.18987026112195526	0.1864005084247088	0.17886482	0.17709777	0.18888005351795079	0.18383328295502582	0.17933704	H	583
0.1901349249833384	0.1892842342510397	0.19569938	0.18309881	0.19315355043784613	0.19361704503400948	0.16932414	H	584
0.2377635098660602	0.23261820177401948	0.24022274	0.2274876	0.238290237068769	0.2332260242205142	0.21761315	H	585
0.22092180479175133	0.22151546894816343	0.21606179	0.21118867	0.21818698719166968	0.21739618041813358	0.22281471	H	586
0.20552439922427412	0.20532685697642605	0.20566702	0.20200256	0.21295703147624048	0.2012563464781135	0.21125387	H	587
0.14468429997402754	0.13694601751931199	0.13709457	0.13127768	0.13848166711163215	0.13494795605807577	0.12883866	H	588
0.19122478248304953	0.19256051695795431	0.18859068	0.18775442	0.1926799636396998	0.18626528469216	0.19351585	H	589
0.20318341464420953	0.18659635136668834	0.1832386	0.1803025	0.18134691449342116	0.18125204318060298	0.16254371	H	590
0.1774459299955009	0.1767818359268952	0.17800027	0.17258981	0.18358736560359754	0.17611584148267323	0.18011966	H	591
0.19399059242933975	0.18508017318245232	0.19256376	0.18555923	0.1888078662729978	0.18100604571831475	0.18489656	H	592
0.19231666658687016	0.18868415347269188	0.18587276	0.17576893	0.18895431385680933	0.1806179925351307	0.1632432	H	593
0.160073840332226	0.15574763181933932	0.1511509	0.15299338	0.15507365066834825	0.1536518608555911	0.15931608	H	594
0.1792721508640008	0.17397541745201456	0.17203462	0.16404839	0.1662969299618615	0.16970023749879395	0.16309236	H	595
0.20465248018080523	0.20016688723004486	0.19629753	0.18808511	0.2005301071154146	0.1946178966929544	0.18968305	H	596
0.18092451410065025	0.18143536748587638	0.17902654	0.168243	0.18452273785133924	0.17676332383123122	0.16012882	H	597
0.1976848445950621	0.18851204750418551	0.18101703	0.17385392	0.1823531053152675	0.17729779246133542	0.15578799	H	598
0.15399850646927887	0.15217260515029069	0.16017124	0.14981967	0.1602818258480743	0.14952066094328217	0.15697543	H	599
0.18034804023020323	0.17553214768334952	0.17929757	0.17379685	0.18034804023020323	0.17553214768334952	0.16213408	E	600
0.23106179870023572	0.2235146630596697	0.22936045	0.21742079	0.23106179870023572	0.2235146630596697	0.22270247	E	601
0.2390711654759201	0.2339397633222143	0.23372075	0.22957614	0.24069159227362333	0.2339397633222143	0.23196225	E	602
0.1531258344681811	0.15414528669887614	0.15745912	0.1533482	0.1531258344681811	0.15414528669887614	0.1519368	E	603
0.18164263958394392	0.1809710385517352	0.17871626	0.18017657	0.18164263958394392	0.1809710385517352	0.18804319	E	604
0.17538176381740633	0.17434597891047385	0.1747165	0.17416134	0.17538176381740633	0.17434597891047385	0.17713933	E	605
0.2008077403871706	0.18977398142496157	0.1914887	0.1917235	0.2008077403871706	0.18977398142496157	0.19941188	E	606
0.2164297105689131	0.21335670654990505	0.21654321	0.21296088	0.2164297105689131	0.21335670654990505	0.2241729	E	607
0.22252583740412654	0.22284472390948576	0.23671791	0.22426657	0.22252583740412654	0.22284472390948576	0.22352956	E	608
0.18779639435079346	0.18410009317602713	0.18157808	0.18634132	0.18779639435079346	0.18410009317602713	0.18554018	E	609
0.22427271148555247	0.20989678389851565	0.22399387	0.20722854	0.22427271148555247	0.20989678389851563	0.19802567	E	610
0.2379942313511446	0.2291068249091108	0.23666053	0.2320018	0.2379942313511446	0.22910682490911077	0.2240389	E	611
0.20840403698742732	0.2042185221861211	0.2055678	0.20598847	0.20840403698742732	0.20421852218612108	0.21064602	E	612
0.158452391233733	0.1628710058329786	0.16748986	0.16118693	0.158452391233733	0.1628710058329786	0.16435848	E	613
0.20007728837622427	0.1864928308298238	0.18981405	0.1827867	0.20007728837622427	0.1864928308298238	0.18757449	E	614
0.2025147876423674	0.19717260507296974	0.19779374	0.19760856	0.2025147876423674	0.19717260507296974	0.20250267	E	615
0.20998740433385218	0.20826462970732965	0.21074986	0.20737374	0.20998740433385218	0.20826462970732965	0.21639289	E	616
0.20718316595704048	0.20095809390545966	0.20718317	0.20001405	0.20718316595704048	0.20095809390545966	0.19291684	E	617
0.18082404344345734	0.16582866494903337	0.16691059	0.16765286	0.17992123706035779	0.16582866494903337	0.1742377	E	618
0.20882537334171689	0.20243404818555458	0.21710071	0.20158109	0.20882537334171689	0.20243404818555458	0.19857906	E	619
0.19546458968213135	0.1877663672605872	0.19141454	0.18831247	0.19546458968213135	0.1877663672605872	0.19089505	E	620
0.17598178831658026	0.17415095145075993	0.17599782	0.17317456	0.17598178831658026	0.17415095145075993	0.18508548	E	621
0.20727522824641617	0.20974197946464526	0.22105362	0.21049371	0.20727522824641617	0.20974197946464526	0.22129308	E	622
0.18378900635710957	0.18313088404896963	0.18350936	0.18097392	0.18378900635710957	0.18313088404896963	0.18444622	E	623
0.2016785653907321	0.19429211506469116	0.20248546	0.18924968	0.2016785653907321	0.19429211506469116	0.19238463	E	624
0.20769241829459895	0.20027536387058306	0.20132498	0.19810878	0.2080782979622688	0.20027536387058306	0.20779626	E	625
0.19463376490057233	0.18923528989123545	0.19703381	0.19007017	0.19463376490057233	0.18923528989123545	0.18587673	E	626
0.17101415768077108	0.17441688483067802	0.17423719	0.1717667	0.17101415768077108	0.17441688483067802	0.18366382	E	627
0.22459970069500595	0.21218892686423912	0.21951863	0.21325032	0.22459970069500595	0.21218892686423912	0.21597715	E	628
0.22832476675298244	0.2263775106843298	0.23034616	0.22248732	0.22832476675298244	0.2263775106843298	0.222989	E	629
0.1875857062910879	0.1785853847178406	0.18168394	0.1801036	0.1875857062910879	0.17858538471784063	0.17497696	E	630
0.23080229158805662	0.22334918848149615	0.23174532	0.22460842	0.23080229158805662	0.22334918848149615	0.22927292	E	631
0.1834367758735926	0.17830271371024445	0.18066797	0.1767947	0.1834367758735926	0.17830271371024448	0.18168932	E	632
0.17629616589524325	0.17512228240693967	0.17424469	0.17573974	0.17629616589524325	0.17512228240693964	0.16735749	E	633
0.23568785513001175	0.23253052676665673	0.23948325	0.23552853	0.23568785513001175	0.23253052676665673	0.2479017	E	634
0.18879642787283799	0.18972467432123208	0.19730796	0.18918326	0.18879642787283799	0.18972467432123208	0.20726743	E	635
0.20353325997247954	0.19279083013960785	0.20184952	0.1921169	0.20353325997247954	0.19279083013960785	0.1988377	E	636
0.19825859831357048	0.19083783000319346	0.19142261	0.1878242	0.19825859831357048	0.19083783000319346	0.1897529	E	637
0.16983120387277234	0.1622801854949167	0.1734286	0.16145559	0.16983120387277234	0.1622801854949167	0.17672741	E	638
0.20159421499014768	0.18880868359527098	0.1895617	0.18479024	0.20159421499014768	0.18880868359527098	0.18723953	E	639
0.19869143178095422	0.18528969967355693	0.19741954	0.18957247	0.19869143178095422	0.18528969967355693	0.18926997	E	640
0.11646929473291133	0.10988827198380363	0.11566472	0.10769357	0.11646929473291133	0.10988827198380363	0.10451962	E	641
0.18960759714858783	0.18068321785547858	0.18935089	0.17995428	0.18960759714858783	0.1806832178554786	0.18223712	E	642
0.17280013089114943	0.1726931375855325	0.17143404	0.17140633	0.17280013089114943	0.1726931375855325	0.18249224	E	643
0.18047182119912136	0.17911870496629226	0.17811473	0.17692721	0.18047182119912136	0.17911870496629226	0.18413363	E	644
0.175526055890639	0.17227889561238524	0.18046375	0.1731816	0.175526055890639	0.17227889561238524	0.17181996	E	645
0.1994695629445207	0.19502190958916804	0.20355861	0.19244254	0.1994695629445207	0.195021909589168	0.20569344	E	646
0.21262039876259597	0.21390650341077538	0.21685997	0.21030869	0.21262039876259597	0.21390650341077538	0.2218063	E	647
0.21978923426425356	0.20875496874131436	0.22057644	0.20620255	0.21978923426425356	0.20875496874131436	0.19908905	E	648
0.17384743546526074	0.17079918492051754	0.17878765	0.16879775	0.17384743546526074	0.17079918492051754	0.16517615	E	649
0.16339257928716008	0.16142016548489801	0.1601992	0.15780921	0.16339257928716008	0.16142016548489804	0.14314121	E	650
0.22853159862178749	0.2192168303751013	0.223428	0.22103618	0.22853159862178749	0.21921683037510128	0.22435895	E	651
0.204811187014212	0.20432857630008971	0.20503987	0.20634437	0.204811187014212	0.20432857630008971	0.20825091	E	652
0.20758061075499878	0.19749835388309445	0.20596316	0.19624418	0.20400406967890472	0.19749835388309445	0.19964132	E	653
0.21861819058236107	0.21311059794990303	0.22324648	0.21504855	0.21861819058236107	0.213110597949903	0.21475014	E	654
0.1759264206387431	0.16773646958949448	0.17533651	0.16414787	0.1759264206387431	0.1677364695894945	0.16033165	E	655
0.19645828774216148	0.19108194494106456	0.1973664	0.19198981	0.19645828774216148	0.1910819449410646	0.19763975	E	656
0.21295648026250402	0.2063277858133185	0.20680606	0.20651832	0.21295648026250402	0.20632778581331854	0.20400523	E	657
0.18605076316782676	0.18073352051186853	0.19542731	0.18171747	0.18605076316782676	0.18073352051186856	0.19264512	E	658
0.21075967033338253	0.20149678235774365	0.2114774	0.20103228	0.21075967033338253	0.20149678235774365	0.21432877	E	659
0.17564335228701536	0.16928132116833658	0.17812753	0.17130223	0.17564335228701536	0.16928132116833658	0.17550117	E	660
0.1903448755158454	0.18298262535081977	0.18716303	0.18359593	0.1903448755158454	0.18298262535081977	0.17766118	E	661
0.17495071777196414	0.17025176699219835	0.17723206	0.16647282	0.17495071777196414	0.17025176699219835	0.1757615	E	662
0.20950268771661373	0.20931533176765438	0.21005584	0.20547363	0.20950268771661373	0.20931533176765438	0.22508511	E	663
0.1737532261673801	0.16332029024701292	0.16844457	0.15948693	0.1737532261673801	0.16332029024701292	0.15367503	E	664
0.16900895528379753	0.16279658880199938	0.16647542	0.16239269	0.16900895528379753	0.16279658880199938	0.16118892	E	665
0.16311408829236998	0.157238880514353	0.16415003	0.16265261	0.16311408829236998	0.157238880514353	0.15997791	E	666
0.14629435770489616	0.14742178939958434	0.14484142	0.14549398	0.14533169634815132	0.14742178939958434	0.14979197	E	667
0.21967211423188968	0.21924704027043843	0.22171776	0.21841222	0.21967211423188968	0.21924704027043843	0.22367616	E	668
0.1666120397389705	0.16185529712963978	0.16285066	0.16002238	0.1666120397389705	0.16185529712963978	0.16053027	E	669
0.20623388979574545	0.1981521457127464	0.20213412	0.19967945	0.20623388979574545	0.1981521457127464	0.21969458	E	670
0.2089112649432516	0.20428223739024576	0.20705839	0.20036341	0.2089112649432516	0.20428223739024576	0.20363784	E	671
0.2015656915230322	0.1909168459144047	0.20170069	0.19015151	0.2015656915230322	0.1909168459144047	0.20882432	E	672
0.23335755433593675	0.23276981772962002	0.2462271	0.23914365	0.23335755433593675	0.23276981772962002	0.23352124	E	673
0.22678044626282207	0.21464396587969528	0.23048663	0.21166746	0.22678044626282207	0.21464396587969525	0.21329495	E	674
0.224693089335037	0.2178246444306628	0.22526312	0.21567228	0.224693089335037	0.2178246444306628	0.21467961	E	675
0.16202411952536644	0.16308721164889387	0.16039737	0.16357397	0.16202411952536644	0.16308721164889387	0.17324708	E	676
0.20948241523196837	0.20561507896345455	0.2076067	0.20002016	0.20948241523196837	0.20561507896345455	0.20129043	E	677
0.19009089698584528	0.18964179555242244	0.18859774	0.18553525	0.19009089698584528	0.18964179555242242	0.19055238	E	678
0.20350860527850984	0.19976676288577885	0.20196198	0.19696967	0.20351022006275463	0.19976676288577883	0.21049659	E	679
0.20548149367000257	0.2021894835518857	0.20533876	0.20348246	0.20548149367000257	0.2021894835518857	0.20034406	E	680
0.24817247681963264	0.24178309299341805	0.25105315	0.24149305	0.24817247681963264	0.24178309299341805	0.25577265	E	681
0.17609406023289773	0.1752802877959003	0.17736866	0.1728184	0.17609406023289773	0.17528028779590027	0.17528494	E	682
0.20209228438822632	0.19855037388507857	0.1981089	0.19089876	0.20209228438822632	0.1985503738850786	0.19075996	E	683
0.23408257496512866	0.2209478269353853	0.22582181	0.21518697	0.23408257496512866	0.2209478269353853	0.22626531	E	684
0.22675879749058828	0.21349753559124232	0.22115967	0.20761254	0.22675879749058828	0.2134975355912423	0.21936774	E	685
0.2116130105307859	0.20181383276010317	0.21161301	0.19880022	0.2116130105307859	0.20181383276010317	0.1946639	E	686
0.1740524539297512	0.16671185740019456	0.16886339	0.16563824	0.1740524539297512	0.16671185740019456	0.17235455	E	687
0.21629440942469	0.208397803605354	0.21260951	0.21238007	0.21629440942469	0.208397803605354	0.22172686	E	688
0.20906797051676293	0.19687122519110573	0.19835198	0.19171987	0.20906797051676293	0.19687122519110573	0.20319182	E	689
0.17137753306156062	0.16724971263654903	0.168023	0.16344386	0.17137753306156062	0.16724971263654903	0.17912424	E	690
0.19422575705074252	0.19083016459052146	0.19204387	0.19240043	0.19422575705074252	0.19083016459052146	0.20233431	E	691
0.1933128204409637	0.19150523475384823	0.19746715	0.19069245	0.1933128204409637	0.19150523475384823	0.20319147	E	692
0.14782218084830093	0.14536017465190423	0.1507285	0.14687379	0.14782218084830093	0.14536017465190426	0.14123099	E	693
0.1978544782106581	0.19606147892846568	0.19941966	0.1997955	0.19787024068728676	0.19606147892846568	0.19875465	E	694
0.18104658971799378	0.18286442074410209	0.1916526	0.1820932	0.18104658971799378	0.18286442074410209	0.1782794	E	695
0.16546253705240452	0.1615440889599281	0.16360153	0.15662758	0.16546253705240452	0.1615440889599281	0.15819766	E	696
0.13983248757204716	0.13613782000871505	0.13962011	0.13858187	0.13983248757204716	0.13613782000871505	0.15054852	E	697
0.2759682765071677	0.26872212095172504	0.27626777	0.26441228	0.2759682765071677	0.268722120951725	0.26209375	E	698
0.19474316227401323	0.19262316091537562	0.19278973	0.19294462	0.19474316227401323	0.19262316091537565	0.20796421	E	699
0.1690271385646372	0.16628841704313027	0.17162123	0.16701849	0.1665961300647235	0.16465580854329592	0.17252897	S	700
0.22890361741825163	0.22723046138263772	0.23456162	0.2244647	0.23794733125556833	0.2294791263050527	0.24959782	S	701
0.21304656095559618	0.20723780395228691	0.21142341	0.20131117	0.2096335009692616	0.20687040253571104	0.20432292	S	702
0.2233190123006236	0.22705809975809796	0.2292945	0.22478019	0.22846161261496023	0.22643634372515872	0.22077738	S	703
0.1932313551752455	0.1880164392730818	0.19155487	0.19150212	0.19286882045237497	0.1889773765163669	0.19386047	S	704
0.16955905532512955	0.1634221260940374	0.17702375	0.16573294	0.1656729586615587	0.16274632597415836	0.17700382	S	705
0.19843111482845988	0.18911253928997504	0.194491	0.19450212	0.19371940676570945	0.188644791614687	0.200083	S	706
0.1818262009253593	0.18193001348230645	0.19291967	0.18318132	0.18574728613576405	0.1836328511863455	0.1784777	S	707
0.15138865789418002	0.1501501990586675	0.15382156	0.1483273	0.15337449704398154	0.15042854260161406	0.15763757	S	708
0.23696684296838486	0.23249558362351166	0.23553267	0.2331648	0.23145764472161715	0.23019503471892602	0.24984176	S	709
0.17458954779351105	0.1675383386269208	0.15838173	0.16783625	0.1735688199674285	0.17012855909912503	0.1674137	S	710
0.1964615345412811	0.18834416160997794	0.1977811	0.18757394	0.18968928583729888	0.18642966981544623	0.19418117	S	711
0.19599208662419942	0.18914947428830375	0.19709356	0.19087628	0.19234529717095245	0.18758460462291443	0.2066926	S	712
0.1963356105903725	0.1935970674976518	0.2006243	0.1961873	0.20316017620593343	0.19532125562743063	0.20076026	S	713
0.22072333915677422	0.2124560965043453	0.22091123	0.21808128	0.2198085459450672	0.21343122098956496	0.22314999	S	714
0.1893581569548145	0.1889597962913232	0.19658653	0.18813017	0.19656258488508835	0.19134329059385455	0.18777537	S	715
0.1997052798031525	0.19546296206768482	0.20001063	0.19511507	0.1987505986884902	0.1995143506679454	0.20322663	S	716
0.20479474424921934	0.19646527520201873	0.21209489	0.20273532	0.2103457778914616	0.20230257625781117	0.20468482	S	717
0.20445486271470525	0.20109770994662846	0.2077766	0.20476297	0.20954728077601545	0.20657122107953693	0.21082674	S	718
0.18747759496137018	0.18086194408343398	0.18960664	0.18014382	0.1857056018996927	0.18279875774315185	0.18624799	S	719
0.17811903388955416	0.17713540891462853	0.18534665	0.17620803	0.18503732961413785	0.17840401628981806	0.17931667	S	720
0.17562938097681807	0.16838097548028064	0.17652734	0.17146003	0.1721218797543556	0.1709764590130105	0.17649877	S	721
0.19589599119706338	0.19389351905868346	0.1983788	0.19390187	0.21244815730043784	0.19520566167690073	0.2087274	S	722
0.20400721077775993	0.19360619595391765	0.20363389	0.19498937	0.21221657210977912	0.1984666181576215	0.20096208	S	723
0.14438494662275841	0.13755287829880358	0.14756049	0.13605991	0.1427912442193796	0.13689030244876887	0.15400586	S	724
0.19381425749390704	0.19087335389304844	0.18708265	0.18853533	0.19290661762934608	0.1873231641303581	0.19268288	S	725
0.2235879453799134	0.22292100325475628	0.23914897	0.21903604	0.22841164998220914	0.22610503356774866	0.23044173	S	726
0.18744416526593938	0.17931813588394002	0.19859776	0.17845978	0.19549746609881377	0.19557078432530015	0.20041008	S	727
0.18837745737902975	0.18380204587046478	0.18117991	0.1858314	0.19075439129709318	0.18659835638432912	0.18245792	S	728
0.2295848350998689	0.2209138915021989	0.2248594	0.22350068	0.22630444326926008	0.21802648113634263	0.2325402	S	729
0.189535997380828	0.1759526290392131	0.18823853	0.17863105	0.18380138444530725	0.18358756052826866	0.17868699	S	730
0.2018407892174409	0.19178017115691867	0.19608793	0.1882257	0.1900194610612317	0.19219292061796894	0.19374163	S	731
0.19739719330504588	0.19480335387140182	0.20542902	0.19448549	0.20408855986857202	0.19655371917197592	0.19742867	S	732
0.17829330745935534	0.17315574730632496	0.17448658	0.17129399	0.17752333722607436	0.17397375285607752	0.17679541	S	733
0.21720640412948802	0.2099324352955657	0.21357663	0.21177784	0.22317032357312416	0.21091679726067572	0.20555903	S	734
0.21780804420856337	0.21407995403962096	0.21165128	0.21258748	0.21800745807928623	0.21815915835006097	0.21631725	S	735
0.16957070324739476	0.16064630557714005	0.16841823	0.16678284	0.17302888533782781	0.16476487694365474	0.1633003	S	736
0.22679742161047667	0.21648105483254548	0.2193027	0.21532796	0.2212672411636711	0.22180494437588597	0.23006488	S	737
0.22499106497266486	0.2142225214066584	0.21205363	0.2118763	0.21462484353223754	0.21135590769063736	0.21683763	S	738
0.18782234130378936	0.18118061188001966	0.18921414	0.18246698	0.18403084606152204	0.18495112989622745	0.1875178	S	739
0.17217663554535834	0.1711216079998606	0.17406505	0.16822322	0.18533874484443436	0.17112921065201522	0.180214	S	740
0.15793656538355055	0.15977874386009486	0.17283739	0.1627056	0.16725220138333147	0.16275328803590922	0.161593	S	741
0.1887561771000796	0.1852850882976231	0.1913251	0.18441133	0.19248890347343717	0.18803966313815115	0.20159267	S	742
0.18774082171996098	0.1835834460040567	0.18182002	0.18341914	0.18720661403543037	0.17791518570794876	0.17794226	S	743
0.19081351912413905	0.18517783776579916	0.19054036	0.18660986	0.19102699596250322	0.18697936666868015	0.18189579	S	744
0.1653534359711417	0.16356668035995037	0.17132191	0.16579744	0.16731400259170978	0.16581847163561947	0.16937363	S	745
0.22421596310079892	0.2165323919500165	0.22574487	0.22118944	0.21888469119087928	0.2153006364153746	0.22801675	S	746
0.21195729088999302	0.21043582826002075	0.21763481	0.20783335	0.215203806042308	0.20951474081746538	0.21398142	S	747
0.183554425068117	0.18160274163281376	0.19099948	0.18831466	0.18886101538368133	0.1901842204122276	0.19891745	S	748
0.19954087344465707	0.19251939422140804	0.19520417	0.19268574	0.20015262097618353	0.19363343403732844	0.19083928	S	749
0.1945582217610786	0.18542967874107022	0.19681798	0.19617975	0.18528964811264031	0.18815541052769774	0.19009048	S	750
0.17128840365766962	0.1741612872911708	0.17899643	0.17543675	0.1675289876504001	0.16655933401383455	0.17574754	S	751
0.19309895852497352	0.18620054991063867	0.19818303	0.19338252	0.1923637527524044	0.19103901310951074	0.18450384	S	752
0.17932848881472963	0.17084379313306922	0.17945185	0.17261662	0.17427046378151412	0.17301937796287956	0.17941162	S	753
0.2118219119198251	0.20839388693711675	0.21381384	0.20481338	0.20722741673065465	0.20425019681565262	0.22269945	S	754
0.24106310194034664	0.23578618105598825	0.24644779	0.23990455	0.23733205491637702	0.23727127644147958	0.24130549	S	755
0.23663388293154747	0.23631378355506644	0.2358597	0.22887602	0.23476125303256	0.22899429242631536	0.23282005	S	756
0.16948296048238198	0.1683956252507208	0.17303976	0.16674373	0.1719991010495676	0.16882095486167542	0.18142478	S	757
0.19176152271607158	0.1915630143262505	0.19281287	0.1901346	0.19439685235751142	0.1899968271604321	0.1977622	S	758
0.2124475341391224	0.21416431585439724	0.21162853	0.21148622	0.21418544890804647	0.21236727164837438	0.22250262	S	759
0.18134658303592696	0.18067272136770285	0.1768107	0.17911284	0.18194182187559588	0.17906121862398394	0.18423982	S	760
0.20024513115123882	0.20262631002321357	0.21674466	0.2036967	0.20906686924031775	0.20605057795933637	0.2003066	S	761
0.19649076184846395	0.18650103563124112	0.19774869	0.18926685	0.19025344917289524	0.18558584748535523	0.19489749	S	762
0.19433746151928116	0.19129684641103717	0.19906907	0.18944259	0.1941127556224312	0.19087240477352166	0.19630562	S	763
0.15660204187446006	0.1554663984690484	0.16220035	0.15607531	0.16088597016345593	0.15715466270832118	0.15434529	S	764
0.173476815403151	0.16531667278864573	0.18026365	0.16172425	0.16889260346101193	0.1649713325998663	0.16702361	S	765
0.1570916591357068	0.15835028703305407	0.16220236	0.15854329	0.16070278852943234	0.16034601084613662	0.17493019	S	766
0.19500432004271898	0.18518066882224465	0.195612	0.1923093	0.18872610766520342	0.18658278106684137	0.20021024	S	767
0.18829908688677346	0.1815274361702805	0.18740782	0.18600461	0.18458311904323976	0.18567492103389976	0.19081318	S	768
0.18685588367321967	0.1811994337833768	0.18668464	0.1819346	0.18089790466490116	0.18417587801686786	0.18384402	S	769
0.19177248344174555	0.18879282364607156	0.19565813	0.18797383	0.2051021491537954	0.197344158374566	0.20936717	S	770
0.1807944027077257	0.1828429345304541	0.18428631	0.1803862	0.18473894731543747	0.18481401269425596	0.17761664	S	771
0.22071710062510883	0.20920598854938616	0.21723467	0.2102846	0.21205276287362151	0.20974348875935536	0.2160285	S	772
0.20271528132832706	0.2009300472967018	0.20877539	0.20066804	0.20418144331737803	0.2033297720256004	0.2241908	S	773
0.18339145690250777	0.1788922408752775	0.18379179	0.18112439	0.1792645654617409	0.1774792446681105	0.18297689	S	774
0.19448628003604568	0.1903606063089351	0.19923103	0.18968168	0.19884110234603644	0.19086669909482282	0.19848272	S	775
0.15969652148770155	0.15841547353255936	0.15975887	0.15809926	0.1672473549599077	0.1618045660284084	0.1481465	S	776
0.21457016955605235	0.206444068316878	0.22446047	0.20486973	0.22128107789116955	0.21454183391212053	0.22326407	S	777
0.16061434659239937	0.15457480859586012	0.15916836	0.15776378	0.16523243375897126	0.16024765836322807	0.15928179	S	778
0.19358563607641766	0.18987463290735437	0.19458935	0.19283435	0.20267108334112896	0.19781370159184955	0.19791487	S	779
0.21599349755719702	0.20787618119885523	0.21532662	0.20970461	0.2163182043167253	0.21274951076259874	0.21676888	S	780
0.1765090532329101	0.17770117131759633	0.18092068	0.18084212	0.17997330425890654	0.1792506642984171	0.1777838	S	781
0.18701251126354582	0.18281553291242478	0.18832554	0.18169077	0.1815673663233492	0.18157852947884337	0.18065442	S	782
0.20091129726874143	0.20429005085521343	0.20557563	0.20724912	0.20464519989366753	0.20599303231279176	0.20309256	S	783
0.20130019965868157	0.19804313384263905	0.2019093	0.19692089	0.19784980489325954	0.198227159395609	0.19448206	S	784
0.18942733823094443	0.1821855346883822	0.19484307	0.18183576	0.1859953507737018	0.18507529044133017	0.18879278	S	785
0.2175888588325299	0.21284637843202514	0.2179474	0.2155891	0.22215843905715046	0.2166308849604502	0.21285926	S	786
0.21299267555296086	0.2020358486911169	0.21009609	0.20159958	0.2089549121917169	0.20334373530368677	0.20285343	S	787
0.16028859919744176	0.1590270128576286	0.16758522	0.16379231	0.16881137511593516	0.15908230554310449	0.1777101	S	788
0.21568213920601875	0.21086403331134096	0.21420658	0.2082204	0.21070087942051557	0.21059595760835845	0.20908763	S	789
0.17165588220789887	0.16959901924832446	0.16161077	0.16123268	0.16615291017052863	0.1645659693264439	0.17241238	S	790
0.12210354125839902	0.1222260558206642	0.12908845	0.12227252	0.12941696183843435	0.1238095966870417	0.12974133	S	791
0.17025632445332364	0.1634271585955155	0.17889866	0.16463953	0.1679623811244347	0.16806925725229752	0.17253615	S	792
0.21039333986061118	0.20049211114987459	0.20403917	0.20247808	0.19822772646357298	0.1936248751357147	0.19219446	S	793
0.16903124800777106	0.16715672416487914	0.17024557	0.16533719	0.16836483588805262	0.16627332549547966	0.17948663	S	794
0.20609980923941515	0.20377149042307785	0.21984953	0.20460849	0.20646976706708364	0.2038492055723644	0.20717457	S	795
0.2224212935117182	0.22132409850389217	0.22759905	0.22360729	0.23519845410688137	0.2263927879450492	0.22442156	S	796
0.1736628399747939	0.1662637074760347	0.17025879	0.16950057	0.16810060990168585	0.17005759154625885	0.17523582	S	797
0.1854070607973691	0.1760004982816015	0.18002029	0.17896898	0.1860736644194117	0.1828067605065829	0.20107949	S	798
0.17984846378834704	0.1764253508610106	0.18628329	0.1729959	0.1755362330942347	0.1724436047518273	0.18249081	S	799
