Country,City,Jan,Feb,Mar,Apr,May,Jun,Jul,Aug,Sep,Oct,Nov,Dec,Year,Latitude,Longitude,X,Y,Z
Algeria,Algiers,11.2,11.5,13.6,15.6,18.8,22.6,25.7,26.6,23.9,20.4,15.7,12.6,18.2,36.7729309,3.0588291,5095.991263,272.3166082,3813.968762
Algeria,Tamanrasset,12.8,15,18.1,22.2,26.1,28.9,28.7,28.2,26.5,22.4,17.3,13.9,21.7,24.3753438,4.3208436,5786.604035,437.2140079,2629.391308
Algeria,Reggane,16,18.2,23.1,27.9,32.2,36.4,39.8,38.4,35.5,29.2,22,17.8,28.3,26.7207267,0.1751507,5690.606606,17.39599048,2864.670109
Angola,Luanda,26.7,28.5,28.6,28.2,27,23.9,22.1,22.1,23.5,25.2,26.7,26.9,25.8,-8.8272699,13.2439512,6128.098808,1442.29292,-977.6692322
Benin,Cotonou,27.3,28.5,28.9,28.6,27.8,26.5,25.8,25.6,26,26.7,27.6,27.3,27.2,6.3676953,2.4252507,6326.023379,267.9318138,706.598722
Benin,Parakou,26.5,28.7,29.6,29,27.5,26.1,25.1,24.7,25,26.1,26.6,26.1,26.8,9.3400159,2.6278258,6279.926381,288.2260026,1033.968772
Benin,Kandi,24.9,27.8,30.9,32.1,30.4,28.1,26.4,26,26.2,27.8,26.5,24.8,27.7,11.2849785,3.046420882,6238.993671,332.0407185,1246.734907
Botswana,Maun,25.4,25.1,24.2,22.6,18.7,15.7,15.8,18.8,23.1,26.6,26.4,25.8,22.4,-19.9860951,23.4224352,5493.950237,2379.999105,-2177.557359
Botswana,Gaborone,25.7,25.2,23.8,20.6,16.8,13.7,13.5,16.9,21.2,24,24.7,25.3,20.9,-24.6581357,25.9088474,5208.093261,2529.908119,-2658.001223
Botswana,Ghanzi,25.9,25.3,24.1,21.2,17.6,14.3,14.1,17.1,21.5,24.6,25.7,26.1,21.4,-22.145794,22.7610828,5441.462981,2283.032533,-2401.641954
Burkina Faso,Ouagadougou,24.8,27.7,30.9,32.6,31.6,29.2,27.3,26.4,27,28.9,27.7,25.1,28.3,12.3681873,-1.5270944,6220.927489,-165.8445657,1364.623668
Burkina Faso,Ouahigouya,24.2,27.1,30.4,33,33.2,30.8,27.9,27.2,27.8,29.6,27.4,24.6,28.6,13.580982,-2.417699,6187.347855,-261.2414,1496.034909
Burundi,Bujumbura,23.8,23.8,23.7,23.9,23.9,23.3,22.9,24,24.7,24.6,23.4,23.6,23.8,-3.3638125,29.3675028,5542.710097,3119.016089,-373.8240472
Cameroon,Garoua,26,28.9,32.2,33,30.7,28.2,26.6,26.4,26.7,28.1,27.3,26,28.3,9.3070698,13.3934527,6116.135527,1456.330461,1030.353729
Cameroon,Douala,27.5,28.1,27.8,27.6,27.2,26.2,25.1,24.9,25.6,26.1,26.9,27.2,26.7,4.0429389,9.7062018,6264.173245,1071.452611,449.1813262
Cape Verde,Praia,22.4,22.2,22.9,23.4,24,24.9,25.4,26.2,26.8,26.4,25.4,23.4,24.4,14.9162811,-23.5095095,5645.304324,-2455.762368,1639.942463
Central African Republic,Bangui,26,27.1,27.4,27.1,26.5,25.3,25.1,25.1,25.4,25.5,25.7,25.7,26,4.3635118,18.5835913,6021.310194,2024.475225,484.7314845
Central African Republic,Birao,23.6,26.7,29,29.6,30,28,25.9,25.4,26.2,26.6,24.5,22.2,26.5,10.2961965,22.7809907,5779.4192,2427.188153,1138.732796
Chad,N'Djamena,23.3,26.9,30.4,33.8,33.5,31,28.2,26.5,27.8,29.2,27.3,24,28.3,12.1191543,15.0502758,6015.344845,1617.465427,1337.562332
Democratic Republic of the Congo,Kinshasa,26,26.2,26.7,26.8,26,23.7,22.2,23.5,25.3,26,25.9,25.6,25.3,-4.3217055,15.3125974,6127.353697,1677.702396,-480.096182
Democratic Republic of the Congo,Lubumbashi,21.8,21.6,21.8,21.4,19.2,17,16.8,19.1,22.2,23.8,22.8,21.8,20.8,-11.6642316,27.4826264,5535.318774,2879.371604,-1288.062979
Djibouti,Djibouti,25.1,25.7,27,28.7,31,34.2,36.4,36,33.1,29.3,26.9,25.4,29.9,11.8145966,42.8453061,4572.211117,4240.634488,1304.433072
Egypt,Cairo,13.6,14.9,16.9,21.2,24.5,27.3,27.6,27.4,26,23.3,18.9,15,21.4,30.0443879,31.2357257,4715.533078,2859.848572,3189.773493
Egypt,Alexandria,13.4,13.9,15.7,18.5,21.2,24.3,25.9,26.3,25.1,22,18.7,14.9,20,31.1991806,29.8951716,4724.445941,2716.147151,3300.272141
Equatorial Guinea,Bata,25.6,25.8,25.7,25.6,25.6,25,24.1,24.2,24.6,24.8,25.2,25,25.1,1.82385155,9.856166244,6273.787753,1090.005986,202.7687913
Equatorial Guinea,Malabo,26.9,27.7,27.6,27.2,26.7,25.9,25.3,25,25.1,25.5,26.1,26.6,26.3,3.741877,8.7740663,6283.020689,969.7511671,415.7820296
Eritrea,Asmara,13.8,14.9,16.3,17,17.6,17.6,16.3,16.1,15.7,14.9,14,13.2,15.6,15.3389667,38.9326763,4779.364085,3860.963116,1685.314142
Eritrea,Assab,26.3,26.7,28.5,30.5,32,33.1,35,34.6,32.9,31.2,28.8,26.9,30.5,13.0091289,42.7444596,4558.702115,4213.203465,1434.15222
Ethiopia,Mek'ele,19.5,20.5,21.5,22.5,23.5,23.5,20.5,20,21.5,20.5,19.5,18.5,22.7,13.4966644,39.4768259,4781.850411,3938.606008,1486.919757
Ethiopia,Addis Ababa,16,16.8,17.8,17.8,18.2,16.8,15.5,15.6,16.1,16.1,15.4,15.2,16.4,9.0358287,38.7524127,4906.818938,3938.478281,1000.578702
Gabon,Libreville,26.8,27,27.1,26.6,26.7,25.4,24.3,24.3,25.4,25.7,25.9,26.2,25.9,0.4086518,9.4418849,6284.529039,1045.117694,45.43962167
Gabon,Port-Gentil,26.9,27.3,27.3,27.1,26.6,24.4,23.5,24.7,25.4,25.9,26.1,26.5,26,-0.7151966,8.7787919,6295.87284,972.2664722,-79.52416828
The Gambia,Banjul,25.3,25.9,26.3,26.1,26.5,27.5,27.7,27.7,27.9,28.9,28.4,26.6,27.1,13.45535,-16.575646,5938.639212,-1767.63699,1482.452288
Ghana,Accra,27.3,27.7,27.7,27.7,27.2,25.6,24.4,24.3,25.2,26,27,27.2,26.4,5.5571096,-0.2012376,6341.018269,-22.27138815,616.9540472
Ghana,Tamale,27.9,30.1,30.9,29.8,28.6,26.8,26,25.8,25.9,27.3,28.2,27.5,27.9,9.4051992,-0.8423986,6284.677461,-92.40794087,1041.120063
Ghana,Kumasi,27.4,28.8,28.5,28,27.5,26.3,25.3,24.9,25.8,26.6,27.4,27.3,27,6.6985605,-1.6233086,6324.969484,-179.2475041,743.1502939
Guinea,Conakry,26.1,26.5,27,27.4,27.5,26.5,25.5,25.2,25.6,26.3,27,26.6,26.4,9.5170602,-13.6998434,6104.550498,-1488.111326,1053.389242
Guinea,Kankan,24.3,26.3,29.6,30.1,28.3,26.4,25.3,25.1,25.5,26.4,27,23.8,26.5,10.6248355,-9.3175166,6179.156353,-1013.81552,1174.668401
Guinea-Bissau,Bissau,24.4,25.6,26.6,27,27.5,26.9,26.1,26.4,26.4,27,26.9,24.8,26.3,11.861324,-15.583055,6005.781589,-1674.929858,1309.518415
Ivory Coast,Gagnoa,26.1,26.8,27.5,27.3,26.8,25.7,24.9,24.7,25.5,26.2,26.5,25.7,26.1,6.1329749,-5.9517697,6300.39025,-656.8360577,680.654167
Ivory Coast,Abidjan,26.8,27.7,27.9,27.7,26.9,25.8,24.7,24.5,25.6,26.8,27.4,27,26.6,5.320357,-4.016107,6327.97534,-444.2827969,590.746893
Kenya,Mombasa,27.6,28.1,28.3,27.6,26.2,24.8,24,24,24.7,25.7,26.9,27.4,26.3,-4.05052,39.667169,4891.925803,4056.622111,-450.0222043
Kenya,Nairobi,18,18.8,19.4,19.2,17.8,16.3,15.6,15.9,17.3,18.5,18.4,18.1,17.8,-1.2832533,36.8172449,5099.031509,3816.957071,-142.6793273
Kenya,Garissa,29.7,30.6,31.4,30.7,29.6,27.9,27.4,27.6,28.4,29.7,29.9,29.2,29.3,-0.52363325,40.35640535,4854.698168,4125.306849,-58.22455029
Kenya,Lodwar,28.7,29.6,30.1,29.6,29.7,29.1,28.4,28.7,29.6,30.1,29.1,28.5,29.3,3.1165858,35.6022943,5172.454909,3703.427295,346.3776611
Libya,Tripoli,12.7,13.9,15.3,18.7,21.9,25.3,26.7,27.7,26.2,21.5,16.8,13.9,20.1,32.896672,13.1777923,5208.554707,1219.525787,3460.253708
Libya,Benghazi,12.5,13.2,14.9,18.7,22.5,25.5,25.9,26.5,25.1,22.1,18.2,14.1,19.9,32.1060708,20.0666748,5069.045554,1851.664796,3386.112174
Madagascar,Fianarantsoa,20.8,20.8,20,18.9,16.7,14.5,14,14.4,16.2,18.3,19.7,20.4,17.9,-21.456444,47.085149,4037.435368,4342.54014,-2330.472437
Madagascar,Toamasina,26,26.1,25.5,24.6,22.9,21.1,20.4,20.5,21.3,22.7,24.3,25.5,23.4,-18.1553985,49.4098352,3938.880322,4597.16736,-1985.173815
Madagascar,Antananarivo,20.5,20.7,20.1,19.2,16.8,14.6,14.1,14.5,16.3,18.5,19.7,20.2,17.9,-18.9100122,47.5255809,4069.898539,4445.497979,-2064.731122
Madagascar,Antsiranana,26,26,26.2,26.3,25.4,24.1,23.5,23.4,24.1,25.2,26.3,26.5,25.2,-12.2779632,49.2913743,4060.204909,4718.986489,-1354.822357
Madagascar,Mahajanga,27.1,27.2,27.5,27.4,26.1,24.6,24.2,24.6,25.4,26.8,27.7,27.4,26.3,-15.7181492,46.3172577,4235.682223,4435.061957,-1725.938162
Madagascar,Toliara,27.5,27.5,26.8,25,22.7,20.7,20.3,21,22.3,23.9,25.3,26.6,24.1,-23.354173,43.66966,4230.800551,4038.756733,-2525.551773
Malawi,Karonga,24.9,25,24.7,24.6,23.6,22.2,21.7,22.4,24.3,26.4,27,25.7,24.4,-10.08474695,33.86619181,5208.371074,3495.420884,-1115.591594
Malawi,Blantyre,23.5,23.4,23.2,22.2,20.3,18.5,18.4,20,23.1,25,25,24,22.2,-15.7862543,35.0035694,5021.761955,3516.741826,-1733.2267
Malawi,Mzuzu,19.9,20,19.5,18.7,16.4,13.9,13.1,14,16.7,19.4,20.5,20.1,17.7,-11.4607518,34.0226422,5175.104617,3493.628479,-1265.896224
Mali,Timbuktu,21.5,24.2,27.6,31.3,34.1,34.5,32.2,30.7,31.6,30.9,26.5,22,28.9,16.7719091,-3.0087272,6091.576081,-320.1763895,1838.431107
Mali,Bamako,25.1,27.8,30.2,31.6,31.4,29.1,26.8,26.1,26.6,27.7,26.5,24.8,27.8,12.649319,-8.000337,6155.864739,-865.1872912,1395.142025
Mauritania,Nouadhibou,18.3,19.2,20.1,19.9,20.4,22.8,22.4,23.5,24.6,23.3,21.2,19.2,21.3,20.9127045,-17.0503094,5689.738526,-1744.992042,2274.097466
Mauritania,Nouakchott,21.5,23,24.2,24.3,25.8,26.7,27.3,28.4,29.6,28.8,25.8,22.8,25.7,18.0618918,-15.93114816,5824.41306,-1662.551538,1975.291344
Morocco,Ifrane,4.1,5.2,6.6,8,11.8,15.9,21.2,21.4,17.9,12.5,7.8,4.7,11.4,33.527605,-5.107408,5289.90481,-472.8008355,3518.949768
Morocco,Rabat,12.6,13.1,14.2,15.2,17.4,19.8,22.2,22.4,21.5,19,15.9,13.2,17.2,34.02236,-6.8340222,5242.890476,-628.3345548,3564.678968
Morocco,Marrakesh,12.2,13.8,15.8,17.3,20.6,23.8,28.3,28.3,25.3,21.1,16.3,12.6,19.6,31.6258257,-7.9891608,5372.195518,-753.9764854,3340.759761
Morocco,Ouarzazate,9.3,11.9,14.8,17.6,21.7,25.9,29.5,28.8,24.6,19.4,13.7,9.5,18.9,30.920193,-6.910923,5425.867499,-657.6516861,3273.697778
Mozambique,Maputo,26.3,26.2,25.6,23.5,21.4,18.9,18.8,20,21.5,22.4,23.8,25.5,22.8,-25.966213,32.56745,4827.204148,3083.263282,-2789.485373
Niger,Niamey,24.3,27.3,30.9,33.8,34,31.5,29,27.9,29,30.8,27.9,25,29.3,13.524834,2.109823,6190.124389,228.0442486,1489.96539
Nigeria,Lagos,27.3,28.5,28.5,28,27.1,25.6,25.3,25.1,25.5,26.4,27.2,27.2,26.8,6.4550575,3.3941795,6319.505209,374.8035485,716.2521994
Nigeria,Makurdi,26.9,27.3,27.3,27.1,26.6,24.4,23.5,24.7,25.4,25.9,26.1,26.5,26,7.7312634,8.538425,6243.116229,937.3208193,857.0708461
Nigeria,Jos,21.3,22.9,24.9,25.7,24.5,22.7,21.4,20.9,21.9,22.9,22.7,21.5,22.8,9.9175125,8.8979401,6200.269898,970.7079777,1097.278551
Nigeria,Kano,21.2,24.4,28.7,31.3,30.9,28.2,26.2,25.5,26.6,27.3,24.6,21.6,26.4,11.8948389,8.5364136,6165.134887,925.3916507,1313.165305
Nigeria,Sokoto,24.5,27.1,31.2,33.7,33.1,30.9,28.2,27.2,28,29.7,28.3,25.3,28.9,13.0611195,5.3152203,6179.49355,574.9099996,1439.784343
Republic of the Congo,Brazzaville,26,26.4,26.7,26.8,26.2,23.8,22.4,23.6,25.5,26.1,25.9,25.8,25.4,-4.2694407,15.2712256,6128.983452,1673.392208,-474.3009267
Republic of the Congo,Pointe-Noire,27.5,27.6,27.9,27.8,26.8,24.5,23.1,23.3,24.5,26.3,26.7,26.9,26.1,-4.7975373,11.8503297,6213.37192,1303.738219,-532.83866
Republic of the Congo,Dolisie,25,26,26,26,25,23,21,22,23,25,25,25,24,-4.2005398,12.6791573,6198.943153,1394.62283,-466.6604157
Senegal,Dakar,22.3,21.6,21.8,22.1,23.5,26.2,27.7,28,28.1,28.4,26.8,24.5,25.1,14.693425,-17.447938,5879.103619,-1847.802792,1615.984678
Somalia,Bosaso,25,25,26.7,28.8,31.1,35.6,35.6,36.1,33.3,27.8,25.6,25.6,30,11.27848,49.179952,4084.203374,4728.249394,1246.02627
Somalia,Hargeisa,17.7,18.7,21.6,23,24.1,24.3,23.6,23.6,23.6,24.1,18.7,18,21.7,9.561733,44.061803,4514.534236,4369.055764,1058.287941
Somalia,Mogadishu,26.6,26.9,28,28.9,28.2,26.7,25.4,25.9,26.5,27.3,27.5,26.9,27.1,2.0349312,45.3419183,4475.189348,4528.922928,226.226458
South Africa,Pretoria,22.6,22.1,21,17.9,14.7,11.5,11.9,14.7,18.6,20.1,21,21.9,18.2,-25.7459277,28.1879101,5057.971779,2710.686705,-2767.442875
South Africa,Cape Town,20.4,20.4,19.2,16.9,14.4,12.5,11.9,12.4,13.7,15.6,17.9,19.5,16.2,-33.928992,18.417396,5015.450594,1670.10981,-3556.069397
South Africa,Johannesburg,19.5,19,18,15.3,12.6,9.6,10,12.5,15.9,17.1,17.9,19,15.5,-26.205,28.049722,5044.763318,2687.96644,-2813.33263
South Africa,Bloemfontein,22.8,21.4,19.2,14.9,10.7,6.9,7.2,10.1,14.6,17.5,19.9,21.9,15.6,-29.116395,26.215496,4993.399915,2458.735074,-3100.035504
South Africa,Upington,27.8,26.9,24.7,20.2,15.7,12.1,11.9,14,18.1,21.4,24.7,26.9,20.4,-28.456325,21.241867,5220.706039,2029.368455,-3035.709658
South Africa,Durban,24.1,24.3,23.7,21.6,19.1,16.6,16.5,17.7,19.2,20.1,21.4,23.1,20.6,-29.861825,31.009909,4735.454822,2846.46308,-3172.184824
South Sudan,Juba,28.3,29.5,29.9,29.2,27.9,26.9,25.9,26.1,26.8,27.5,27.6,27.7,27.8,4.8459246,31.5959173,5407.192642,3325.996008,538.2000411
South Sudan,Wau,26.8,28.5,30.4,30.6,29.3,27.5,26.3,26.2,26.8,27.4,27.4,26.5,27.8,7.7001398,27.9909335,5575.004397,2963.150916,853.6413922
Spain,Las Palmas,18.1,18.4,19.3,19.5,20.5,22.2,23.8,24.6,24.3,23.1,21.2,19.3,21.2,27.9580004,-15.60623054,5419.984687,-1513.922269,2986.879032
Sudan,Port Sudan,23.3,23,24.3,26.5,29.3,32.2,34.1,34.5,32.1,29.3,27.3,24.7,28.4,19.619217,37.211709,4779.338719,3629.255209,2139.17485
Sudan,Khartoum,23.2,25,28.7,31.9,34.5,34.3,32.1,31.5,32.5,32.4,28.1,24.5,29.9,15.5635972,32.5349123,5174.216979,3300.773914,1709.389136
Tanzania,Dar es Salaam,27.4,27.7,27.4,26.5,25.5,24.2,23.5,23.7,24.3,25.3,26.3,27.3,25.8,-6.8160837,39.2803583,4896.664191,4005.070787,-756.1274975
Tanzania,Zanzibar City,28.5,28.5,28.4,27.4,26.6,25.9,25.3,25.2,25.7,26.5,27.1,28,26.9,-6.1664908,39.2074312,4908.085379,4003.996874,-684.3595185
Tanzania,Tabora,23.6,23.7,23.8,23.5,23.1,22.2,22.2,23.7,25.3,26,25.1,23.9,23.9,-5.1913822,32.5080629,5350.726151,3409.847178,-576.4658501
Tanzania,Dodoma,23.8,23,23.5,22.8,22.1,21.4,19.8,20.5,22.3,23.8,25.1,24.6,22.7,-6.1791181,35.7468174,5140.703905,3700.343741,-685.7554695
Togo,Lom,27.1,28.2,28.5,28.2,27.4,26.2,25.3,25.2,25.8,26.6,27.3,27.1,26.9,45.84709155,9.175903882,4381.093638,707.6916307,4571.086533
Togo,Mango,26.8,29.4,31.5,31.4,29.6,27.5,26.4,26,26.4,27.9,27.9,26.7,28.1,10.3569681,0.4770206,6266.978639,52.17743803,1145.380831
Tunisia,Tunis,11.5,12,13.2,15.6,19.3,23.2,26.3,26.8,24.4,20.4,15.9,12.5,18.4,36.8002068,10.1857757,5021.044662,902.1417018,3816.397759
Uganda,Kampala,23.2,23.7,23.4,22.9,22.6,22.4,22,22.2,22.6,22.6,22.5,22.7,22.7,0.3177137,32.5813539,5368.298463,3430.709044,35.32797052
Uganda,Entebbe,22.2,22.8,22.6,22.2,21.7,21.5,21.3,21.7,22,22.1,22,22.2,22,0.0611715,32.4698564,5375.044023,3420.306489,6.801959163
Zambia,Ndola,20.8,20.8,21,20.5,18.6,16.5,16.7,19.2,22.5,23.7,22.5,21,20.3,-12.9693056,28.6365894,5449.039468,2975.428532,-1429.837377
Zambia,Lusaka,21.5,21.5,21.1,19.9,17.4,15.2,14.9,17.3,21.3,23.5,23.4,21.7,19.9,-15.4163395,28.2818414,5408.611133,2910.026318,-1693.609591
Zambia,Livingstone,23.6,23.2,23.1,21.9,18.9,16,16.1,19.3,23.9,26.2,25.1,23.6,21.8,-17.853135,25.861429,5456.88707,2645.183798,-1953.209456
Zimbabwe,Harare,21,20.7,20.3,18.8,16.1,13.7,13.4,15.5,18.6,20.8,21.2,20.9,18.4,-17.831773,31.045686,5196.171934,3127.816928,-1950.948358
Zimbabwe,Bulawayo,21.8,21.2,20.6,18.7,16,13.7,13.8,16.4,19.9,21.6,21.7,21.4,18.9,-20.1053948,28.5426856,5255.626526,2858.644177,-2190.019243
Afghanistan,Kabul,-2.3,-0.7,6.3,12.8,17.3,22.8,25,24.1,19.7,13.1,5.9,0.6,12.1,34.5260109,69.1776838,1865.821003,4906.051353,3610.957367
Azerbaijan,Baku,4.4,4.2,7,12.9,18.5,23.5,26.4,26.3,22.5,16.6,11.2,7.3,15.1,40.3755885,49.8328009,3130.61864,3708.891676,4127.104369
Armenia,Yerevan,-3.6,0.1,6.3,12.9,17.4,22.6,26.4,26.1,21.1,13.8,6.2,-0.2,12.4,40.1777112,44.5126233,3471.1687,3412.611593,4110.317624
Bahrain,Manama,17.2,18,21.2,25.3,30,32.6,34.1,34.2,32.5,29.3,24.5,19.3,26.5,26.2235041,50.5822436,3629.030281,4415.263282,2815.178569
Bangladesh,Dhaka,18.6,22,26.3,28.4,28.8,29,28.7,28.9,28.5,27.4,24,20,25.9,23.7644025,90.389015,-39.58848121,5830.669861,2567.364938
Bangladesh,Rangpur,16.3,19.2,23.4,26.1,27.4,28.4,28.6,28.9,28,26.2,22.2,18.2,24.4,25.6376135,89.0826381,91.95943545,5743.030423,2756.589564
Bangladesh,Chittagong,19.8,22.3,25.7,27.9,28.6,28.4,27.9,28.1,28.3,27.7,24.9,21.2,25.9,22.6800466,91.8839938,-193.2563265,5875.168424,2456.560396
Cambodia,Phnom Penh,26.6,28,29.4,30.2,30,29.2,28.7,28.5,28.2,27.2,27.1,26.3,28.3,11.5730391,104.857807,-1600.446012,6032.793359,1278.13061
China,Beijing,-3.1,0.3,6.7,14.8,20.8,24.9,26.7,25.5,20.8,13.7,5,-0.9,12.9,40.190632,116.412144,-2164.881865,4358.806279,4111.415247
China,Changsha,4.9,7.2,11.2,17.4,22.4,25.8,29.2,28.3,23.9,18.4,12.8,7.3,17.4,28.1450774,113.2384362,-2216.498021,5161.911097,3005.23732
China,Chongqing,8,10.1,14,18.8,22.8,25.3,28.5,28.6,24.3,18.7,14.3,9.3,18.6,30.05518,107.8748712,-1692.578802,5248.193531,3190.812225
China,Guangzhou,13.9,15.2,18.1,22.4,25.8,27.8,28.9,28.8,27.5,24.7,20.1,15.5,22.4,23.1301964,113.2592945,-2313.624016,5382.698052,2502.667895
China,Harbin,-17.6,-12.1,-2.7,7.7,15.4,21.4,23.3,21.8,15.4,6.8,-4.6,-14.4,5,45.7593633,126.6276177,-2651.866085,3567.147239,4564.286126
China,Kunming,9.1,11.4,14.5,17.7,19.4,20.5,20.3,20,18.5,16,12.3,9.2,15.7,25.0363006,102.7086139,-1269.882385,5630.96512,2696.158664
China,Lhasa,-2.1,1.1,4.6,8.1,11.9,15.5,15.3,14.5,12.8,8.1,2.2,-1.7,7.6,29.6542054,91.1173015,-107.9595881,5535.519878,3152.142987
China,Shanghai,4.6,6.1,9.6,15.1,20.3,24.1,28.4,28.1,24.4,19.3,13.4,7.1,16.7,31.2312707,121.4700152,-2843.996534,4646.436971,3303.323809
China,Xi'an,0.3,3.6,8.7,15.4,20.5,25.3,27,25.1,20.3,14.1,7,1.5,14.1,34.261004,108.9423363,-1709.272376,4980.36459,3586.641534
China,Yinchuan,-7.9,-3.8,3.2,11.2,17.3,21.5,23.5,21.6,16.3,9.2,1.4,-5.5,9,38.4852037,106.2261926,-1393.523529,4788.367855,3964.753013
East Timor,Dili,27.7,27.6,27.4,27.4,27,26.8,25.5,25.1,25.4,26,27.2,27.4,26.6,-8.5536809,125.5784093,-3665.522689,5124.026217,-947.5968231
Georgia,Batumi,6,7,8,12,16,20,22,22,20,16,12,8,14,41.6509502,41.6360085,3557.874627,3162.829708,4234.108806
Georgia,Tbilisi,1.2,2.7,6.6,12.2,17.4,21.3,24.5,24.1,19.6,13.7,7.8,3.2,12.9,41.6934591,44.8014495,3375.567171,3352.25276,4237.639521
China,Hong Kong,16.3,16.8,19.1,22.6,25.9,27.9,28.8,28.6,27.7,25.5,21.8,17.9,23.3,22.2793278,114.1628131,-2413.162715,5378.864754,2415.388308
India,Gangtok,8.5,10,13.3,16.2,17.7,19.2,19.3,19.5,18.7,16.6,13.1,10.1,15.2,27.329046,88.6122673,137.0721916,5658.23827,2924.925963
India,New Delhi,13.8,16.5,22.1,28.7,32.8,34,30.9,29.7,29,26.1,20.5,15.3,25,28.6138954,77.2090057,1238.239066,5454.097517,3051.102307
India,Kolkata,20.1,22.8,27.6,30.5,31.3,30.4,29.1,28.8,28.8,27.5,23.7,20.3,26.7,22.5726459,88.3638953,167.9669721,5880.542164,2445.537151
India,Mumbai,23.7,24.5,26.8,28.4,29.9,29.2,27.6,27.2,27.3,28.3,27.2,25.2,27.1,19.08157715,72.88662754,1771.742093,5754.358582,2082.769373
Indonesia,Jakarta,26.1,26.1,26.4,27,27.2,26.7,26.4,26.7,27,27.2,27,26.4,26.7,-6.175247,106.8270488,-1833.599192,6062.827821,-685.327522
Indonesia,Denpasar,24.1,24.2,24,24.8,24.1,23.5,22.5,22.9,23,23.7,23.5,23.5,23.7,-8.6524973,115.2191175,-2683.668601,5698.150245,-958.4610719
Indonesia,Jayapura,27.1,26.9,27.1,27.3,27.2,26.9,26.4,26.6,26.9,27.2,27.3,27,27,-2.5387539,140.7037389,-4925.560054,4030.987466,-282.2041886
Indonesia,Makassar,26,26.3,27.4,27.6,26.9,26,25.6,26,26.7,27.5,27.7,26.1,26.7,-5.1342962,119.4124282,-3116.198153,5527.556962,-570.1439294
Indonesia,Medan,25.6,26.1,26.7,27.2,27.3,27.1,27,26.9,26.6,26.1,26,25.8,26.5,3.5896654,98.6738261,-958.9206036,6285.777425,398.8915059
Indonesia,Palembang,26.8,27.1,27.2,27.7,28,27.4,27,27.2,27.5,27.7,27.4,27,27.3,-2.9888243,104.7568507,-1620.598197,6152.475222,-332.1913928
Indonesia,Pontianak,26.9,27.9,28.2,28.1,28,27.8,27.5,27.8,28.3,27.7,27.3,27.2,27.7,-0.0226903,109.3447488,-2110.40259,6011.308971,-2.523046178
Indonesia,Surabaya,26.8,26.8,27,27.3,27.3,26.7,26.2,26.5,27.2,28.2,28.3,27.3,27.1,-7.2459717,112.7378266,-2442.821305,5828.939996,-803.569285
Iraq,Baghdad,9.7,12,16.6,22.6,28.3,32.3,34.8,34,30.5,24.7,16.5,11.2,22.77,33.3061701,44.3872213,3805.077712,3724.545279,3498.397787
Iraq,Erbil,6.2,8.1,12.2,17.4,23.6,28.9,32.9,32.1,28.2,21.4,14.1,8.3,19.5,36.1911744,44.0094145,3698.059552,3572.349088,3761.956744
Iran,Tehran,4.7,7,11.8,17.6,23.2,28.8,31.4,30.5,26.3,19.6,11.6,6.5,18.3,35.6892523,51.3896004,3228.987351,4043.377164,3716.770479
Iran,Ahvaz,12.3,14.7,19,24.9,31.1,35.2,37.3,36.7,33,27.3,19.8,14,25.4,31.3230637,48.67932,3593.484715,4087.401525,3312.04731
Iran,Tabriz,-1.7,0.5,5.6,11.5,16.7,22.1,26,25.9,21.4,14.5,7.1,1.2,12.6,38.0738612,46.2978789,3465.15542,3625.809276,3928.847923
Israel,Jerusalem,9.8,10.7,13.4,17.3,21.2,23.5,25,25.3,24,21.6,16.4,11.9,18.3,31.78847185,35.21879441,4424.094674,3123.029353,3356.145852
Israel,Tel Aviv,12.9,13.4,16.4,19.2,21.8,24.8,27,27.8,26.5,22.7,17.6,13.9,20.3,32.0852997,34.7818064,4433.444704,3079.236979,3384.155534
Japan,Sapporo,-3.6,-3.1,0.6,7.1,12.4,16.7,20.5,22.3,18.1,11.8,4.9,-0.9,8.9,43.061936,141.3542924,-3635.468355,2906.907666,4350.045823
Japan,Niigata,2.8,2.9,5.8,11.5,16.5,20.7,24.5,26.6,22.5,16.4,10.5,5.6,13.9,37.6452283,138.7669125,-3793.718169,3325.020985,3891.218177
Japan,Tokyo,5.2,5.7,8.7,13.9,18.2,21.4,25,26.4,22.8,17.5,12.1,7.6,15.4,35.6821936,139.762221,-3950.394804,3342.809845,3716.132968
Japan,Kyoto,4.6,5.1,8.4,14.2,19,23,26.8,28.2,24.1,17.8,12.1,7,15.8,35.021041,135.7556075,-3737.64403,3640.338742,3656.171761
Japan,Hiroshima,5.2,6,9.1,14.7,19.3,23,27.1,28.2,24.4,18.3,12.5,7.5,16.3,34.3917241,132.4517589,-3548.527719,3879.090489,3598.64544
Japan,Fukuoka,6.6,7.4,10.4,15.1,19.4,23,27.2,28.1,24.4,19.2,13.8,8.9,17,33.6251241,130.6180016,-3453.61914,4026.845392,3527.98413
Japan,Naha,17,17.1,18.9,21.4,24,26.8,28.9,28.7,27.6,25.2,22.1,18.7,23.1,26.2122345,127.6791452,-3493.739662,4523.773004,2814.054367
Kazakhstan,Almaty,-4.7,-3,3.4,11.5,16.6,21.6,23.8,23,17.6,9.9,2.7,-2.8,10,43.2363924,76.9457275,1048.391056,4521.535985,4364.198613
Kazakhstan,Astana,-14.2,-14.1,-7.1,5.2,13.9,19.5,20.8,18.8,12.3,4.6,-5.4,-12.1,3.5,51.1282205,71.4306682,1273.269671,3790.15403,4960.157031
Kuwait,Kuwait City,12.5,14.8,19.3,24.9,31.5,36,37.7,36.8,33.3,27.3,19.9,14.1,25.7,29.3796532,47.9734174,3716.668214,4123.92892,3125.57653
Kyrgyzstan,Bishkek,-2.6,-0.8,5.3,12.3,17.4,22.4,24.9,23.8,18.5,11,4.7,-0.9,11.3,42.8777895,74.6066926,1239.279164,4501.228215,4335.063173
Laos,Vientiane,21.7,24,26.7,28.5,27.7,27.7,27.5,27.2,27,26.4,24.3,21.7,25.9,17.9640988,102.6133707,-1323.418419,5914.150425,1964.950238
Lebanon,Beirut,14,14,16,18.7,21.7,24.9,27.1,27.8,26.8,24.1,19.5,15.8,20.9,33.88922645,35.50255853,4305.456329,3071.342241,3552.399702
Malaysia,Kuala Lumpur,26.9,27.3,27.6,27.7,28,27.9,27.4,27.5,27.2,27.1,26.8,26.7,27.3,3.1516964,101.6942371,-1289.377185,6229.322133,350.2759421
Mongolia,Ulaanbaatar,-21.6,-16.6,-7.4,2,10.1,15.7,18.2,16,9.6,0.5,-11.9,-19,-0.4,47.94097405,106.9179638,-1241.970003,4083.201606,4730.181409
Myanmar,Mandalay,21.9,24.4,28.8,31.9,31.3,30.8,30.8,30.2,29.7,28.8,25.7,22.2,28,21.9596834,96.0948743,-627.3639471,5875.36662,2382.46145
Myanmar,Yangon,25,26.3,28.6,30.6,29.6,27.4,26.9,26.9,27.4,27.9,27.4,25.4,27.5,16.7967129,96.1609916,-654.5800466,6063.960841,1841.071667
Nepal,Kathmandu,10,11.9,16.1,19.2,21.8,23.8,24.1,24.1,23.3,19.1,14.8,11.3,18.3,27.708317,85.3205817,460.1476593,5621.61197,2962.327461
North Korea,Pyongyang,-5.8,2.4,4.4,11.2,17.1,21.7,24.3,24.6,19.6,12.5,4.7,-2.9,10.8,39.0167979,125.7473609,-2891.863208,4017.441653,4010.851624
Oman,Muscat,21,22,25,30,34,35,34,32,31,30,25,22,28,23.5882019,58.3829448,3060.862019,4972.043331,2549.421466
Pakistan,Karachi,18.1,20.2,24.5,28.3,30.5,31.4,30.3,28.9,28.9,27.9,23.9,19.5,26,24.8546842,67.0207055,2256.853301,5322.15982,2677.847836
Pakistan,Lahore,12.8,15.4,20.5,26.8,31.2,33.9,31.5,30.7,29.7,25.6,19.5,14.2,24.3,31.5656822,74.3141829,1467.620519,5226.191999,3335.063448
Philippines,Manila,26.7,27.4,28.7,30.1,30,29.3,28.5,28.3,28.4,28.4,28,27,28.4,14.5906346,120.9799964,-3173.641285,5286.005505,1604.926102
Philippines,Baguio,18.1,18.5,19.7,20.7,20.6,20.4,19.6,19.3,19.6,19.6,19.5,18.8,19.5,16.4119905,120.5933719,-3110.353653,5260.709652,1800.076419
Russia,Anadyr,-22.6,-22,-19.3,-12.8,-1.6,6.3,11.6,10.1,4.7,-4.6,-13.3,-19.3,-6.9,64.7316875,177.5060925,-2716.935233,118.3345016,5761.414834
Russia,Dikson,-24.8,-25.4,-22.1,-17.2,-7.8,0.4,4.9,5.5,1.6,-7.5,-17.5,-22.9,-11.1,73.5084564,80.5227886,297.7890355,1783.875423,6108.907526
Russia,Irkutsk,-17.8,-14.4,-6.4,2.5,10.2,15.4,18.3,15.9,9.2,1.8,-7.6,-15.3,1,56.6370122,104.719221,-890.2225229,3388.694542,5321.080168
Russia,Novosibirsk,-16.5,-14.8,-7.6,2.3,11.8,17.1,19.4,16.6,10.2,3.1,-6.9,-14,1.7,54.96781445,82.95159894,448.7651716,3629.548621,5216.764095
Russia,Petropavlovsk-,-7.6,-7.1,-4.6,-0.6,3.4,8.2,11.5,12.5,9.7,4.9,-1.3,-5.8,1.9,60.372566,134.459961,-2205.982391,2247.964123,5538.044781
Russia,Vladivostok,-12.3,-8.4,-1.9,5.1,9.8,13.6,17.6,19.8,16,8.9,-0.9,-9.1,4.9,43.1150678,131.8855768,-3105.029999,3462.365524,4354.360421
Russia,Yakutsk,-38.6,-33.8,-20.1,-4.8,7.5,16.4,19.5,15.2,6.1,-7.8,-27,-37.6,-8.8,62.0274078,129.7319787,-1910.120569,2298.14026,5626.689236
Saudi Arabia,Abha,13.8,15.4,17.2,19.3,21.8,24,23.7,23,22.5,19.1,16,14.3,19.2,18.2164282,42.5043596,4461.470997,4088.809511,1991.621029
Saudi Arabia,Riyadh,14,16.7,21,26.4,32.2,35.2,36.3,36,32.8,27.5,20.4,15.4,26.2,24.638916,46.7160104,3970.355489,4215.598398,2656.058818
Singapore,Singapore,26.8,27.3,27.8,28.2,28.6,28.5,28.2,28.1,28,27.9,27.2,26.8,27.8,1.2899175,103.8519072,-1524.914711,6184.149641,143.4201657
South Korea,Seoul,-2.4,0.4,5.7,12.5,17.8,22.2,24.9,25.7,21.2,14.8,7.2,0.4,12.5,37.5666791,126.9782914,-3037.599736,4034.210304,3884.298658
South Korea,Busan,3.6,5.4,9.1,13.8,17.9,21,24.4,26.1,22.6,17.9,11.9,5.8,15,35.1799528,129.0752365,-3282.380558,4042.536964,3670.628526
Sri Lanka,Colombo,26.6,26.9,27.7,28.2,28.3,27.9,27.6,27.6,27.5,27,26.7,26.6,27.4,6.9388614,79.8542005,1114.05485,6225.4408,769.6815174
Syria,Damascus,6.1,7.7,11.4,16.2,20.8,25,27.3,27,24,19,12.1,7.5,17,33.5130695,36.3095814,4280.47187,3145.421379,3517.602297
Tajikistan,Dushanbe,2.1,3.8,9.2,15.4,20,25.3,27.1,24.9,20.1,14.3,8.9,4.8,14.7,38.5762709,68.7863573,1802.253714,4643.207942,3972.674485
Taiwan,Taipei,16.1,16.5,18.5,21.9,25.2,27.7,29.6,29.2,27.4,24.5,21.5,17.9,23,25.0375198,121.5636796,-3021.498445,4918.358898,2696.281494
Thailand,Bangkok,27,28.3,29.5,30.5,29.9,29.5,29,28.8,28.3,28.1,27.8,26.5,28.6,13.7524938,100.4935089,-1127.048665,6084.857568,1514.56617
Thailand,Chiang Mai,21.5,23.9,27.1,29.3,28.2,27.6,27.2,26.8,26.7,26.1,24,21.4,25.8,18.7882778,98.9858802,-942.0698559,5957.49666,2051.920792
Thailand,Hat Yai,26,26.7,27.6,28,27.8,27.7,27.4,27.4,26.9,26.5,26,25.6,27,7.0074644,100.4689889,-1148.984626,6218.14703,777.2533969
Thailand,Nakhon Ratchasima,24.3,26.9,28.9,30,29.1,29.1,28.6,28.1,27.4,26.7,25.4,23.6,27.3,15.2241917,101.9313754,-1270.91636,6014.605023,1673.002997
Turkey,Ankara,0.4,1.9,6,11.3,16.1,20.1,23.6,23.4,18.8,13,7,2.6,12,39.7160439,32.7059948,4123.718904,2647.989813,4070.962215
Turkey,Erzurum,-10.2,-8.7,-2.7,5.1,10.2,14.1,18.4,18.7,13.9,7.5,0.4,-6.7,5.1,39.90632,41.2727715,3673.079246,3223.787495,4087.214705
Turkmenistan,Ashgabat,3.5,5.5,10.4,17.4,23.3,29,31.3,29.6,23.6,16.5,10.2,5.1,17.1,37.9404648,58.3823487,2634.079948,4278.681739,3917.160502
United Arab,Dubai,18.7,19.3,22.3,26.1,29.9,32.2,34.4,34.4,32.1,28.7,24.3,20.6,26.9,25.0726364,55.1243894,3299.649435,4734.229906,2699.818846
Emirates,,-65.7,-66.7,-72.1,-79,-85.8,-90,-93.9,-93.9,-89.8,-83.7,-75.7,-69.1,-80.4,13.7440503,100.5625607,-1134.422103,6083.7142,1513.654195
Uzbekistan,Tashkent,1.9,3.9,9.4,15.5,20.5,25.8,27.8,26.2,20.6,13.9,8.5,3.5,14.8,41.3123363,69.2787079,1693.181347,4475.843403,4205.901064
Vietnam,Da Lat,15.8,16.7,17.8,18.9,19.3,19,18.6,18.5,18.4,18.1,17.3,16.2,17.9,11.9473902,108.4342989,-1970.978064,5913.157773,1318.882717
Vietnam,Da Nang,21.5,22.3,24.2,26.4,28.3,29.2,29.3,29,27.5,25.9,24.1,22.1,25.8,16.068,108.212,-1913.366685,5815.432588,1763.3527
Vietnam,Hanoi,16.4,17.2,20,23.9,27.4,28.9,29.2,28.6,27.5,24.9,21.5,18.2,23.6,21.0283334,105.854041,-1624.568235,5720.502706,2286.103201
Vietnam,Ho Chi Minh City,26,26.8,28,29.2,28.8,27.8,27.5,27.4,27.2,27,26.7,26,27.4,10.7763897,106.7011391,-1798.606225,5994.633759,1191.22741
Yemen,Aden,25.7,26,27.2,28.9,31,32.7,32.7,31.5,31.6,28.9,27.1,26,29.1,12.789585,45.028504,4391.020947,4395.392088,1410.356139
Yemen,Sanaa,16,18,20,20,22,23,24,23,22,18,16,15,20,15.3538569,44.2058841,4403.980988,4283.564444,1686.91082
Albania,Tirana,6.7,7.8,10,13.4,18,21.6,24,23.8,20.7,16,11.7,8.1,15.2,41.3281482,19.8184435,4500.875109,1622.05156,4207.221528
Andorra,Andorra la Vella,2.2,3.5,5.8,7.5,11.5,15.4,18.8,18.5,14.9,10.3,5.7,3,9.8,42.49791845,1.503226374,4695.733684,123.2267164,4304.014561
Austria,Vienna,0.3,1.5,5.7,10.7,15.7,18.7,20.8,20.2,15.4,10.2,5.1,1.1,10.4,48.2083537,16.3725042,4073.616514,1196.806606,4750.046678
Belarus,Minsk,-4.5,-4.4,0,7.2,13.3,16.4,18.5,17.5,12.1,6.6,0.6,-3.4,6.7,53.9024716,27.5618225,3327.56561,1736.787025,5147.865474
Belgium,Brussels,3.3,3.7,6.8,9.8,13.6,16.2,18.4,18,14.9,11.1,6.8,3.9,10.5,50.8550018,4.351233376,4010.324919,305.1443594,4941.034503
Bosnia and Herzegovina,Sarajevo,-0.5,1.4,5.7,10,14.8,17.7,19.7,19.7,15.3,11,5.4,0.9,10.1,43.8519774,18.3866868,4359.788458,1449.183535,4413.813848
Bulgaria,Sofia,-0.5,1.1,5.4,10.6,15.4,18.9,21.2,21,16.5,11.3,5.1,0.7,10.6,42.6977028,23.3217359,4299.751534,1853.699587,4320.367529
Croatia,Zagreb,0.3,2.3,6.4,10.7,15.8,18.8,20.6,20.1,15.9,10.5,5,1.4,10.7,45.8130967,15.9772795,4269.058654,1222.301,4568.452634
Croatia,Split,8,8.4,10.6,13.7,18.9,22.8,25.7,25.4,21.2,16.8,12,9.1,16.1,43.5116383,16.4399659,4431.569632,1307.641507,4386.445633
Cyprus,Nicosia,10.6,10.6,13.1,17.1,22.3,26.9,29.7,29.4,26.2,22.3,16.3,12,19.7,35.1746503,33.3638783,4349.405633,2863.972001,3670.146593
Czech Republic,Prague,-1.4,-0.4,3.6,8.4,13.4,16.1,18.2,17.8,13.5,8.5,3.1,-0.3,8.4,50.0874654,14.4212535,3958.943382,1018.049399,4886.715023
Denmark,Copenhagen,1.4,1.4,3.5,7.7,12.5,15.6,18.1,17.7,13.9,9.8,5.5,2.5,9.1,55.6867243,12.5700724,3505.358988,781.618335,5262.240221
Estonia,Tallinn,-2.9,-3.6,-0.6,4.8,10.2,14.5,17.6,16.5,12,6.5,2,-0.9,6.4,59.4372155,24.7453688,2942.076004,1356.027279,5485.892799
Finland,Helsinki,-3.9,-4.7,-1.3,3.9,10.2,14.6,17.8,16.3,11.5,6.6,1.6,-2,5.9,60.1674881,24.9427473,2873.750555,1336.557522,5526.736174
Finland,Kuopio,-9.2,-9.2,-4.1,2,9.1,14.5,17.5,15,9.7,4.1,-2,-6.7,3.4,62.8924601,27.6781839,2570.831632,1348.468339,5671.163801
Finland,Oulu,-9.6,-9.3,-4.8,1.4,7.8,13.5,16.5,14.1,8.9,3.3,-2.8,-7.1,2.7,65.0118734,25.4716809,2429.704051,1157.435609,5774.644754
France,Bordeaux,7.1,7.8,10.7,13,16.6,19.8,21.7,21.9,18.8,15.2,10.4,7.7,14.2,44.841225,-0.5800364,4517.212456,-45.7317657,4492.476069
France,Lyon,3.4,4.8,8.4,11.4,15.8,19.4,22.1,21.6,17.6,13.4,7.5,4.3,12.5,45.7578137,4.8320114,4429.202881,374.4227389,4564.16591
France,Marseille,8.4,8.9,11.6,13.8,17.9,21.3,24.5,24.1,20.7,16.9,11.8,9.3,15.8,43.2961743,5.3699525,4616.581318,433.9528433,4369.039123
France,Paris,4.9,5.6,8.8,11.4,15.1,18.2,20.4,20.2,16.9,12.9,8.1,5.4,12.3,48.8588897,2.320041022,4188.145491,169.6806204,4797.946106
Germany,Berlin,0.6,2.3,5.1,10.2,14.8,17.9,20.3,19.7,15.3,10.5,6,1.3,10.3,52.510885,13.3989367,3771.91502,898.5229377,5055.190858
Germany,Frankfurt,1.6,2.4,6.4,10.3,14.7,17.8,20,19.5,15.2,10.4,5.6,2.5,10.6,50.1106444,8.6820917,4038.949179,616.7541664,4888.36832
Germany,Hamburg,2.1,2.4,4.9,9.1,13,16,18.3,18,14.4,10,5.7,2.9,9.7,53.550341,10.000654,3727.60289,657.3208344,5124.6997
Greece,Athens,10.2,10.9,13.2,16.9,21.8,26.6,29.3,29.3,25,20.1,15.5,11.5,19.2,37.9755648,23.7348324,4597.310852,2021.41271,3920.237822
Greece,Heraklion,12.1,12.2,13.6,16.6,20.4,24.5,26.4,26.3,23.7,20.3,16.8,13.8,18.9,35.33908,25.1332843,4705.05038,2207.34058,3685.076592
Greece,Thessaloniki,7,8.4,11.2,14.9,20,24.7,27,27.1,22.7,17.7,12.8,8.3,16.8,40.6403167,22.9352716,4452.218777,1883.921553,4149.485334
Hungary,Budapest,0.4,2.3,6.1,12,16.6,19.7,21.5,21.2,16.9,11.8,5.4,1.8,11.3,47.4978789,19.0402383,4068.866318,1404.220122,4697.034568
Ireland,Dublin,5.3,5.3,6.8,8.3,10.9,13.6,15.6,15.3,13.4,10.5,7.4,5.6,9.8,53.3493795,-6.2605593,3780.385543,-414.724627,5111.392142
Italy,Milan,2.5,4.7,9,12.2,17,20.8,23.6,23,19.2,13.4,7.2,3.3,13,45.4641943,9.1896346,4410.98153,713.6042138,4541.327116
Italy,Palermo,12.5,12.6,13.5,15.7,18.9,22.4,25.6,26.2,24.1,20.3,16.8,13.7,18.5,38.1112268,13.3524434,4877.286323,1157.656344,3932.117866
Italy,Rome,7.5,8.2,10.2,12.6,17.2,21.1,24.1,24.5,20.8,16.4,11.4,8.4,15.2,41.8933203,12.4829321,4630.394129,1025.086614,4254.208346
Italy,Napoli,8.7,8.8,11.1,13.2,17.8,21.4,24.3,24.7,21.4,17.1,12.4,9.8,15.9,40.8358846,14.2487679,4671.919405,1186.409431,4165.962402
Latvia,Riga,-4.7,-4.2,0.5,5.1,11.4,15.5,16.9,16.2,12,7.4,2.1,-2.3,6.2,56.9493977,24.1051846,3171.617013,1419.077286,5340.103574
Liechtenstein,Vaduz,0.8,2.1,6.3,9.9,14.4,17.1,19,18.4,14.9,10.9,5.2,1.9,10.1,47.1392862,9.5227962,4273.95296,716.9626474,4670.00339
Lithuania,Vilnius,-3.9,-3.1,0.9,7.6,13,16.4,18.7,17.9,13,7,1.8,-2.2,7.3,54.6870458,25.2829111,3329.939878,1572.840441,5198.780084
Luxembourg,Luxembourg,0.8,1.6,5.2,8.7,13,15.9,18.2,17.7,13.9,9.5,4.7,1.8,9.3,49.6112768,6.129799,4104.613996,440.815966,4852.573156
Malta,Valletta,12.8,12.8,13.3,15.6,18.9,22.8,26.1,26.7,23.9,21.1,17.2,13.9,18.8,35.8989818,14.5136759,4996.148124,1293.364125,3735.686572
Monaco,Monaco,10.2,10.2,12,13.8,17.5,20.9,23.8,24.2,21.1,17.9,13.8,11.2,16.4,43.7323492,7.4276832,4564.908676,595.1210619,4404.2117
Montenegro,Podgorica,5,6.8,10,13.9,19,22.8,26,25.6,21.4,15.9,10.5,6.5,15.3,42.4415238,19.2621081,4438.386472,1551.006352,4299.389005
Netherlands,Amsterdam,3.4,3.5,6.1,9.1,12.9,15.4,17.6,17.5,14.7,11,7.1,4,10.2,52.3730796,4.8924534,3875.434428,331.7277395,5045.850345
North Macedonia,Skopje,0.1,2.6,7.6,12.1,17.3,21.5,23.8,23.8,18.8,13.1,6.5,1.7,12.4,41.9961816,21.4319213,4407.455525,1730.096212,4262.715554
Norway,Bergen,2.6,2.4,3.8,7.1,10.6,13.5,15.5,15.4,12.7,8.7,5.3,3.1,7.7,60.3943055,5.3259192,3133.866023,292.1499053,5539.239405
Norway,Oslo,-4.3,-4,-0.2,4.5,10.8,15.2,16.4,15.2,10.8,6.3,0.7,-3.1,5.7,59.9133301,10.7389701,3137.906418,595.1243244,5512.62291
Norway,Troms¿,-3.8,-3.7,-2.3,0.7,5.1,9.2,11.8,10.9,6.9,3.2,-0.6,-2.7,2.9,69.53110715,19.5296839,2099.75461,744.7865903,5968.74899
Poland,Warsaw,-1.8,-0.6,2.8,8.7,14.2,17,19.2,18.3,13.5,8.5,3.3,-0.7,8.5,52.2337172,21.07143224,3640.961202,1402.844714,5036.374612
Portugal,Lisbon,11.6,12.7,14.9,15.9,18,21.2,23.1,23.5,22.1,18.8,15,12.4,17.5,38.7077507,-9.1365919,4908.506746,-789.4309679,3984.093532
Portugal,Porto,10.2,10.9,13.5,14.6,17,19.5,21.3,21.4,19.3,16.6,13.4,11,15.7,41.1494512,-8.6107884,4743.261284,-718.2644016,4192.279767
Romania,Bucharest,-1.3,0.4,5.4,11.2,16.8,20.6,22.5,22,16.9,11,4.7,0.2,10.8,44.4361414,26.1027202,4085.115733,2001.518046,4460.425536
Russia,Arkhangelsk,-12.7,-11.4,-5.5,0.4,6.9,13,16.3,13.1,8.2,2.3,-5.1,-9.8,1.3,64.543022,40.537121,2081.194416,1779.841191,5752.428716
Russia,Moscow,-6.5,-6.7,-1,6.7,13.2,17,19.2,17,11.3,5.6,-1.2,-5.2,5.8,55.625578,37.6063916,2849.666696,2195.045254,5258.404421
Russia,Murmansk,-10.1,-9.7,-5.5,-0.7,4,9.2,12.8,11.1,7,1.5,-4.8,-8.2,0.6,68.970665,33.07497,1915.743758,1247.665426,5946.671156
Russia,Rostov-on-Don,-3,-2.8,2.4,10.6,16.6,21,23.4,22.6,16.7,10,2.9,-1.6,9.9,47.2216548,39.7096061,3328.692649,2764.476758,4676.228662
Russia,Saint Petersburg,-5.5,-5.8,-1.3,5.1,11.3,15.7,18.8,16.9,11.6,6.2,0.1,-3.7,5.8,59.938732,30.316229,2754.982771,1610.928933,5514.038348
Russia,Sochi,6.1,6,8.2,12.1,16,20.2,23.2,23.6,20,15.8,11.1,8.1,14.2,43.5854823,39.723109,3549.445106,2949.22524,4392.396945
San Marino,San Marino,2.7,4.2,6.4,10.1,14.6,18.5,21.3,21.4,17.8,12.8,8,4.2,11.8,43.9458623,12.458306,4479.082412,989.5696024,4421.336194
Serbia,Belgrade,1.4,3.1,7.6,12.9,18.1,21,23,22.7,18,12.9,7.1,2.7,12.5,44.8178131,20.4568974,4234.272623,1579.500033,4490.6298
Slovakia,Bratislava,0.3,1.9,6.1,11.7,16.2,20.2,22,21.5,16.2,10.7,5.7,1.1,11.1,48.15926025,17.13965869,4061.115158,1252.439853,4746.406966
Slovenia,Ljubljana,0.3,1.9,6.5,10.8,15.8,19.1,21.3,20.6,16,11.2,5.6,1.2,10.9,46.0500268,14.5069289,4280.690913,1107.614257,4586.776315
Spain,Barcelona,11.8,12.4,14.2,15.8,19.3,23,25.7,26.1,23,19.5,14.9,12.3,18.2,41.3828939,2.1774322,4776.76379,181.6205232,4211.790911
Spain,Bilbao,9.3,9.7,11.5,12.6,15.7,18.4,20.4,20.9,19.2,16.4,12.4,9.9,14.7,43.2630018,-2.9350039,4633.37498,-237.5546863,4366.35375
Spain,Madrid,6.3,7.9,11.2,12.9,16.7,22.2,25.6,25.1,20.9,15.1,9.9,6.9,15,40.4167047,-3.7035825,4840.42649,-313.3202613,4130.586255
Spain,Seville,11,12.5,15.6,17.3,20.7,25.1,28.2,27.9,25,20.2,15.1,11.9,19.2,37.3886303,-5.9953403,5034.296265,-528.711915,3868.587058
Spain,Valencia,11.8,12.5,14.6,16.2,19,22.9,25.6,26.1,23.5,19.7,15.3,12.6,18.3,39.4697065,-0.3763353,4918.056062,-32.30368338,4049.85457
Sweden,Stockholm,-2.8,-3,0.1,4.6,10.7,15.6,17.2,16.2,11.9,7.5,2.6,-1,6.6,59.3251172,18.0710935,3089.939096,1008.2226,5479.544194
Turkey,Istanbul,5.7,5.7,7,11.1,15.7,20.4,22.9,23.1,19.8,15.6,11.5,8,13.9,41.006381,28.9758715,4205.968394,2329.091442,4180.287541
Ukraine,Kyiv,-3.5,-3,1.8,9.3,15.5,18.5,20.5,19.7,14.2,8.4,1.9,-2.3,8.4,50.4500336,30.5241361,3494.537788,2060.423427,4912.484295
Ukraine,Lviv,-3.1,-2.2,1.9,8.3,13.8,16.4,18.3,17.7,13,8.1,2.6,-1.8,7.8,49.841952,24.0315921,3752.513639,1673.206559,4869.154157
Ukraine,Odesa,-0.5,-0.2,3.5,9.4,15.6,20,22.6,22.3,17.2,11.6,5.7,1.1,10.7,46.4843023,30.7322878,3770.714016,2241.761139,4620.158418
United Kingdom,Edinburgh,4.2,4.5,6.2,8.1,10.8,13.5,15.3,15.2,13,9.8,6.7,4.2,9.3,55.9533456,-3.1883749,3561.396291,-198.3881204,5278.895681
United Kingdom,London,5.2,5.3,7.6,9.9,13.3,16.5,18.7,18.5,15.7,12,8,5.5,11.3,51.5074456,-0.1277653,3965.382926,-8.842521792,4986.511913
Antigua and Barbuda,St. John's,25.4,25.2,25.6,26.3,27.2,27.9,28.2,28.3,28.1,27.5,26.8,25.9,26.9,17.1184569,-61.8448509,2873.043737,-5368.290146,1875.292402
Aruba,Oranjestad,26.7,26.8,27.2,27.9,28.5,28.7,28.6,29.1,29.2,28.7,28.1,27.2,28.1,12.5201024,-70.0371329,2123.405324,-5845.793458,1381.118995
The Bahamas,Nassau,21.1,21.1,22.2,23.4,25.3,26.9,27.9,27.9,27.3,25.9,23.8,21.9,24.6,25.0782266,-77.3383438,1264.834223,-5630.077547,2700.381862
Barbados,Bridgetown,25.8,25.7,26.2,26.8,27.6,27.7,27.6,27.8,27.7,27.5,27,26.4,27,13.0977832,-59.6184184,3138.348768,-5353.127905,1443.755397
Belize,Belize City,24,24.9,25.9,27.3,28.3,28.5,28.1,28.2,28,27,25.6,24.5,26.7,17.5002768,-88.1988737,190.9749699,-6073.119486,1915.826003
Bermuda,Hamilton,18.3,18,18.2,19.6,22,25,27.2,27.6,26.6,24.4,21.6,19.5,22.3,32.2942679,-64.7853167,2294.284674,-4872.361637,3403.820048
Canada,Calgary,-7.6,-5.9,-2.2,4.5,9.9,13.7,16.9,16.2,11.5,4.9,-1.7,-6.3,4.5,51.0456064,-114.057541,-1632.840498,-3657.529867,4954.386761
Canada,Edmonton,-10.3,-7.9,-3.1,4.9,11.6,15.6,18.1,17,11.9,5,-3.5,-9,4.2,53.5462055,-113.491241,-1508.927769,-3471.747571,5124.426484
Canada,Gjoa Haven,-32.8,-33.4,-29.1,-20.2,-9,1.7,8.3,6.5,0.4,-8.4,-20.7,-28.1,-13.7,68.6279829,-95.8683501,-237.3810362,-2309.565521,5932.89123
Canada,Halifax,-5.7,-5.2,-0.9,4.5,10.1,15.2,19.2,19.2,15.2,9.2,3.8,-1.9,6.9,44.648618,-63.5859487,2016.313605,-4059.337477,4477.264756
Canada,Iqaluit,-26,-27,-22.4,-13.5,-3.2,3.9,8.1,7.5,2.9,-3.2,-11.1,-18.9,-8.6,63.7492738,-68.5213763,1031.783248,-2622.2029,5713.940521
Canada,Moncton,-8.4,-7.6,-2.6,3.6,10,15.3,19.3,18.7,14.2,8.1,2.1,-4.4,5.7,46.0985679,-64.8004265,1880.968542,-3997.338857,4590.520712
Canada,Montreal,-9.2,-8,-2,6.2,13.9,19,21.7,20.6,16,8.9,2.3,-5,7,45.5031824,-73.5698065,1262.979676,-4282.902666,4544.366633
Canada,Ottawa,-9.6,-8.1,-2.2,6.2,13.8,18.8,21.3,20.1,15.6,8.8,2,-5.1,6.8,45.4208777,-75.6901106,1105.26916,-4333.0188,4537.947682
Canada,Saskatoon,-15.4,-13.4,-6.1,3.9,10.9,15.6,18.3,17.4,11.9,3.7,-5.6,-13,2.4,52.131802,-106.660767,-1121.250047,-3746.640048,5029.426178
Canada,St. John's,-4.2,-4.7,-2.2,1.8,6.3,10.8,16,16.5,12.8,7.8,3.4,-1,5.3,47.5614705,-52.7126162,2604.477871,-3420.428054,4701.809008
Canada,Toronto,-5,-4.4,0.6,7,13.7,19.2,22.1,21.1,16.9,10,4.1,-1.6,8.6,43.6534817,-79.3839347,849.2117841,-4530.696748,4397.870772
Canada,Vancouver,4.1,4.7,6.7,9.4,13,15.8,18.2,18.2,15.2,10.3,6.4,3.9,10.5,49.2608724,-123.113952,-2271.439806,-3482.527645,4827.235586
Canada,Winnipeg,-16.3,-14.1,-6.1,3.8,11.1,17.1,19.5,18.7,13.3,5.1,-4.4,-13.7,2.9,49.8955367,-97.1384584,-510.0052738,-4072.279422,4872.994554
Canada,Whitehorse,-15,-11.9,-6.7,1.6,7.9,12.8,14.5,12.9,7.5,0.8,-8.6,-12.8,0.2,60.721571,-135.054932,-2205.288874,-2201.064307,5557.126767
Canada,Yellowknife,-25.5,-22.7,-16.6,-5.5,5.3,13.8,17.1,14.5,7.6,-1,-12.6,-21.8,-4,62.4540807,-114.377385,-1216.082212,-2683.653466,5648.786518
Cayman Islands,George Town,25.8,26.1,26.6,27.6,28.5,29.2,29.6,29.7,29.3,28.5,27.5,26.2,27.9,19.2953549,-81.3807776,901.1695806,-5945.215251,2105.219705
Cuba,Havana,22.2,22.4,23.7,24.8,26.1,27,27.6,27.9,27.4,26.1,24.5,23,25.2,23.135305,-82.3589631,779.0018372,-5806.619981,2503.190272
Dominica,Roseau,24.9,24.8,25.1,25.8,26.6,27.3,27.4,27.4,27.1,26.1,26.2,25.4,26.2,15.4240429,-61.34185329,2945.376565,-5389.182386,1694.435335
Dominican Republic,Santo Domingo,24.4,24.4,24.9,25.6,26.3,26.9,27,27.1,27,26.7,26,24.9,25.9,18.4801972,-69.942111,2072.381684,-5675.971971,2019.459664
El Salvador,San Salvador,22.2,22.8,23.8,24.5,24.2,23.3,23.3,23.2,22.8,22.8,22.4,22,23.1,13.6989939,-89.1914249,87.34892047,-6189.149581,1508.787138
Greenland,Nuuk,-7.4,-7.8,-8,-3.8,0.6,3.9,6.5,6.1,3.5,-0.7,-3.7,-6.2,-1.4,64.1766835,-51.7359356,1718.639094,-2178.982937,5734.802004
Guatemala,Flores,23,24.4,25.7,28.2,28.8,28.2,27.6,28,27.9,26.6,24.9,23.6,26.4,16.9298524,-89.8914817,11.54373144,-6094.882618,1855.239505
Guatemala,Guatemala City,17.7,20.7,20.7,23.4,23.9,21,20.8,21,20.7,20.3,19.4,17.5,20.4,14.6416142,-90.5132836,-55.22034591,-6163.859755,1610.411326
Honduras,La Ceiba,23.8,24,25.6,26.8,28.2,28,27.5,27.6,27.4,26.2,25.2,24.3,26.2,15.7833743,-86.7917749,343.1088754,-6121.185396,1732.918535
Honduras,Tegucigalpa,19.5,20.4,22.1,23.4,23.6,22.6,22.1,22.4,22.2,21.5,20.4,19.7,21.7,14.1057433,-87.2040052,301.4063793,-6171.543327,1552.690618
Jamaica,Kingston,25.8,25.9,26.4,26.9,27.8,28.5,28.9,28.7,28.4,27.7,27.2,26.7,27.4,17.9712148,-76.7928128,1384.585047,-5899.879432,1965.702911
Mexico,Cabo San Lucas,19.2,19.3,20.2,22.2,23.8,25.3,28.1,29,28.4,26.7,23.5,20.6,23.9,22.8938884,-109.92006,-1999.666124,-5517.979714,2478.482654
Mexico,Chihuahua,10,12.9,15.7,19.2,23.6,26.3,25.6,24.3,22.6,18.7,13.7,10.3,18.6,28.5000001,-106.0000001,-1543.278079,-5382.050229,3039.978471
Mexico,Guadalajara,17.1,18.4,20.7,22.8,24.5,23.9,22,21.9,21.8,21,19.2,17.5,20.9,20.6720375,-103.338396,-1375.170407,-5800.016312,2249.079397
Mexico,La Paz,17.4,18.1,19.7,22.1,24.5,27.1,29.7,30.2,29.3,26.2,22,18.6,23.7,24.1619948,-110.3158532,-2018.192702,-5451.247903,2607.764468
Mexico,Mexicali,13.1,15.3,18,21.3,25.8,30.5,33.9,33.5,30.4,24.3,17.5,13.1,23.1,32.6405247,-115.474899,-2307.499469,-4843.232585,3436.304022
Mexico,Mexico City,14.6,15.9,18.1,19.6,20,19.4,18.2,18.3,18,17.1,16.3,15,17.5,19.4326296,-99.1331785,-953.6591809,-5931.8955,2119.620472
Mexico,Monterrey,14.4,16.6,20,23.4,26.2,27.9,28.6,28.5,26.2,22.4,18.4,15.1,22.3,25.6802019,-100.315258,-1028.135902,-5648.914907,2760.858189
Mexico,Tijuana,13.6,14.3,14.8,16.1,18,19.8,22.2,22.8,22,19.5,16.6,14,17.8,32.5317397,-117.019529,-2440.172888,-4785.076262,3426.111855
Mexico,Toluca,8.9,10.1,11.8,13.5,14.7,14.8,14,14,13.9,12.4,10.8,9.5,12.4,19.292545,-99.6569007,-1008.706439,-5928.02192,2104.924807
Mexico,Veracruz,21.5,21.9,24,25.8,27.8,28.1,27.5,27.6,27.2,26.2,24.2,22.6,25.4,19.333333,-96.666667,-697.9192669,-5971.080636,2109.205
Mexico,Villahermosa,23.6,24.5,26.6,28.5,29.6,29.3,28.9,28.9,28.4,27.1,25.7,24.1,27.1,17.9884657,-92.9366326,-310.4410537,-6051.619873,1967.527448
Nicaragua,Managua,26.3,27.2,28.5,29.3,29.3,27.2,26.8,27.2,26.8,26.5,26.3,26.2,27.3,12.1544035,-86.2737642,404.7651336,-6215.01952,1341.394257
Panama,Panama City,28.1,28.1,28.6,28.9,28.3,27.8,27.8,27.8,27.2,27,27.2,27.5,28.1,8.9714493,-79.5341802,1143.127272,-6188.363467,993.5082459
Puerto Rico,San Juan,25.3,25.5,26.1,26.8,27.7,28.5,28.6,28.7,28.6,28.1,27,24.8,27.2,18.465299,-66.116666,2446.660724,-5525.542384,2017.888417
Saint Pierre and Miquelon,Saint-Pierre,-2.6,-3.2,-1.4,2,5.6,9.6,14.1,16.2,13.5,8.9,4.5,0.4,5.7,46.7775497,-56.1768672,2428.619812,-3624.66237,4642.549893
United States,Albuquerque,3,5.5,9.7,13.8,18.9,24.5,26.1,24.9,21.3,14.7,7.6,2.7,14.4,35.0841034,-106.650985,-1493.866737,-4994.837599,3661.912141
United States,Anchorage,-8.4,-5.9,-3.4,3.1,8.9,13.3,15.3,14.2,9.6,2.4,-4.7,-7,3.1,61.2163129,-149.894852,-2653.854753,-1538.704382,5583.823491
United States,Atlanta,7.1,9.2,13.1,17.3,21.8,25.5,27.2,26.8,23.8,18.2,12.3,8.5,17.6,33.7489924,-84.3902644,517.8270902,-5271.985076,3539.444796
United States,Austin,11.2,13.4,17.1,20.9,24.9,28.3,29.9,30.3,27.1,22,16.1,12,21.1,30.2711286,-97.7436995,-741.3923642,-5452.134943,3211.573279
United States,Baltimore,1.3,2.6,6.8,12.8,18,23.1,25.7,24.6,20.7,14.1,8.3,3.7,13.4,39.2908816,-76.610759,1141.796775,-4796.756498,4034.484876
United States,Boise,0.1,3.1,7.3,10.5,15.5,19.9,25.2,24.3,19.1,11.8,4.6,0.1,11.8,43.6166163,-116.200886,-2036.476436,-4138.505051,4394.903943
United States,Boston,-1.2,-0.1,3.5,9.2,14.7,20,23.4,22.6,18.7,12.7,7.1,2.1,11.1,42.3554334,-71.060511,1528.085409,-4453.154753,4292.319738
United States,Charlotte,5.6,7.6,11.5,16.2,20.6,24.8,26.7,25.9,22.6,16.6,10.8,7.1,16.3,35.2272086,-80.8430827,828.2041812,-5137.963246,3674.92211
United States,Chicago,-3.2,-1.2,4.4,10.5,16.6,22.2,24.8,23.9,19.9,12.9,5.8,-0.3,11.3,41.8755616,-87.6244212,196.6304925,-4739.746317,4252.738212
United States,Columbus,-1.3,0.3,5.3,11.8,17.4,22.2,24.1,23.3,19.6,12.9,6.4,1.4,11.9,39.9622601,-83.0007065,595.0484134,-4846.774499,4091.984279
United States,Dallas,8.8,11.1,15.3,19.5,24.1,28.5,30.7,30.7,26.7,20.6,14.3,9.7,20,32.7762719,-96.7968559,-633.9601274,-5319.031923,3449.004924
United States,Denver,-0.2,0.4,5.3,8.8,14.1,20.1,23.9,22.7,18.2,10.6,4.1,-0.4,10.7,39.7392364,-104.984862,-1266.718827,-4732.460082,4072.945615
United States,Detroit,-3.4,-2.2,2.9,9.4,15.7,21.1,23.4,22.4,18.3,11.7,5.1,-0.4,10.3,42.3315509,-83.0466403,570.1780907,-4675.187208,4290.356921
United States,El Paso,8.1,10.8,14.8,19.2,24.1,28.8,29.1,28.3,24.9,19.3,12.5,7.8,19,31.7601164,-106.4870404,-1537.33685,-5194.276288,3353.46541
United States,Fairbanks,-22.4,-17.7,-11.8,0.9,10.2,16.1,17.2,13.9,7.7,-3.2,-15.5,-20.2,-2.1,64.837845,-147.716675,-2290.093136,-1446.804101,5766.443646
United States,Fresno,8.1,10.8,13.7,16.7,21.2,25.1,28.3,27.6,24.6,19,12.4,8.1,17.9,36.7394421,-119.78483,-2536.122674,-4431.039808,3810.985306
United States,Houston,11.5,13.3,16.9,20.7,24.8,27.7,28.9,29,26.3,21.7,16.6,12.3,20.8,29.7589382,-95.3676974,-517.3899546,-5506.548079,3162.258194
United States,Indianapolis,-2.2,0.1,5.7,11.8,17.2,22.3,24.2,23.5,19.5,12.9,6.6,-0.1,11.8,39.7683331,-86.1583502,328.0943001,-4885.984143,4075.432994
United States,Jacksonville,11.7,13.6,16.5,19.4,23.4,26.7,27.9,27.6,25.7,21.3,16.8,12.9,20.3,30.3321838,-81.655651,798.0099024,-5440.674088,3217.434796
United States,Kansas City,-1.8,0.8,6.8,12.7,18.1,23.1,25.7,25,20.1,13.5,6.4,-0.3,12.5,39.100105,-94.5781416,-394.6380976,-4928.409391,4018.04463
United States,Las Vegas,8.8,11.1,15,19.1,24.7,29.9,33.2,32.1,27.6,20.4,13.1,8.2,20.3,36.1672559,-115.148516,-2185.725325,-4655.757167,3759.80997
United States,Lake Havasu City,12.2,14.6,18.1,22.4,27.9,32.7,36.1,35.5,31.3,24.1,17,11.7,23.7,34.4775296,-114.3379972,-2164.415524,-4785.185279,3606.514701
United States,Los Angeles,14.4,14.9,15.9,17.3,18.8,20.7,22.9,23.5,22.8,20.3,16.9,14.2,18.6,34.0536909,-118.242766,-2497.810705,-4650.059804,3567.565906
United States,Louisville,1.1,3.3,8.3,13.9,18.9,23.7,25.7,25.2,21.1,14.8,8.7,2.7,13.9,38.2542376,-85.759407,369.9428444,-4989.266021,3944.617581
United States,Memphis,5.2,7.5,12.2,17.2,22.1,26.4,28.2,27.8,24,17.8,11.8,6.4,17.2,35.1460249,-90.0517638,-4.706504244,-5209.485318,3667.544352
United States,Miami,19.9,21.1,22.4,24.2,26.5,28.1,28.8,28.9,28.2,26.4,23.7,21.2,24.9,25.7741728,-80.19362,977.1520919,-5653.353941,2770.271469
United States,Milwaukee,-5.2,-3.2,1.9,7.8,13.3,19.2,22.3,21.7,17.4,10.9,4.1,-2.9,8.9,43.0386475,-87.9090751,169.8952007,-4653.422168,4348.153487
United States,Minneapolis,-9.1,-6.2,0.4,8.6,15.1,20.4,23.2,21.7,16.7,9.4,0.9,-6.8,7.8,44.9772995,-93.2654692,-256.7156976,-4499.44431,4503.192084
United States,Nashville,3.4,5.7,10.3,15.3,20,24.6,26.6,26.2,22.2,16,10.2,4.9,15.4,36.1622767,-86.7742984,289.4283185,-5135.470981,3759.362985
United States,New Orleans,11.6,13.4,16.8,20.3,24.6,27.2,28.2,28.2,26.2,21.6,16.8,12.9,20.7,29.9759983,-90.0782127,-7.533516337,-5518.776655,3183.188414
United States,New York City,0.6,2.1,6.1,11.9,17.1,22.1,24.9,24.3,20.2,14.1,8.9,3.3,12.9,40.7127281,-74.0060152,1330.607007,-4642.217428,4155.591816
United States,Oklahoma City,3.6,6.1,10.7,15.6,20.6,25.1,27.8,27.6,22.8,16.5,9.9,4.3,15.9,35.4729886,-97.5170536,-678.7627591,-5143.88364,3697.212899
United States,Omaha,-4.6,-2.1,4.2,10.9,16.9,22.3,24.8,23.7,18.8,11.8,3.8,-3.3,10.6,41.2587459,-95.9383758,-495.498109,-4763.629378,4201.423303
United States,Palm Springs,16.3,18.1,20.7,23.7,26.8,30.7,33.8,33.6,30.5,24.9,19.2,15.7,24.5,33.8246269,-116.540303,-2364.912678,-4734.937242,3546.434595
United States,Philadelphia,0.5,2,6.4,12.2,17.7,22.9,25.6,24.7,20.6,14.2,8.7,3,13.2,39.9527237,-75.1635262,1250.563481,-4721.02193,4091.17146
United States,Phoenix,13.6,15.4,18.5,22.7,27.8,32.7,34.9,34.2,31.3,24.8,17.9,13.1,23.9,33.4484367,-112.074141,-1997.728264,-4926.188416,3511.607961
United States,Pittsburgh,-1.9,-0.4,4.3,10.6,15.7,20.5,22.7,22,17.9,11.6,6.2,0.3,10.8,40.4416941,-79.9900861,842.8036013,-4774.945243,4132.701419
United States,Portland (OR),5.2,6.6,8.9,11.3,14.6,17.6,20.7,20.9,18.1,12.7,8.1,4.7,12.4,45.5202471,-122.674194,-2409.879533,-3757.494704,4545.696337
United States,Sacramento,8.1,10.6,12.7,15,18.8,22.1,24.2,23.8,22.1,17.9,11.9,8,16.3,38.5810606,-121.493895,-2601.78919,-4246.749721,3973.090839
United States,Salt Lake City,-1.3,1.3,6.6,10.4,15.5,21.1,26.1,25.1,19.1,11.8,4.6,-0.8,11.6,40.7596198,-111.886797,-1798.913298,-4477.918793,4159.542671
United States,San Antonio,11,13.1,16.8,20.8,25,28.1,29.3,29.7,26.6,21.8,16.2,11.6,20.8,29.4246002,-98.4951405,-819.7525688,-5488.276669,3129.930659
United States,San Diego,14.2,14.7,15.5,16.8,18.1,19.4,21.4,22.2,21.7,19.6,16.6,13.9,17.8,32.7174202,-117.162772,-2447.046571,-4769.057057,3443.500961
United States,San Francisco,11.2,12.6,13.3,13.9,14.7,15.8,16.3,16.9,17.5,16.8,14.1,11.4,14.6,37.7792588,-122.4193286,-2699.585018,-4250.695054,3903.008236
United States,San Jose,10.8,12.5,13.8,15.2,17.8,20.2,21.6,21.8,20.7,17.9,13.9,10.6,16.4,37.3361663,-121.890591,-2676.110575,-4300.9256,3863.950333
United States,Seattle,5.4,6.2,7.9,10.1,13.2,15.9,18.6,18.8,16.2,11.4,7.4,4.7,11.3,47.6038321,-122.330062,-2297.303913,-3629.75753,4704.986292
United States,St. Louis,-0.1,2.4,7.9,14.1,19.3,24.4,26.7,25.9,21.3,14.8,8.2,1.6,13.9,38.6280278,-90.1910154,-16.5929357,-4977.094324,3977.172082
United States,Tampa,15.9,17.3,19.5,22.1,25.7,27.8,28.2,28.3,27.5,24.4,20.6,17.2,22.9,27.9477595,-82.458444,738.6461056,-5579.301432,2985.873149
United States,Tucson,11.6,13.1,15.8,19.7,24.6,29.6,30.8,29.8,27.7,21.9,15.6,11.3,20.9,32.2228765,-110.974847,-1929.301192,-5032.6039,3397.106989
United States,Virginia Beach,4.9,6.1,9.8,14.8,19.4,24.3,26.7,25.7,22.6,16.9,11.8,6.9,15.8,36.8529841,-75.9774183,1235.249896,-4946.011485,3821.095273
United States,Washington DC,2.3,3.9,8.3,13.8,18.9,24.1,26.6,25.7,21.7,15.3,9.8,4.3,14.6,38.8950368,-77.0365427,1112.345694,-4832.157173,4000.323126
United States,Wichita,0.1,2.9,8.1,13.4,18.9,24.3,27.3,26.7,21.7,14.6,7.4,0.9,13.9,37.6922361,-97.3375448,-643.8617961,-5000.128718,3895.355669
Australia,Adelaide,23.8,23.6,21,17.9,14.6,12.3,11.7,12.4,14.6,17.1,19.8,21.7,17.5,-34.9281805,138.5999312,-3918.121613,3454.297223,-3647.710888
Australia,Alice Springs,29.7,28.5,25.7,21.1,15.8,12.4,12.3,14.7,20,23.4,26.4,28.2,21.5,-23.6983884,133.8812885,-4043.765757,4204.841934,-2560.645196
Australia,Brisbane,25.8,25.7,24.5,22.3,19.1,16.8,16,17,19.7,21.7,23.5,24.8,21.4,-27.4689682,153.0234991,-5037.678979,2564.22365,-2938.739283
Australia,Burnie,17,17.3,16.1,14,11.9,10.2,9.4,9.7,10.6,12,13.9,15.4,13.1,-41.0523688,145.9064073,-3978.661093,2693.10724,-4184.14511
Australia,Cairns,27.9,27.8,27.2,25.8,24.1,22.6,21.7,22.2,23.8,25.4,26.8,27.8,25.3,-16.9206657,145.7721854,-5039.55025,3428.452396,-1854.262237
Australia,Canberra,21.4,20.8,17.9,13.7,10,7.3,6.2,7.5,10.4,13.4,16.5,19.3,13.7,-35.2975906,149.1012676,-4461.796998,2670.196348,-3681.312268
Australia,Dampier,31,31.3,30.9,28.6,24.1,20.9,19.8,21.2,23.7,26.2,28.3,30.2,26.4,-20.6624798,116.7119013,-2679.580884,5324.997748,-2248.085022
Australia,Darwin,28.5,28.4,28.6,28.6,27.3,25.5,25.2,25.8,28,29.3,29.5,29.2,27.8,-12.46044,130.8410469,-4068.258106,4706.301814,-1374.641852
Australia,Hobart,17.9,17.5,16.2,13.7,11.5,9.1,8.9,9.7,11.3,13,14.6,16.3,13.3,-42.8825088,147.3281233,-3929.708137,2520.104786,-4335.447707
Australia,Launceston,18.7,18.6,16.5,13.2,10.4,8.1,7.7,8.7,10.5,12.6,14.8,16.8,13.1,-41.4340813,147.1373496,-4012.093227,2591.831116,-4216.05982
Australia,Melbourne,20.6,20.6,18.6,15.4,12.5,10.2,9.6,10.4,12.1,14.3,16.6,18.5,14.9,-37.8142454,144.9631732,-4121.023154,2889.520712,-3906.082336
Australia,Perth,24.5,24.9,23.1,19.7,16.5,14,13,13.5,14.8,17.3,20.3,22.7,18.7,-31.9558933,115.8605855,-2357.791629,4864.193274,-3371.95543
Australia,Sydney,23.5,23.4,22.1,19.5,16.6,14.2,13.4,14.5,17,18.9,20.4,22.1,18.8,-33.8698439,151.2082848,-4635.923671,2547.747737,-3550.610396
Chile,Hanga Roa,23.3,23.7,23.1,21.9,20.1,18.9,18,17.9,18.3,19,20.4,21.8,20.5,-27.1481172,-109.427344,-1885.608523,-5346.330357,-2907.038564
Fiji,Suva,27.4,27.6,26.4,26.6,25.4,24.6,23.8,23.7,24.1,25.1,26.1,26.9,25.6,-18.1415884,178.4421662,-6052.059722,164.5920037,-1983.714594
New Zealand,Alexandra,18,17.4,14.9,10.9,7.6,3.6,2.9,6,9.3,11.7,14,16.3,11,-45.2535683,169.3870836,-4408.275025,826.0148693,-4524.870356
New Zealand,Auckland,19.1,19.7,18.4,16.1,14,11.8,10.9,11.3,12.7,14.2,15.7,17.8,15.2,-36.852095,174.7631803,-5076.708239,465.3062757,-3821.016164
New Zealand,Christchurch,17.5,17.2,15.5,12.7,9.8,7.1,6.6,7.9,10.3,12.2,14.1,16.1,12.2,-43.530955,172.6364343,-4580.896655,591.9927201,-4388.003128
New Zealand,Dunedin,15.3,15,13.7,11.7,9.3,7.3,6.6,7.7,9.5,10.9,12.4,13.9,11.1,-45.8740984,170.5035755,-4374.940602,731.8333175,-4573.177859
New Zealand,Hamilton,18.4,18.8,17.1,14.5,11.9,9.5,8.9,9.8,11.6,13.2,14.9,16.9,13.8,-37.7878809,175.281788,-5017.841594,414.1474657,-3903.765952
New Zealand,Lake Tekapo,15.2,14.8,12.4,9.2,5.9,2.6,1.4,3.6,6.5,8.8,11.1,13.2,8.7,-44.0045194,170.4777273,-4519.423289,758.0982445,-4426.029957
New Zealand,Napier,19.5,19.4,17.7,15,12.4,10,9.4,10.3,12.3,14.3,16.1,18.4,14.6,-39.4902099,176.917839,-4909.600365,264.3613929,-4051.614284
New Zealand,Palmerston North,17.8,18.3,16.4,13.6,11.4,9.1,8.6,9.2,11,12.4,13.8,16.2,13.2,-40.356317,175.6112388,-4840.67163,371.5142577,-4125.471649
New Zealand,Tauranga,19.4,19.6,18,15.5,13.2,10.8,10.2,10.7,12.3,13.9,15.8,18,14.8,-37.6859006,176.167505,-5030.568747,336.995763,-3894.798189
New Zealand,Wellington,16.9,17.2,15.8,13.7,11.7,9.7,8.9,9.4,10.8,12,13.5,15.4,12.9,-41.2887953,174.7772114,-4767.251158,435.7657237,-4203.934542
Papua New Guinea,Port Moresby,27.4,27.3,27.1,27,26.9,26.1,25.7,26.1,26.5,27.5,27.6,27.8,26.9,-9.4743301,147.1599504,-5279.820487,3407.837833,-1048.702975
Solomon Islands,Honiara,26.7,26.6,26.6,26.5,26.6,26.4,26.1,26.2,26.5,26.5,26.7,26.8,26.5,-9.43779755,159.9624175,-5904.3346,2153.389032,-1044.695939
United States,Honolulu,22.9,22.9,23.7,24.6,25.6,26.8,27.4,27.8,27.6,26.8,25.4,23.8,25.4,21.304547,-157.855676,-5497.79373,-2237.378447,2314.744648
Vanuatu,Port Vila,26.4,26.5,26.3,25.3,24.1,23,22.1,22,22.7,23.4,24.6,25.7,24.3,-17.7414972,168.3150163,-5942.248083,1228.956351,-1941.389968
Argentina,Bariloche,15,14.8,11.9,7.9,4.9,2.9,2.1,3,5.1,8,10.8,13.5,8.3,-41.1334421,-71.3098425,1537.682879,-4545.459407,-4190.939172
Argentina,Buenos Aires,24.9,23.6,21.9,17.9,14.5,11.7,11,12.8,14.6,17.9,20.7,23.3,17.9,-34.609023,-58.3812732,2749.048858,-4465.244347,-3618.558317
Argentina,Comodoro Rivadavia,19.7,18.8,16.3,13.1,9.6,6.9,6.6,7.9,10.1,13,15.9,18.2,13,-45.8632024,-67.4752615,1699.582112,-4098.148527,-4572.334229
Argentina,Mar del Plata,20.4,19.8,18.2,14.5,11.2,8.4,7.5,8.8,10.4,13.3,15.9,18.5,13.9,-37.9977225,-57.5482703,2693.983337,-4236.578952,-3922.179695
Argentina,Mendoza,25.5,24,21.3,16.2,11.8,8.4,7.9,10.6,13.9,18.8,22.2,24.9,17.1,-34.78709305,-68.43818677,1922.917563,-4866.20849,-3634.837545
Argentina,Resistencia,26.8,25.9,24.6,21.2,17.6,15.4,14.8,16.7,18.5,21.8,23.6,25.8,21.1,-27.4510993,-58.9865196,2912.987548,-4845.442731,-2936.976214
Argentina,Rosario,24.6,23.2,21.4,17.3,13.8,10.7,10,12.1,14.5,18.1,21,23.4,17.5,-32.9593609,-60.6617024,2619.172937,-4660.009994,-3466.104583
Argentina,Salta,21.4,20.3,19.5,16.6,13.1,10.6,10.1,12.7,15.1,19.1,20.5,21.5,16.7,-25.1076701,-64.3494964,2497.294981,-5200.487925,-2703.346836
Argentina,San Juan,27.1,25.5,22.8,17.2,12.2,8.3,7.7,10.6,14.4,19.8,23.4,26.3,17.9,-31.5370909,-68.5251802,1987.886427,-5053.054909,-3332.354219
Argentina,Santiago del Estero,26.7,25.5,23.8,19.8,16.1,12.7,12.2,15.3,18.5,22.7,24.8,26.5,20.4,-27.6431016,-63.5408542,2514.640656,-5052.60785,-2955.905494
Argentina,Ushuaia,9.6,9.3,7.7,5.7,3.2,1.7,1.3,2.2,4.1,6.2,7.8,9.1,5.7,-54.8069332,-68.3073246,1357.207501,-3411.781362,-5206.474502
Argentina,Viedma,22.1,20.8,18.3,13.8,9.9,7.2,6.6,8.2,10.5,14.3,17.7,20.6,14.2,-40.8084274,-62.994722,2189.6302,-4296.412769,-4163.651991
Bolivia,La Paz,9.3,9,8.9,8.8,8.2,7.3,6.8,8.2,8.7,10,10.5,9.7,8.8,-16.4955455,-68.1336229,2275.174234,-5669.284773,-1808.986835
Bolivia,Santa Cruz de la Sierra,26.8,26.6,26.2,24.7,22.8,20.4,21.1,23,25.2,26.4,27.1,27,24.8,-17.7834936,-63.1820853,2736.976363,-5414.08526,-1945.837142
Bolivia,Sucre,16.2,15.7,15.8,15.5,14.9,13.8,13.9,14.9,16.2,16.9,17.3,16.7,15.6,-19.0477251,-65.2594306,2520.339504,-5469.406609,-2079.211659
Brazil,Belm,25.6,25.4,25.5,25.6,25.8,26,25.7,26,26,26.4,26.5,26.2,25.9,-19.8353404,-44.1970508,4296.674027,-4177.902626,-2161.796233
Brazil,Belo Horizonte,22.8,23,22.9,21.7,19.6,18.5,18,19.7,21.1,21.7,22.2,22.2,21.1,-19.9227318,-43.9450948,4312.625487,-4156.674759,-2170.934673
Brazil,Braslia,21.2,21.3,21.5,20.9,19.6,18.5,18.3,20.3,21.7,21.6,21.1,21,20.6,-14.6639132,-52.3462504,3765.196808,-4879.731262,-1612.810219
Brazil,Curitiba,20.4,20.6,19.6,17.2,14.5,13.1,12.9,14.1,15,16.5,18.2,19.3,16.8,-25.4295963,-49.2712724,3754.189217,-4360.223642,-2735.718209
Brazil,Florianpolis,24.9,25.1,24.5,22.2,19.2,17.2,16.4,17,18.3,20.3,22.2,24,20.9,-13.8544021,-40.0606614,4734.271121,-3981.074266,-1525.570594
Brazil,Fortaleza,27.1,26.9,26.4,26.2,26.2,25.8,25.6,26,26.4,26.9,27.2,27.3,26.6,-3.7304512,-38.5217989,4973.926046,-3959.530103,-414.5142388
Brazil,Goinia,23.8,23.8,24,23.6,22.2,20.9,20.9,23,24.5,24.6,24.1,23.5,23.2,-30.0135108,-51.0480271,3468.174667,-4290.187066,-3186.800969
Brazil,Manaus,26.1,25.9,26,26.2,26.2,26.4,26.5,27.3,27.7,27.7,27.2,26.6,26.7,-3.1316333,-59.9825041,3182.425118,-5508.236895,-348.0483801
Brazil,Porto Alegre,24.6,24.6,23.1,19.9,16.9,14.3,14.4,15.2,16.8,19.1,21.2,23.3,19.5,-30.0324999,-51.2303767,3453.841615,-4300.37943,-3188.629151
Brazil,Recife,26.5,26.5,26.4,25.9,25.2,24.5,23.9,23.9,24.6,25.5,26.1,26.4,25.5,-8.0584933,-34.8848193,5174.547407,-3607.776419,-893.1122232
Brazil,Rio de Janeiro,26.3,26.6,26,24.4,22.8,21.8,21.3,21.8,22.2,22.9,24,25.3,23.8,-22.9110137,-43.2093727,4277.219051,-4017.892939,-2480.236786
Brazil,Salvador,26.4,26.5,26.6,26.2,25.2,24.3,23.7,23.6,24.3,25.1,25.5,25.9,25.3,-12.9822499,-38.4812772,4859.815651,-3863.07973,-1431.239964
Brazil,So Joaquim,16.8,17.1,15.9,13.2,11.4,9.7,9.8,10.7,12,12.8,14.4,16,13.3,-17.060567,-55.202607,3475.786254,-5001.486603,-1869.139556
Brazil,So Paulo,22.1,22.4,21.8,19.7,17.4,16.3,15.8,17.1,17.9,19,20.2,21.1,19.2,-14.0256322,-42.4494767,4560.838855,-4171.846151,-1544.049751
Chile,Antofagasta,20.2,20,19.1,17.1,15.5,14.2,13.7,14,14.7,15.8,17.3,18.9,16.7,-23.6041314,-69.0842783,2084.119681,-5453.279505,-2551.044648
Chile,La Serena,17.1,16.9,15.6,13.7,12.3,10.9,10.7,10.9,11.6,12.9,14.6,16.1,13.6,-29.902631,-71.2520253,1775.078164,-5229.818984,-3176.119001
Chile,Puerto Montt,17.3,19.9,14.5,10.5,8,4.9,1.5,3,8.2,9.7,13.5,15.3,10.5,-41.471798,-72.9395915,1400.499595,-4563.613333,-4219.203151
Chile,Punta Arenas,10.8,10.3,8.5,6.2,3.7,1.5,1.4,2.3,4.2,6.4,8.4,9.9,6.1,-53.1625688,-70.907822,1249.385137,-3609.60264,-5098.965244
Chile,Santiago,21.2,20.3,18.2,14.4,10.9,9,8.2,9.8,12,15,17.7,20.1,14.7,-33.4377756,-70.6504502,1761.519235,-5016.198442,-3510.618774
Colombia,Barranquilla,26.5,26.7,27,27.5,28.1,28.1,27.9,27.9,27.6,27.2,27.4,26.9,27.4,10.9938599,-74.7926118,1640.529545,-6035.075993,1214.973899
Colombia,Cali,23.9,23.8,24.1,24,24.1,23.7,23.8,23.9,24.1,24.1,24,23.8,23.9,3.4519238,-76.5328732,1481.033867,-6184.579813,383.6042506
Colombia,Valledupar,30.4,30.5,30.3,30.2,29.7,29.8,29.9,29.8,29.3,28.8,29,29.7,29.8,10.4651733,-73.2529512,1805.246827,-5999.298228,1157.214613
Ecuador,Guayaquil,27.1,27.3,28,27.8,26.9,25.7,25,25.2,25.5,25.6,26.2,27.1,26.5,-2.1900563,-79.8868741,1117.88116,-6267.432334,-243.463854
Ecuador,Quito,14.2,14,14.3,14.3,14.5,14.5,14.6,15,14.8,14.3,14.3,14.4,14.4,-0.2201641,-78.5123274,1268.820487,-6243.327338,-24.4810707
Falkland Islands,Stanley,9.5,8.9,8.1,6.1,3.9,2.2,1.9,2.2,3.9,5.3,7,8.1,5.6,-51.6930616,-57.856525,2101.146526,-3343.875494,-4999.332051
French Guiana,Cayenne,26.2,26.3,26.5,26.8,26.7,26.6,26.6,27,27.2,27.3,27,26.6,26.7,4.9371544,-52.3258736,3879.314977,-5023.934247,548.3073844
Guyana,Georgetown,26.1,26.4,26.7,27,26.8,26.5,26.6,27,27.5,27.6,27.2,26.4,26.8,6.8137426,-58.1624465,3337.046653,-5374.236938,755.8690183
Peru,Cusco,12.9,12.7,12.8,12.7,12,11.4,10.8,11.5,12.7,13.6,13.6,13.2,12.5,-13.5170887,-71.9785356,1916.420373,-5890.625747,-1489.128022
Peru,Lima,22.1,22.7,22.2,20.6,18.8,17.5,16.7,16.2,16.4,17.3,18.7,20.7,19.2,-12.0621065,-77.0365256,1397.651021,-6071.547923,-1331.359619
Peru,Piura,26.8,27.8,27.8,26.6,24.5,22.9,21.8,21.9,22.3,22.9,23.6,25.2,24.5,-5.1971376,-80.6267237,1033.352229,-6260.093935,-577.1031933
Suriname,Paramaribo,26,26,26.2,26.7,26.5,26.5,26.7,27.4,27.8,27.9,27.3,26.4,26.8,5.8247628,-55.1703941,3619.931975,-5202.661051,646.5690109
Uruguay,Montevideo,23,22.5,20.6,17.2,14,11.1,10.9,11.7,13.4,16,18.6,21.3,16.7,-34.9058916,-56.1913095,2907.198938,-4341.297344,-3645.678635
Venezuela,Caracas,20.2,20.8,21.7,22.7,23.2,22.6,22.2,22.3,22.7,22.4,22,20.7,22,10.5060934,-66.9146008,2456.207211,-5762.565958,1161.688736
Venezuela,Maracaibo,27.7,28,28.6,29,29.1,29.3,29.5,29.6,29.1,28.3,28.3,27.9,28.7,10.6498095,-71.6443596,1971.7603,-5942.687697,1177.397661