sklearn_dt,sklearn_rf,product_dt,product_rf,tangent_dt,tangent_rf,knn,perceptron,svm,curvature,seed
55.593060638210815,45.807005060799725,41.752235,40.023304,46.163599415699196,41.257754220261184,37.984093,7.985943591078076e+23,1465767.1796189756,-4.0,0
77.37783573085744,71.9628236674877,55.466515,54.130795,45.23768362910964,50.27508651000448,49.37912,7.865583940488017e+22,4019785.549577026,-4.0,1
38.54860430401514,36.111646941888765,41.834053,39.00265,38.73212361364764,35.34239884969755,36.827545,8.366328033531262e+23,344532.6473937253,-4.0,2
40.99560097571349,36.82390719493901,28.76739,28.73636,28.97594485340202,27.511377733214175,26.957367,2.456229561252697e+20,1769.0169395098933,-4.0,3
35.58979498833106,35.40067994898369,36.25656,34.850117,36.20991330775589,34.02572672897773,36.08827,1.3464249446301825e+20,529.9046068421148,-4.0,4
23.98772395975205,19.987778492555556,20.555918,20.619812,22.70173832454809,21.447621513786842,20.201723,6.407049835780653e+18,2399.457558810267,-4.0,5
45.25106538500909,41.163893114833705,33.902966,33.232433,39.52761945547807,36.16504240790427,29.162003,1.1251513981373666e+26,70866899547.67767,-4.0,6
50.43063830306223,48.86306862197668,55.20467,51.424435,49.27325127395518,45.19678528344509,52.64941,2.8191219431608906e+21,282280.5929515204,-4.0,7
39.6945688810905,33.20439012009905,32.008602,28.889969,30.582712910495832,26.626701030616978,27.830755,5.325486535339142e+19,937.3510586553197,-4.0,8
59.87876240295982,51.16737813811332,25.57432,22.358452,52.190010190540995,39.701056175329555,21.431007,1.8515974649393168e+22,9302030.353736972,-4.0,9
41.14190261631949,41.06269937763114,43.096924,41.944386,47.20051946055204,41.97039739143982,43.337643,4.560787607868524e+23,333593.7816305866,-4.0,10
46.22940386783302,41.192475008702026,39.040394,38.31466,38.23006428807372,38.38716221131361,42.062786,2.1303610630462413e+20,962.76206623035,-4.0,11
30.20257236818413,28.05474364886979,29.483027,27.764929,24.07075396399188,23.845221287201706,25.95363,5.340185009590924e+23,86596.73454976486,-4.0,12
24.262012024442043,20.882907004894754,20.253113,19.795204,19.258822449239883,18.872511029485963,17.937979,5.55368795482787e+21,503520.6826617707,-4.0,13
38.82977101881829,35.24320431167702,30.530169,27.257547,36.79285080854619,34.06606607969618,29.536612,7.117167719674447e+21,24761.1470764576,-4.0,14
40.02816984981961,39.85774195289115,41.169006,38.66747,40.90882381470622,37.38195245795269,33.755043,3.4686973828312564e+19,55396.4761642527,-4.0,15
39.68333851867167,37.296200043701695,31.983978,30.941692,30.150657674588246,29.328823453624732,27.269037,1.5211329505680805e+22,251431.07309008425,-4.0,16
27.054471253761356,24.971886758552905,27.57146,24.413553,27.087603384022785,23.195546449239238,22.294762,1.159379287203899e+19,963.5329558992793,-4.0,17
31.461567565422843,26.927875507079168,27.448063,26.144766,27.656360085796102,25.880673306414177,25.378454,1.709745825346712e+21,97418.03213020711,-4.0,18
26.621357139986326,25.86109097784725,28.368729,27.723845,27.644378956312956,25.182891016094015,26.212612,1.6674523125258607e+19,360.0361012553359,-4.0,19
44.31765350119785,39.68606245021698,40.131237,37.440445,34.17440794196212,34.93530504611372,32.766613,1.0719168859130232e+21,3062.6379540544267,-4.0,20
38.0473392186,34.81854313639521,41.168175,35.62085,35.60767152507131,34.05048742407196,36.20603,6.900898212731748e+20,540.7448923611638,-4.0,21
52.994912945452946,44.417821054534215,33.79945,32.70957,44.34104092327037,39.23506429469335,31.615232,8.761962598757187e+22,96188.75175977893,-4.0,22
27.502973276116364,27.851114845700774,29.782482,28.79486,29.213445291655532,28.059335483303304,26.648676,1.8787193304637206e+23,84234.71368171327,-4.0,23
30.675387404910715,29.973497760590547,22.869045,21.84691,30.430672466106543,25.47391615542262,21.228771,3.043424767482267e+20,21340.878983470724,-4.0,24
30.698340460218912,26.723980848855398,24.198404,23.821999,23.73467528397127,23.394737565575006,21.99105,3.943956395179462e+20,1759.4052556420647,-4.0,25
32.458832970018655,29.724349341058765,36.259823,34.03451,25.79219856183654,23.301949583949266,31.607416,3.3447367558039074e+23,3516253.446478996,-4.0,26
38.85221449350897,32.252770261768596,27.935171,25.77943,28.35035349782273,26.157035078478224,24.445982,2.3998124291347933e+20,1157.7888339622252,-4.0,27
35.42479094471611,35.71378913605393,29.792727,27.869629,33.64600971588611,31.329125724380326,27.859896,2.645026126304523e+20,558567.9710734932,-4.0,28
38.06497882873735,37.079569759933364,38.04328,37.97064,36.012656596504065,34.09101123515097,36.69754,5.070041772054462e+21,65662.09192362695,-4.0,29
41.68104555157351,36.492155079549164,21.363886,21.199125,29.635672827994547,25.767536061029567,16.76284,1.4099524498257998e+19,48.06357052437123,-4.0,30
35.05198899511621,34.47889627904083,36.778614,36.7071,32.29041369349015,32.1792301394593,35.844887,5.1368478261524306e+23,4958780.160424082,-4.0,31
34.17299417277016,31.90774566718813,31.553963,31.071415,32.387233298798556,31.954242655639238,30.403145,1.8710356367217187e+20,6368.815694321998,-4.0,32
27.398800530162553,24.303383240684884,24.662025,22.645308,24.469493933990176,22.52468049891386,23.43738,3.538359655272249e+20,494.6930524757693,-4.0,33
46.07875417348037,45.675032455474636,36.893227,36.35626,34.272693286110936,32.18822006774551,35.998016,3.3774100449526536e+23,9613.106146848946,-4.0,34
53.14477218262016,48.98161925870467,46.20421,42.676746,44.67003771281114,48.70415020524692,41.41304,2.5882917803626217e+23,2079345.0316255386,-4.0,35
26.527177187168725,26.432585102674626,38.000134,35.15188,33.73580690432414,28.463816133286052,36.131447,1.3524951101850178e+22,805307438.6531179,-4.0,36
62.68074378667691,51.72768389175618,34.486736,33.466965,51.53077465957855,48.11123307853467,31.871569,2.0465872606744643e+21,2522.299379293495,-4.0,37
28.343429552500407,26.24079488896543,21.533333,20.615528,23.198381726865605,22.08023269813472,20.867386,5.296378098758594e+21,2067750.0293560792,-4.0,38
38.60309020983201,33.43327097845961,40.211624,37.27245,29.566873744681484,29.578822373932333,36.525715,8.732493094658475e+21,3088.501819677683,-4.0,39
34.241011425478206,33.96404395822318,31.184963,29.563932,27.257530424808678,26.229753686283264,25.264715,5.7890271275238154e+19,158.0073034453994,-4.0,40
22.93199998839762,23.162318651924725,25.937727,24.880087,23.297267703889656,22.292116956692016,22.970173,1.3184062831106419e+19,45.012185444011635,-4.0,41
48.4293653026924,45.95820099274285,50.28696,45.434483,44.85735820233072,39.80673371054793,37.8745,4.587008996486387e+22,809156.1933819789,-4.0,42
31.191096877007425,25.081799812845244,27.855299,25.279825,25.243307652067067,22.78618092966505,22.424519,5.368257225663812e+19,5190.302638704627,-4.0,43
30.69789142889552,26.110850124261898,30.722704,28.77352,29.014789014977893,25.894654718670175,26.135967,1.528417848448648e+20,1699.422437138563,-4.0,44
72.38027353531739,63.575771442818734,59.414127,57.07181,60.2020144621121,54.41821397684968,59.907646,1.0765943884456008e+21,49005.87863164803,-4.0,45
27.651779745657816,26.428942528850143,23.173145,21.762226,23.821392336626083,21.40508674121652,21.438107,3.8058725703702804e+18,35.75805449546325,-4.0,46
52.05589278054627,48.165635136988655,48.413975,45.410698,48.538508401194676,43.286866223821264,45.183266,9.209449641868062e+24,1613293400.707879,-4.0,47
21.47421658461526,19.867772261837747,21.8508,20.694675,20.077407968044813,18.208365228235955,20.09483,2.4485937371717813e+23,60541.455226770275,-4.0,48
35.77004194128615,38.36992183424957,45.446476,41.32838,34.85132263490098,34.09623882164286,40.62483,5.318715868756809e+21,1569870.2124737736,-4.0,49
36.58619852852154,29.22798930702644,34.84486,31.943518,33.67049071811031,30.142486596467787,32.200157,7.828738534744536e+16,38.03053612317426,-2.0,50
42.26744537880392,42.02015480255411,44.221752,41.330616,42.803103805254075,40.09847681991227,42.239178,7.449586565083107e+16,52.797170318418125,-2.0,51
42.808282668681215,42.681819885732466,39.568886,35.343067,45.24898382213293,40.15675255058209,35.145203,8.636733192843582e+16,44.67155317873516,-2.0,52
44.485074281760106,42.590963832912344,35.399586,33.451447,46.57394038451264,40.452809825685904,33.216755,7.0874802332578536e+16,52.60402626688866,-2.0,53
30.417497687713112,28.205633494159837,34.98326,32.406418,26.620051466507274,27.077210315943258,30.283531,3.057578997373259e+21,2295.432995112953,-2.0,54
29.36946225117536,25.532198465944756,27.492643,25.450869,24.473940792429804,23.41894383562846,22.866503,7.112722372422214e+17,32.99341551297274,-2.0,55
26.662965847664704,25.462735420345425,24.698048,23.52107,25.229298949772335,24.78692520567411,23.390106,1.3561702788563502e+17,42.29137279536701,-2.0,56
51.30938018124674,40.94259330176216,48.87237,42.535633,41.52120323994235,37.83228124483993,37.332466,3.8038659754921243e+21,23617.050572591306,-2.0,57
36.09212519307091,35.61479583413345,41.240578,39.508125,41.693058907739605,34.87782524942066,34.8666,2.2864401967246712e+18,42.89319732086329,-2.0,58
36.350162471988035,34.634078219856924,35.61565,35.49256,32.19524270640112,29.8239323610991,27.51018,1.3335520077167818e+16,48.39874735390535,-2.0,59
57.87478988932716,49.451861521603625,33.962646,34.21163,42.44969537382898,40.893928495118274,29.301722,1.7004592181783395e+17,62.74348027965963,-2.0,60
39.736726661719615,36.06821977064483,35.558296,34.38891,38.07643246455553,31.629711366539585,31.837782,5.135491474586931e+16,46.91128727124175,-2.0,61
22.632408244185854,21.012560905083514,26.574373,22.97468,21.741320980412034,21.625995686551434,22.945606,7580529863309048.0,27.95985147468861,-2.0,62
70.38597151797998,65.91478502791907,66.495056,65.938995,68.58193312690875,66.54086721240945,66.31128,5.839552025048296e+17,75.71030094293226,-2.0,63
35.77946149048768,35.27094426579353,39.648033,39.57425,35.47966206703443,34.272016082713556,37.452866,2.089139782630974e+19,52.254653321868055,-2.0,64
45.599525074372444,39.179165095435636,33.98771,33.163666,31.44977618279698,31.632691899822692,31.261387,2.618256142292822e+19,68.64219890534467,-2.0,65
29.640735508491655,29.581399622251432,30.678888,29.404863,36.197272094502935,28.91130053049808,29.198565,9.615299307997971e+16,39.14341025159953,-2.0,66
32.25461907951405,31.133905826129606,31.760847,30.047829,34.281575149492014,30.863742375784923,27.858204,8.295525297471555e+17,42.778125372157966,-2.0,67
35.637403475950805,34.897382364963825,30.238052,31.59879,36.09828403652996,34.7008526663252,31.127375,6.948561393656849e+19,2237.1304924979686,-2.0,68
35.91472771720997,33.31011966608605,39.183247,36.604992,36.79615360386487,32.47428435586912,34.88159,5650008105067909.0,46.49276618390066,-2.0,69
46.229788993625085,44.116245493706316,48.73845,45.069614,45.94684637730369,40.97127612213965,46.441418,2.6209869016892314e+18,57.335727885216244,-2.0,70
32.97024324847098,28.853551731562423,28.623285,27.357021,30.526649345788087,28.278698546538084,23.846106,3.39061613996831e+17,42.306105487255216,-2.0,71
45.52622080491454,39.648673691067636,42.027527,40.442192,36.159728395233685,33.86037246964129,35.228184,1.0765236068712034e+17,47.15712668935904,-2.0,72
58.57265835987593,49.31067141824879,53.135666,43.05505,52.48359079224717,43.10915841892575,37.556698,1.068367321385513e+17,50.164169899688744,-2.0,73
41.05629369997888,34.11824745699862,34.425507,30.599789,35.22695930914267,30.893896216809686,29.179274,8.167176891453679e+17,45.0293624410559,-2.0,74
35.84204024440994,35.81395678691452,35.568798,33.55532,35.89034602284433,33.39530469490526,33.068558,2.788157021673996e+20,726.6919917592508,-2.0,75
49.098660907318596,43.95948264125945,43.513084,40.429012,41.82614209413829,37.4191133012477,41.35313,7.324615896976438e+18,82.23115077695769,-2.0,76
32.788910783271525,30.26676118976691,25.355185,24.25994,31.34503315690108,30.030929231951582,25.94764,1.0484484239120449e+18,49.35170382410515,-2.0,77
42.01321329257101,38.2871316344265,42.25225,39.577198,37.430592748290586,37.036329488856694,40.645565,1.5851462995912138e+17,57.084174518035134,-2.0,78
35.150675958034626,36.627120936999674,35.72912,34.77334,37.935083398526395,36.30286642649009,36.233368,3.052925916559894e+18,981.4067875283682,-2.0,79
35.070380163684575,34.50538845388299,32.728233,31.341597,33.02018280695675,33.64778303266178,31.692356,8.14502680791764e+17,149.90526040509405,-2.0,80
44.123624127509316,43.804060276281014,55.495403,47.754753,40.75496359042227,42.19251587228367,39.441998,3.0544437540213576e+18,65.14406761265923,-2.0,81
51.276330684994576,39.330853733151805,42.826107,39.174156,38.36934202937909,37.451146750312496,35.79829,1.8755992726819864e+16,63.221118893267956,-2.0,82
38.52142260253991,34.11142147552335,31.901735,31.133266,30.51298643779905,29.440587202193115,29.236544,5.995686857164309e+19,254.19228050333385,-2.0,83
27.08711059929966,26.348916656504517,24.48374,23.469486,25.410935357521936,24.349804738448267,23.087242,3.3339318120128415e+18,217.8417139438983,-2.0,84
20.807121186513843,19.51467699180868,19.635492,18.949102,19.655702164735796,19.551220987589872,18.588326,5.7063206399276883e+17,29.083683639930097,-2.0,85
30.55088390825039,31.579575947718467,31.057684,27.497707,28.501796982162197,27.78763868546113,26.729408,2.139325682810686e+16,45.206164886828496,-2.0,86
31.004330398463416,27.86935269342844,27.77571,24.887785,30.444242867630127,27.614715296489504,25.066387,2259642030783761.5,32.50248964616365,-2.0,87
36.57406617366198,36.96231817095031,32.16803,29.743717,30.96978288535387,30.019589164552126,31.233248,1.228575909241379e+19,69.84537252667128,-2.0,88
35.905270538813184,34.082347956694555,35.717926,33.670307,37.73883586621403,32.11597815051347,33.356857,794850393472551.2,35.46723527299748,-2.0,89
22.839708766047337,23.57355889975989,23.055573,23.756826,20.869331287849597,21.829340987900935,23.51836,5.167145497965279e+16,25.471562638631326,-2.0,90
37.81086124482661,33.04604810887391,30.531933,28.65564,30.23436487000497,28.407519999865897,27.368265,1.3280714400255037e+18,48.90617539166585,-2.0,91
29.630290497176,31.093263606791705,25.54651,25.244703,28.181310492532898,26.36008503478752,28.502384,3.2823154704235846e+17,36.4805183040064,-2.0,92
29.501587461758298,29.234244780427446,25.065117,22.42301,23.971171733667436,23.70019903645627,24.646769,1.6250397638878976e+17,36.13559032964005,-2.0,93
41.24891640970064,39.189786074494805,37.181248,36.868073,37.16727909150663,35.44839253260088,37.571373,1.373483360158443e+16,46.997742842187,-2.0,94
32.460035753259184,28.74851780353633,28.967365,25.831026,33.99184975764135,28.674299466508547,22.43118,1.3378466425909906e+18,42.32486417449225,-2.0,95
38.165255500635325,32.99923886383937,26.715063,24.398737,33.04782160342577,29.587862019672354,23.31572,5.028473457453874e+18,166.71665697492875,-2.0,96
31.196164262186684,28.856375288354805,26.904856,25.636463,29.593617977536965,24.747681555335575,24.70077,2.289262164015524e+16,34.91317208533382,-2.0,97
35.75003384808451,33.99827930702311,33.435665,32.822746,39.58857271055427,33.251043780837016,32.307423,3.5779857943598424e+16,53.523609220524854,-2.0,98
25.112863001109165,22.778426186079994,25.363186,24.103086,22.167696187445376,22.49375645109024,21.32286,1.0726819903531893e+17,44.758101112359675,-2.0,99
38.24217290717458,35.174580654359154,33.061222,32.406948,34.77985607290783,32.75993616871711,31.35913,7917368175612377.0,39.097437161974675,-1.0,100
41.581197501938924,41.05333091377158,44.65422,39.36307,41.18619425181841,39.48488928641096,38.013577,8516148801435451.0,62.20219816423027,-1.0,101
39.86105766341883,36.85819692992869,40.110928,38.755653,39.05393152954377,36.7988180358671,37.325733,45375397874218.1,41.7707195418819,-1.0,102
31.62799262828035,27.948489442271065,27.288023,26.968239,27.32038289530519,26.514963447190805,25.323854,675661945903221.4,31.776009925522718,-1.0,103
35.11592579994964,34.04026111209904,34.97036,34.177723,35.323240694748804,34.014603843447325,33.506855,917340563814438.6,36.6617259196207,-1.0,104
41.632905084615295,36.722460080776415,41.4889,40.18704,36.189127005196795,35.334258671536375,40.14359,55575749885994.86,53.01792262591284,-1.0,105
40.28837077555502,38.818285031892785,41.617096,37.619106,39.41314505079122,38.73045212815747,37.321007,979660152090617.9,42.20963881658145,-1.0,106
34.72997918103587,33.104741286217994,30.820011,28.486286,33.8244296859338,31.896172820314366,28.36083,7489172872840721.0,41.074138796108805,-1.0,107
31.850589262577035,29.82103063627049,30.40472,29.274296,30.780381673642836,29.65735449201192,29.099789,546040990919942.3,41.097345679409386,-1.0,108
51.27311712029615,45.7497655812355,47.900127,46.34397,53.04711555904217,43.36632949382835,42.39581,124452557101165.55,51.51846648696571,-1.0,109
39.82077570930757,37.56982953182568,37.346947,36.927338,37.604776979265466,34.000495761997705,35.59836,7552336728068388.0,44.32253657216655,-1.0,110
34.682276097638336,32.11303163529597,31.068123,29.740711,31.401110714861424,32.34132544492145,29.28022,5285160837707029.0,40.808658385218685,-1.0,111
38.7136721303343,29.083408846565423,26.14411,25.056108,35.513354450349155,30.019324010922695,22.903362,482788103100031.2,32.324946740141506,-1.0,112
38.42802695962178,36.2887094994615,36.920204,35.09382,37.90640453364251,35.75926734267695,34.321632,17926777337541.68,40.26057378717031,-1.0,113
34.19190901594119,35.725944144237914,35.579216,33.588295,35.76196797438096,33.53425562388756,34.87762,25728125974915.344,41.11106461381919,-1.0,114
35.22026882347982,30.79385630493815,30.052443,27.740204,29.121095739904113,27.273346684762885,27.594091,8107435571868729.0,35.697336183498024,-1.0,115
50.30562846960459,41.77161284730385,52.90678,49.87418,42.81519198082034,42.864134675961,52.45541,4.455964545379375e+17,82.04196009378049,-1.0,116
33.64029253708862,30.43457000505457,30.555859,32.214523,29.232672337215426,29.13912754060585,30.490234,392083338581867.44,38.331335464375876,-1.0,117
32.33385836751236,29.810839905345926,29.932724,28.702284,28.86943023091713,28.293447294850726,28.153269,6105340968202788.0,32.78407664304934,-1.0,118
22.75898643486823,22.23979162285269,22.954922,21.144892,19.850792527124245,18.615742059334593,19.594225,1.947925749161373e+16,35.94991329701592,-1.0,119
21.471491277899087,19.95863670809976,21.652618,19.765358,22.131185930701417,19.514811707745018,20.491335,60103785983322.43,30.53971678161884,-1.0,120
41.372907816593596,42.16549470938889,49.976475,47.133,41.40792023627671,38.72938916945214,48.721066,1.4483418028317932e+16,58.20492764313313,-1.0,121
47.7755744391458,42.53248272439709,40.16348,38.9829,37.30289583415326,37.721612570504284,37.989174,601831356904056.6,48.356411660179546,-1.0,122
34.25662542188897,28.603928981935564,33.44599,28.843834,30.69716445111,25.942347117581846,29.016523,305362487173228.0,47.98407526877888,-1.0,123
26.813097360087323,26.331910279851417,28.045666,26.572104,27.365576081356977,25.489099261015166,26.695398,16934920752633.139,31.84976946335644,-1.0,124
24.135635392691853,24.65541500015589,25.71301,24.242807,21.569040889527106,21.934604454224313,24.168713,193212326370087.4,36.644950534654825,-1.0,125
23.485471107831515,23.86867550522393,23.149485,19.869387,23.68225067350655,20.942412523759277,22.049583,491174262947445.5,32.630767140829505,-1.0,126
16.684617905445077,14.505891509944624,15.243535,14.21632,15.210843805516298,14.281829504351627,14.677673,52671038212054.43,19.271136226403414,-1.0,127
38.438122004839954,35.820995966220664,41.420063,35.447826,38.52890734918872,34.868740287110604,35.974354,36491672049514.22,40.549641050893406,-1.0,128
47.83566885548301,47.580685303954276,54.438244,48.905994,50.981671129253634,47.20022154189283,50.2321,1724236771532677.8,52.798509790476594,-1.0,129
23.66693131478544,24.07343017193401,22.644161,22.040432,24.540863300747645,23.389314341647122,24.141602,6655869584971110.0,26.67986964841737,-1.0,130
43.72884010332,42.778362472772024,42.41445,42.17661,42.28660561530849,40.12971267217038,42.635525,10540165350527.34,48.78469833114533,-1.0,131
26.505533422737283,23.97607244744302,29.004416,26.520742,26.259357073910536,21.99158895746592,23.481228,4488418446376387.0,33.70594667105589,-1.0,132
41.027812968704396,36.693610042146084,33.845535,34.43458,39.666178764670555,35.34629050779459,34.952847,1249203887587074.5,39.02056140242607,-1.0,133
40.334812993057604,35.670469667067984,37.99845,36.210712,36.31185369741223,36.482051105813575,35.729248,141072013304618.44,43.4278695318088,-1.0,134
40.420922481159835,38.06158050768232,35.673515,35.616707,39.36615136477696,36.76290996277431,38.0966,311054400022513.94,39.30003228593106,-1.0,135
33.156508808880105,33.17309514724746,35.048756,32.869797,32.09625089536127,31.649318472179747,34.7651,2610442241362304.0,35.30561874961438,-1.0,136
53.36830700947083,44.74147290768774,41.28039,41.092968,51.52688220048264,44.379293291175735,39.305664,198710994686058.22,47.606580045781065,-1.0,137
41.929221335062756,35.32140124129652,37.998272,38.408775,39.082820659782904,35.77100520428233,36.89476,493203547832984.2,58.33405293209854,-1.0,138
19.306269021309735,17.72274243640724,16.056839,15.294133,16.02173216500382,14.995349865570255,15.054225,4229435950242730.5,26.31609290993693,-1.0,139
53.94293448967407,51.097996277502475,54.016647,50.95886,52.04413299503114,49.51683433833287,50.852417,127313458168487.36,55.78728595532895,-1.0,140
50.41572715331116,45.892970539786845,54.500736,47.611256,46.06038484566821,44.41199242372237,45.385662,4815169951052944.0,59.19025642409964,-1.0,141
37.75993167248784,36.71640122176571,33.58239,33.071632,34.4078692874307,31.747803675967685,34.03451,4685891607969005.0,40.967853307756286,-1.0,142
49.171893632787786,44.816200208095864,42.41119,42.594913,40.498171057842605,42.20258073963962,42.15884,9117747930783836.0,52.73892482586568,-1.0,143
38.21776235405066,39.162948939886206,37.322998,37.592606,33.078639538964985,36.049340901544376,35.84589,103251797560919.2,37.48985936413492,-1.0,144
37.66761611594889,35.51080078820062,36.94596,34.425278,34.70862688561399,34.26146115758144,32.78402,2324429054526556.5,41.56956150553017,-1.0,145
18.72629386089885,19.882990830223022,20.959345,19.890682,20.186655846514505,19.613066630412696,18.674578,266620492935353.16,28.162018293322614,-1.0,146
43.03161378169194,38.49917252060078,41.121304,38.80725,39.347175365314094,37.82609214685035,39.522335,7874072372313302.0,47.03155947835235,-1.0,147
21.200072296673216,20.534363367607718,19.558504,18.636541,20.399026233999347,18.692925604947956,18.81742,21757000200124.258,22.973777207453015,-1.0,148
43.35999072218869,41.44905313991063,49.47317,43.73228,42.178790867292065,39.97861730870027,40.91214,4.3287463923050184e+16,49.728131207788984,-1.0,149
24.816533738252318,22.987897921759775,24.240694,22.51172,28.834621453873858,24.02171941438137,22.166313,35926090889554.78,25.49548978375505,-0.5,150
37.697303628941896,36.16901689966745,34.67145,35.634724,36.79381398435298,36.353450760747165,37.66617,6879182773773.099,36.82772421175511,-0.5,151
40.577968991044095,38.965118957494425,35.003357,35.320595,37.047700033928415,38.2694252973754,37.112076,207617156738478.2,48.84571527953597,-0.5,152
33.72459190221698,30.10469972263088,30.365381,28.65064,31.001689949624684,29.208724379265075,29.818815,178103922228730.53,41.28519581198586,-0.5,153
32.623978744093094,31.58219147090937,31.241127,30.494219,30.64264223517306,29.082869120264906,30.485441,41101908294402.484,33.41904488132503,-0.5,154
36.45419185622151,32.30461795483877,33.229343,37.141167,34.474059906577466,31.91705470082453,31.563208,76217545396225.77,39.76458136915692,-0.5,155
33.95087392631672,33.063230401631756,35.293343,33.152374,34.18964751481146,33.49817259983588,35.99815,7343780263981.328,37.32623683966119,-0.5,156
42.091239163552274,39.86820847176816,41.765656,38.867577,38.644602527171166,39.77890915370259,39.78315,28379855284255.777,39.11271040242269,-0.5,157
32.0950582755703,25.723271517655423,29.1617,28.498932,28.107048470922017,25.645185547667044,24.500984,7675919181905.551,28.42524938774166,-0.5,158
32.22731847977515,31.5402086979984,30.838419,30.257679,30.137664063207815,30.763255956810024,28.539955,54466688517940.64,46.14681881896892,-0.5,159
24.09199039709348,23.3382965302483,27.848015,23.77903,25.553012115757202,23.166263654196378,24.31844,10006103497489.145,29.161578554093225,-0.5,160
21.396748520755253,20.612673341572954,18.858683,18.722095,20.634757850629768,18.83848251812566,18.764229,19263613584519.086,31.610618511673962,-0.5,161
37.11047607820699,32.95409614897812,36.507847,33.08631,32.30762264194185,30.819094201784825,31.885279,23485136666643.785,41.27170726622562,-0.5,162
38.32669145193945,35.10849054851034,35.65402,36.013187,36.13544724093857,34.14668396793786,36.17132,8847160079982.975,46.273279473984225,-0.5,163
24.731211322414794,22.06324947831282,21.269522,22.138248,24.35388369691304,21.909155197727255,22.152506,8589740919335.049,28.678106869528914,-0.5,164
21.521885358500345,21.49770494421172,27.540419,23.601322,23.469712866746228,22.34887245845613,22.185238,16076812464013.746,33.021930090081746,-0.5,165
33.659821540053,32.752968901960294,33.880768,34.493294,34.61115446101191,33.312284666709864,36.057335,87042558171433.33,36.26122861658338,-0.5,166
40.456140364468816,35.75505470729877,39.98596,36.93172,37.501013334608196,35.92685993990856,36.756035,146024983800556.0,56.0629120735518,-0.5,167
54.47049204365005,55.74169052359232,48.42864,51.69761,53.4362805286026,54.38672440156043,57.665497,13476700891241.842,52.67068702264671,-0.5,168
49.50401773942611,38.027584732578326,33.45735,31.845325,30.367645523171408,29.27691891375237,30.504633,15805794856061.7,45.84575463468773,-0.5,169
37.69445639419341,31.867405085294482,31.51007,28.708527,35.88811032770544,29.007285407009114,28.875479,89496900846462.6,41.635748878753816,-0.5,170
39.13818274497304,37.8188844361593,40.923004,42.707462,38.537596927335024,36.43319457997512,38.375923,118804530752520.64,47.19229590686243,-0.5,171
28.191004431955037,26.16983210510627,30.331669,27.35527,27.341699616244107,26.700176050209496,27.13026,3420576528056.7275,41.789044850113505,-0.5,172
39.638074528902905,37.35341926348928,38.29924,36.916153,39.0736183121333,37.93642634408176,38.565136,25775659523133.336,46.61578558339462,-0.5,173
40.076487559099135,39.414663417105274,42.520237,39.65397,42.90357580199637,39.77964704813231,41.33073,16874218116406.848,55.557064830166574,-0.5,174
25.46716550835139,23.062547471700853,23.193626,21.022158,24.78712785987129,21.334279198328435,20.519506,358101449656869.9,38.757310075462634,-0.5,175
27.488964057196,22.315181750123298,23.032806,22.786201,21.872727934035915,22.28785858073778,21.392723,3346151500949.7017,29.276763255416668,-0.5,176
36.349313721672395,34.68530741551082,49.38952,42.30897,35.96742791189578,35.67882168165163,39.047913,161967991785716.4,60.70837166732926,-0.5,177
24.823039953484493,21.928793060411927,26.306469,23.389906,23.376244336197953,21.465671717580683,23.724062,927882372369024.9,37.59590021589772,-0.5,178
30.19027813491617,26.696881765252137,29.438171,27.040098,29.773832475397846,27.987853569932994,27.698336,3023658814494.026,30.512175686489506,-0.5,179
39.4113824353607,37.21161430721116,37.748386,35.71686,40.065139279907946,36.99900404751795,39.912956,5377825404332.628,53.50039833535387,-0.5,180
25.96596527032111,23.197768051761614,24.07287,21.922031,25.020082320592085,24.27135109465394,21.913742,103954796863103.33,35.69505869183342,-0.5,181
34.9587871524944,29.896312944000435,32.467987,30.677881,36.692420152564985,31.116885028983383,29.386946,6749609668791.487,46.514643517416395,-0.5,182
14.94230803036102,14.97517573964472,16.212784,14.436624,13.805886748359203,14.089214530709551,14.769961,101889491612907.98,17.10601959290764,-0.5,183
38.12894050645515,34.60086989766177,36.96441,32.539856,38.61626891579406,33.84264714010095,32.65827,56461033188085.21,47.68055547000368,-0.5,184
41.628109298417336,36.705501758194956,49.142426,40.637737,36.60858910728868,37.91874073038265,38.303722,27956093178250.867,45.44604893735661,-0.5,185
29.07599646746925,28.68293074531576,31.76611,28.755064,32.38663038653888,27.955758576329323,29.418352,2955412750062.0273,30.398547457789295,-0.5,186
18.50866028011557,17.764688275928886,17.823853,16.59034,19.36340396440119,16.45215259913117,16.344725,17705282267678.4,23.804824711316765,-0.5,187
38.546584124985614,36.85151051857933,30.915392,30.338772,37.71875049468142,32.519884402252494,30.925589,11409847297489.56,36.517911340123796,-0.5,188
23.470273520580985,23.279022350289754,22.779377,21.327686,25.59971580461622,23.353693782929962,23.689812,5434544288098.879,37.97463043019439,-0.5,189
26.415822452098084,24.431269566874263,27.131037,25.7696,31.301879693753172,22.046362954989924,20.135529,58338670611669.914,31.190634431350926,-0.5,190
29.83551335011733,27.968278164479255,29.448666,28.576365,25.97335758036539,26.573092182632234,28.435528,29404948411856.84,36.253894678562965,-0.5,191
29.003541980963018,24.57615892477987,26.493103,25.498768,25.64165099808397,23.647906695852974,25.177727,312976242833668.7,33.355067370402104,-0.5,192
37.254146020253,36.70995101492838,37.043255,36.264812,38.71278155487921,37.18486487814182,38.203262,21943399043767.793,39.128474256880004,-0.5,193
35.76450262158022,32.75528259872574,34.768944,33.56634,35.688257033888085,32.35261532894394,33.154743,22881242371596.086,37.85125239830738,-0.5,194
42.28744827407791,38.62990071698026,49.732613,43.352577,37.31785972846837,39.62286075347637,41.24849,3463541545519.9556,51.2596490946012,-0.5,195
31.423247625626033,29.974921816951923,29.692688,28.365234,30.215793494889052,29.428253975215718,26.270355,8441806429012.576,37.251053512765225,-0.5,196
25.209070112965268,21.47904769683533,21.947224,20.704712,22.842909780418466,20.928165910550028,20.698679,38857806679930.25,31.42343639096611,-0.5,197
38.47916125323037,37.23618888776353,32.49731,30.932917,36.09087577085497,33.39714564031466,31.620588,103353902566512.78,44.21963530267884,-0.5,198
33.89321755061029,29.743624617359984,29.714565,29.423151,28.694682430033602,28.993783483138312,32.98847,19048938392447.8,33.19065265959329,-0.5,199
28.669164951327502,25.514874568735788,24.638048,23.572104,26.05988976670751,23.45445968804697,24.140766,4445503281402.792,33.66384229584305,-0.25,200
53.07264454509357,45.08459293426709,46.46457,42.928448,43.96182831220609,42.57829645135056,43.227196,2324198731053.8696,43.408541405487185,-0.25,201
32.77468656575727,30.57214461766327,31.959564,30.095732,34.32259496426114,30.87312632521032,31.705366,1739271255779.5254,35.564678163650235,-0.25,202
47.80078519191418,46.639048039004535,41.659832,42.445614,43.79036795879713,43.750274819007814,41.758083,2278522809216.0493,46.15753777314668,-0.25,203
32.216506268388564,29.54303510583328,30.297035,28.441801,29.857569639336482,28.517139521407156,30.133419,2038324034054.884,38.70378223030541,-0.25,204
25.90237227415421,26.721612705971356,26.930317,25.653454,28.043060906230185,26.003181590810712,27.06547,928768544792.386,29.06282381341233,-0.25,205
35.920324461262624,33.860420559696315,37.355114,33.80595,35.632450126694586,34.04112849705586,36.12547,968786468876.611,38.15106020279111,-0.25,206
32.36211191909694,30.714951847347088,31.335072,29.74033,30.825994137183418,30.418836005623337,31.366327,5581935728219.986,38.12651898679514,-0.25,207
52.28302434967806,45.587597487610935,49.124348,48.84665,51.65896952176583,49.49207608537376,45.616985,1564812780254.6035,55.79790994162816,-0.25,208
46.91924399956222,46.41253800620398,49.42776,44.884407,43.00087978880442,46.313621120533384,44.684765,4403347183829.517,59.670785573417334,-0.25,209
27.69708776774333,25.27862318382619,27.126595,24.813593,26.91321681752218,24.533551336884386,25.856155,7216533071178.86,35.55616029623928,-0.25,210
26.48891361490351,25.214943505592768,26.493141,25.1223,27.242610231370882,25.16210274111262,25.563139,11535256297.859934,27.561881631218267,-0.25,211
27.983658055394194,25.498035769385215,25.500975,24.246737,25.984380641926613,25.1074650167523,24.88475,3162249966151.492,30.632805748444436,-0.25,212
27.58504645315928,29.61006480401755,30.690685,28.502466,30.747230415466802,28.82246634434248,29.877802,23419516026501.8,35.59442675492831,-0.25,213
35.34452384948039,33.992872615742954,37.56704,33.86751,36.093918408024656,34.07753017951697,34.33226,901786845716.7373,56.99071070882841,-0.25,214
35.49707821481695,32.72702426084412,40.643085,33.99612,34.95470560594214,33.33607669724522,33.15908,6816850623215.315,51.43867378916283,-0.25,215
38.6960300865725,40.939813256515635,38.455708,34.89451,40.37990993293903,38.60078975682463,36.683212,5215924160254.82,45.15881815307737,-0.25,216
48.32183733894808,46.11378071966939,46.637894,42.828644,47.09274491667983,47.402800703677094,40.922382,715865113638.387,47.24577031426622,-0.25,217
21.283610192513922,19.850714091630906,20.721577,19.632114,22.343932937317295,19.025022169271864,18.60043,5438868310122.041,22.879473472191666,-0.25,218
46.51935944526387,39.82453083050559,44.241318,40.74501,44.560754916508365,41.36286667082913,42.606262,5060975592161.604,53.16017131077324,-0.25,219
44.10831913238727,40.426838993938695,41.821907,40.057583,42.34925841639492,40.56228578927547,41.238182,4023459671304.5234,47.425209912025714,-0.25,220
42.21561638157302,44.066479455770555,47.427402,42.383137,49.115168614556566,43.481697200628176,42.65329,5437613775673.464,49.51944151602037,-0.25,221
40.520954217163,36.05996756749216,38.429405,36.092033,39.15168923779486,35.5911343888053,36.819176,18509408076697.035,44.993499396161496,-0.25,222
40.52890560180862,37.407756431984325,46.182686,42.70673,42.24612505598387,39.27292493121019,43.149334,20823591850328.086,59.63586060549075,-0.25,223
29.12578023313539,26.613241944072506,31.28877,26.444555,27.74093238364095,25.7030729046841,27.497742,9472783326475.676,37.894480720515155,-0.25,224
31.213387577766312,28.22487301588649,30.174294,29.175467,29.164472829508334,27.322274428795865,30.208008,3915967765838.6494,36.06757689894773,-0.25,225
35.31556679350618,33.686320750121524,36.709568,34.214085,34.06912358502376,33.634557694005,36.127056,3904205715157.7866,49.37475194801963,-0.25,226
41.31364492787573,40.99248581726915,37.54718,39.21086,41.45301884168081,39.34479794921757,39.274624,75494382161913.4,47.58574404411164,-0.25,227
38.98339664471828,37.555559308950514,41.193005,35.837536,45.620154440122086,38.61651979084877,34.083675,6390213608413.021,61.224612956906434,-0.25,228
36.378810775303016,33.7328280273497,34.747765,33.29369,33.624561139829545,32.743045402602874,32.925663,5419629498440.68,42.42410851056885,-0.25,229
27.469456397947543,26.82627843694947,28.396385,26.269512,28.16292980596012,26.586077647632923,25.686136,1224822175968.9246,32.77999580864189,-0.25,230
40.54077927387686,34.894437518637766,35.605194,34.47983,35.55131326732793,34.545217910283974,35.62289,138740026719.12762,38.30622659735741,-0.25,231
19.63975218560485,16.862695716432963,21.470833,18.586714,17.855422382460656,17.340802889170963,15.896664,2491096607152.104,27.976860649616114,-0.25,232
29.072862324503422,26.66797985146176,27.532661,26.688095,29.241137812903197,26.662797063666407,26.29407,2241523933653.0674,31.291279717228797,-0.25,233
27.85270199512648,27.430114285585866,30.699299,28.83436,28.421229722093802,26.858453902907605,30.26092,1201878483465.11,29.369774356806285,-0.25,234
42.39431096338816,39.785805884719906,40.011456,39.052807,41.52687306961026,40.73888701113756,41.09823,6765478729959.181,38.468226649236875,-0.25,235
28.36526943179759,27.998381485655095,24.91561,23.46833,27.09673053589718,27.154750535523466,22.563257,16130662462703.2,51.838200599181505,-0.25,236
41.21339374194745,41.70882187826821,41.337643,38.87636,41.15095086327972,39.254003794837004,40.073246,11016115806050.666,54.91642455657705,-0.25,237
41.108446571691175,35.62565506731186,36.10029,33.879513,38.15525892099929,34.354107279167486,36.728622,617389915608.2269,42.29131461057597,-0.25,238
36.743151988981694,35.86614930542131,41.24131,36.97208,35.757050981670325,35.25797858755081,36.665833,1134193397538.2249,48.5662741156835,-0.25,239
39.733136639879824,35.21962445036555,34.82714,33.725933,42.75410507560527,32.8879113513086,33.431927,13267313309887.244,45.26977815311538,-0.25,240
33.00273058857907,31.36443187273798,34.01205,31.734251,33.036945955701306,31.088011746048412,34.467148,882573863363.4204,41.51086701788609,-0.25,241
42.340733988496844,42.567114974682916,50.087585,44.50232,44.489668456564296,43.653678087134764,45.769,3260252450028.35,61.49558476788832,-0.25,242
29.177194686332715,32.01505903030773,29.527592,26.700264,29.332033603921975,27.71216300696184,27.805439,3427976768470.8057,44.247471415807524,-0.25,243
47.51766729807058,42.35595633760623,42.893024,41.555725,47.852276642428905,41.00207616530742,44.4786,591496639037.5468,60.24678213701874,-0.25,244
31.442712106174657,25.73156020858142,26.161814,24.67664,26.752118996426415,24.66003557113677,23.674685,1315918005363.8262,49.930456594111305,-0.25,245
27.514067091299996,27.78111427865173,34.619747,32.68592,30.221541711839976,32.77526892053188,32.314804,1368133968322.6045,36.16744957318767,-0.25,246
32.17047734299447,29.751539812835162,29.992239,28.860464,29.047113119292007,28.52205598901213,29.50695,1538298176351.076,38.93848639164201,-0.25,247
26.63422926431873,25.210762912944453,26.054785,24.396786,26.766061220808723,26.03043875315089,24.796677,3835029898629.3438,27.847608532991305,-0.25,248
34.725576858634206,32.910060407325076,31.466154,31.540318,32.894896979198016,31.402798829281785,31.97319,20845845750830.105,32.23917019765722,-0.25,249
37.19323272499732,33.71896728249285,37.193233,33.149086,37.19323272499732,34.490538368694686,33.825752,2183216616438.2788,1060.3501230944016,0.0,250
46.55954581319174,40.849697303294214,46.559544,43.48485,46.56717481203365,38.14726958712944,35.743195,10561629511.747572,667.7956389570113,0.0,251
27.84477285434237,25.287664586506764,27.844774,25.449158,27.84477285434237,24.554996133368974,25.136744,1183508521702.2205,621.14984321028,0.0,252
37.78456002454053,36.091118801276124,37.78456,35.714245,37.78456002454053,35.59241958629935,35.23307,1278414352105.022,128.81282933439118,0.0,253
35.67924641996083,33.40534522853964,35.7127,34.92538,35.73571531199493,34.04978856693792,35.506012,3640379063800.0205,217.3699679510206,0.0,254
28.47998794210076,26.085779386168532,28.527117,25.025461,28.527116435548148,26.119689512633528,25.890493,344639868410.178,268.0098124038728,0.0,255
32.669119301613534,29.288878453997103,32.689487,30.579863,32.6894863159868,28.719179073940772,28.178024,4277620333473.2173,137.28427502261712,0.0,256
56.492148109534824,59.832577900429,56.49215,60.22976,56.492148109534824,53.23365413792733,60.48668,91827969578.88013,294.4168434510182,0.0,257
39.213971452786666,40.802093201923924,39.21397,39.98229,39.213971452786666,39.0023875811261,40.94237,3293935176928.0654,235.13549572065168,0.0,258
31.817023984980022,30.916442298595186,31.9348,31.106787,31.814398447923068,31.413590275244804,30.7842,702348597581.2911,85.75799707778347,0.0,259
43.83514717634009,41.62006928817621,43.988388,40.53619,43.85167099435766,41.2319092217529,43.6538,458302049318.2574,123.26924985465007,0.0,260
32.30928152290826,29.4478869473128,32.30928,28.730944,32.30928152290826,29.597600553185742,30.78721,147487159808.51807,118.56184200496983,0.0,261
25.03119239620872,20.510770816127277,25.031193,20.507158,25.03119239620872,20.67737005548845,20.058716,374874145644.3724,857.9129930821414,0.0,262
23.175901926557202,23.888930412978738,23.175901,23.612232,23.175901926557202,24.278922661837598,26.988571,55130007063.96331,729.0396315856806,0.0,263
32.46449588588352,29.01943427229523,32.464497,28.341805,32.46449588588352,26.061295348587045,28.4135,2742313134896.1665,2759.4107597310012,0.0,264
38.51671837507835,37.375144900156435,38.516716,37.36687,38.48225928738095,37.73708259627987,39.946377,2442778528122.419,467.6860531340744,0.0,265
25.199959165712453,24.274470980013103,25.199959,23.759327,25.199959165712453,24.105329882956152,25.074562,2109410198718.696,271.19000105224575,0.0,266
31.350023911652407,26.18353796051193,31.350023,26.635517,31.350023911652407,27.053132131918343,28.432402,2982912572554.9277,58.86699635088634,0.0,267
36.540388929718375,37.71775905449856,36.540386,36.572857,36.540388929718375,37.34026198904977,37.104546,386890408995.3134,89.34004476914593,0.0,268
31.086392895361488,27.946001242572592,31.086391,27.314585,31.086392895361488,27.263863811085855,29.345215,91911784262.71844,540.8590141419834,0.0,269
52.199726964744066,52.82522304199077,52.20739,51.678802,52.20738993900278,52.278136806119996,52.85852,4512646634833.66,1265.91302041563,0.0,270
53.39384492202758,44.69596251670256,53.393845,43.923775,53.278226450932664,44.43916905161348,41.39615,4779072523498.552,1104.081546459071,0.0,271
33.65860366856811,31.2196239196796,33.658604,31.241638,33.65860366856811,31.40022170320635,31.838343,797422503508.2972,167.32897091585124,0.0,272
33.242840613765296,33.42497162883456,33.24284,33.449802,33.242840613765296,34.24775239115878,37.44694,13006431162563.43,847.3029380239577,0.0,273
25.739847633137668,24.42008806295348,25.727026,24.399729,25.7270259817228,24.176328276413106,24.134811,1663105513316.6995,872.3782845917448,0.0,274
28.642715135116177,25.61508284455562,28.642715,25.25589,28.642715135116177,25.276287075870794,26.521475,446781285163.7269,154.27764128842244,0.0,275
30.754565517807777,30.494525994021636,30.754564,29.427782,30.754565517807777,28.345111878528165,27.668165,1012757011397.7218,331.813818871162,0.0,276
27.479930793503694,26.92819689859944,27.479221,27.36135,27.480525399476015,26.922860443722676,27.84741,1927262654347.5874,899.5630262661823,0.0,277
30.410267650629805,28.165721854327366,30.410267,28.696268,30.410267650629805,28.580237603120697,27.943314,3249371338947.128,234.72503803035815,0.0,278
32.88647449418599,31.222912969112176,32.886475,31.007036,32.88647449418599,30.290826184983384,29.14833,683577864712.2317,844.685398967044,0.0,279
32.10956445426997,31.354890548786322,32.109566,31.988472,32.10956445426997,30.307749955692273,30.220451,2608013899467.971,38.859920578530705,0.0,280
28.506569278857018,27.856678926123404,28.506569,26.712597,28.506569278857018,26.776986381704496,28.812576,1358766142117.5054,348.6929850239414,0.0,281
24.737827622520495,22.710175106854752,24.647276,22.921083,24.647276094164962,22.621284704599077,22.300377,2689062254168.303,252.2492777550761,0.0,282
43.62807269511829,39.53618594689552,43.55432,39.6619,43.2497124526604,39.12033106448678,40.546234,584191969597.4038,543.2682059109993,0.0,283
24.84620180051013,24.937296242091133,24.845758,25.974504,24.84620180051013,24.570194372124078,25.732224,2769067038173.3975,388.7100275154857,0.0,284
22.05354688191405,20.32975477646445,22.053547,20.204645,22.05354688191405,20.252963376046218,20.744204,460503971157.3381,1232.209706938681,0.0,285
33.89270614433825,32.615366427258245,34.25168,33.28736,33.89270614433825,32.61984874027329,35.583332,1311999418863.76,136.62689258332261,0.0,286
41.24162687393336,35.45710919098992,41.241627,39.466812,41.24162687393336,37.026014036307906,37.48407,1495398273823.1306,608.1079064132617,0.0,287
60.707475322502745,55.88649401910482,60.642765,56.44149,60.642767613177305,56.357535425416124,59.005653,5351210023683.3125,1136.509549427921,0.0,288
39.43905587167075,41.00083120901516,45.067204,39.29116,45.067201618755846,37.94662783338096,41.34524,86100764645.19244,128.44952299175185,0.0,289
20.731630540888517,18.820238636251283,20.701721,18.522238,20.701721555446337,18.489352475552145,19.32967,234531225145.79608,292.15153541619,0.0,290
20.385116971270204,18.27253078852067,20.385117,18.377121,20.385116971270204,18.82411042000371,19.019655,521308821724.87524,1088.4842744575055,0.0,291
43.041465299729055,40.03083362610998,42.957497,41.52759,42.95061882021833,41.39287048942069,45.057167,688229824289.1249,775.9002922606552,0.0,292
30.117359736375043,29.289549857064134,30.11736,29.36119,30.117359736375043,29.26660763608988,32.141033,2506623130905.1646,820.8124399694441,0.0,293
26.97987004322114,25.743058480728063,26.979872,25.520054,26.97987004322114,25.817334388400376,26.011024,2320616900644.1006,136.45638409254755,0.0,294
30.60480840960658,28.885009506789242,30.604809,27.60228,30.60480840960658,27.71972727733701,29.290607,1900234414418.319,47.98105281994572,0.0,295
23.620643639776013,23.38713874955778,23.432772,23.379549,23.432771502382874,23.241170324864278,24.405794,741670673572.821,1106.5385082859266,0.0,296
48.964487184639715,46.645569390354126,48.032726,46.91197,48.03272675972264,46.35486544904752,46.21586,869994081687.944,603.8926868365443,0.0,297
27.973406358720602,27.616755677809056,27.973408,28.840603,27.973406358720602,28.24073434680927,30.008745,2323776699989.91,927.471764030653,0.0,298
33.32546806688877,31.087883909923082,33.32547,31.632856,33.32546806688877,32.754819986515606,31.551315,2482451980715.109,483.6102716154149,0.0,299
46.677345414824615,39.01369871712809,43.381863,40.050423,50.81375635513577,37.106890529610205,38.75037,79.1569414294578,58.421801238289454,0.25,300
31.339864740093184,27.580823905270474,33.63732,29.896664,30.121411458326175,26.920540304082117,28.092138,43.16023367872014,34.31634142096888,0.25,301
22.790197039408486,22.521933227153106,24.052546,22.49658,23.906047169714725,21.183492412826393,22.427162,30.26454014849921,33.50068202644593,0.25,302
37.31243737430263,35.542159889787875,35.824482,37.618538,35.53871792015638,34.161637517584474,34.638733,48.67748154310175,52.55025872775788,0.25,303
24.138088869924736,21.63956063852436,27.621496,24.20547,25.378628548480574,22.70279421479789,21.591808,30.976311918859835,30.462606156797268,0.25,304
43.27504764303679,41.487362814000235,45.232086,42.295918,44.38009785520888,41.467572795722724,41.826813,58.510318891679994,53.75516448023933,0.25,305
26.701016760636193,28.30459625770354,34.683975,31.901484,29.16483797845305,27.33687141829244,28.870619,39.360824135653495,42.96327332017063,0.25,306
40.438646213222114,41.13148441299587,42.39844,43.232643,45.05014082516291,42.45518337281201,42.773186,55.42375082857374,45.333237515875254,0.25,307
32.731783236945724,31.869998045123616,33.38458,30.59361,32.412630332340306,31.77347314863385,30.413046,38.876303481826646,34.89962834670444,0.25,308
40.47458975034445,37.56602550076453,34.983967,35.526737,36.55149481428828,34.43122272916192,36.143745,54.82923404604385,36.41198380909004,0.25,309
20.28685551045183,20.45359174783837,25.113998,22.787369,20.672660246916298,19.97722096603348,19.121502,30.248813541463523,24.29038981539893,0.25,310
38.778081398654884,32.76291479414997,35.761246,31.20026,31.78462344447083,31.242866654084427,31.145517,35.4308632947188,43.15233606475311,0.25,311
29.237332158111617,25.615128663222254,29.48878,26.423262,29.837513985737463,25.98847560299091,26.245018,28.435140091422873,32.45391505266344,0.25,312
32.03323987802061,35.59992234923465,37.52707,33.48242,34.44994587035987,33.531588039905735,35.364555,75.35653322416199,45.56889265922205,0.25,313
40.48410978797982,37.86818271448477,39.55222,37.32603,39.73171428938668,35.92057494082055,37.14035,54.178190901817196,44.649178483485656,0.25,314
22.766083368886903,22.45376741373754,21.657167,21.42549,20.695940961614795,20.86718714125169,21.96437,24.671083192625247,27.153091588166248,0.25,315
28.740183295032967,27.23526147297687,27.653543,27.23304,29.492780462502253,27.985066018014976,28.16157,45.3172411376817,30.652212447155506,0.25,316
36.30202490902424,33.61517506116718,40.48544,35.704365,37.91433749153894,34.11054303622597,36.123817,41.383647434767106,45.62757577447273,0.25,317
47.34481488071527,43.60924724599807,50.142525,47.769802,54.341482909019014,48.2566939278578,50.525085,73.89224737763026,59.617070412635876,0.25,318
41.01016770529581,38.71467468818027,42.04718,40.553963,46.87146715570266,38.235890092041565,37.898388,48.15897259726022,43.07676816444119,0.25,319
32.535324016257235,30.71082937014474,37.714584,34.15122,31.424053608220497,31.870791690065147,33.988037,61.41443672063953,36.03817978759792,0.25,320
25.10526976377078,24.75735317863739,31.028675,30.115677,31.02111478166028,26.500958656612177,25.064001,32.60483940436898,36.47039156277017,0.25,321
51.688820912647465,45.847986029797504,42.908154,37.01169,46.182472046723,41.91884694374555,38.26752,45.931654919973894,50.4256129799881,0.25,322
24.104715267776427,24.46588466861403,28.568626,25.032255,23.761920989255547,23.207962172628903,24.614426,57.515769112146,28.792111393571115,0.25,323
37.653427690547744,32.99703446023335,37.275898,34.52082,32.5701233810192,30.91519286283665,34.695866,48.87785634966115,34.40571597110042,0.25,324
31.957482685489293,30.422330220777553,30.418827,29.985878,30.03937380403463,30.930858206293188,31.519817,84.35872461329362,38.897771806919444,0.25,325
42.53335155995954,40.09652160933368,52.477512,44.01235,43.85114524914063,39.791205850653114,35.4231,42.43057626589227,47.663739403425964,0.25,326
54.07382112833769,49.616731743878546,51.344723,51.074802,51.92342388018998,49.19153041315354,50.709576,75.76235001317212,57.12887557489189,0.25,327
50.00573128659563,44.98736521002928,47.032227,44.030922,39.4230606136925,40.79466287390542,42.05508,56.220075896817804,53.17824984141122,0.25,328
26.929409505892618,25.196570096986886,35.37513,26.407125,32.73953794721456,29.90015061158929,24.764004,38.010659214458705,30.250202996891865,0.25,329
51.710305674207895,43.992794805071064,55.85619,43.0433,47.48737777487694,44.170919973006484,42.661674,53.960773545800556,49.72773513315656,0.25,330
29.646828868640394,27.586006960135077,32.057022,30.21666,33.26801308170902,30.501237532192853,32.10602,36.89392405442593,46.283233813112126,0.25,331
62.025533334465955,51.92376193415216,56.19992,50.061787,51.06870860458997,47.16295624387717,51.888252,62.36556246893826,54.91611870045994,0.25,332
36.56016393833111,35.332103452784786,52.086323,46.807484,43.64319688490283,42.20528049757125,43.552326,42.88361772256304,56.84342858931457,0.25,333
30.71224408300745,29.02605346499273,29.764444,29.161526,30.8534435180619,29.480123506572042,29.016523,36.14973271025853,42.25872231305678,0.25,334
36.79839007703865,33.3614975106139,41.439316,39.413624,33.83401942160466,33.54349177658432,32.759705,38.58276650201025,38.737280076740944,0.25,335
45.51273102322116,43.007130608921905,48.404884,45.16178,43.66769264286118,40.79260986966922,42.724136,78.60416551807783,53.60704791169569,0.25,336
25.315909518853825,21.180233632211266,25.867609,24.177187,21.688604385014134,21.00738139708643,22.565943,35.61104247911609,32.932948691084405,0.25,337
37.243379274166315,34.08479235280709,36.80067,34.78079,35.22839692701747,34.015172428821145,34.72885,35.84355758725038,37.372997053059855,0.25,338
60.500852857085405,58.15654846495034,64.14551,59.4169,60.07060845132713,58.28095997312251,59.113552,90.71014808760249,79.47779203538438,0.25,339
41.734429152989,37.10615421708781,40.028217,37.75788,35.72867369428441,35.77070932908833,39.052193,43.80503247443449,50.75186283884144,0.25,340
42.36259631787918,33.42968305983333,37.312283,32.62721,34.664951597934056,30.378574268303957,30.935537,32.00262238874293,33.4771810685624,0.25,341
63.754148656257065,58.987382552432805,60.1476,59.73486,61.446977003311595,55.64468689475439,59.906822,78.69348310362355,49.99895831394591,0.25,342
39.24789793683477,35.54896608435873,46.213806,36.132835,35.05043793690633,35.46729752004571,36.998547,49.486203615516125,55.139059621090084,0.25,343
28.02373147166579,26.676144688118928,29.213123,28.088123,27.472917324653235,25.98587662430386,28.571014,36.900093409882984,30.173631687865615,0.25,344
54.8920569107499,48.59039840768874,72.12498,54.491364,43.81205643504481,48.71783800089569,45.908745,64.23873264803755,58.37860581580508,0.25,345
31.388298059283482,27.486601464486828,37.54771,31.72371,33.76485591278869,30.46987125119772,31.946655,30.80108337774943,35.32194018348571,0.25,346
37.20470385774338,33.74598760488012,33.69785,32.67641,36.55879647946345,33.42806036143256,34.66289,42.912651470930186,39.207364782779514,0.25,347
38.539975446289745,36.12038782329883,39.535564,35.90126,37.856745475333256,35.29516026638221,38.37287,42.68427344828774,43.14318941949534,0.25,348
41.078488958504884,37.33776315357089,40.853245,39.074474,42.50531852381138,37.91419204540155,38.126385,48.8025219208683,51.698777989519165,0.25,349
26.140552605362103,27.775864183419806,32.16978,30.01822,27.582151702081195,28.91921344525161,31.273949,45.667046756677266,35.219982390389696,0.5,350
43.15989157383145,41.68943561328978,47.27526,46.24064,46.407277036198735,43.06457668857352,45.883316,59.63508192532181,47.58997048724989,0.5,351
33.886485633132914,31.35826847994108,34.429634,29.57018,34.39534530426702,30.96360811968422,32.10884,58.48020205206795,35.011818955332096,0.5,352
41.14572943361609,39.3655890126978,43.311127,41.559185,41.148800068597325,39.02241259451819,37.85016,63.51657447780485,45.28388208195437,0.5,353
18.223593694008702,16.91975541670894,19.178305,18.212996,17.84132931471645,16.464252329791055,17.897482,36.47856973016076,20.98446513412754,0.5,354
60.047139595539946,57.97606761313171,55.94247,54.04698,54.803942728946005,54.954798118227096,56.6246,61.6385168860412,56.36419259441786,0.5,355
33.89439652650704,26.86108142274723,29.850935,25.688297,29.021925710862792,24.724144603282404,26.660624,34.12524658327225,33.64617655542053,0.5,356
42.54118479675375,37.01526785953737,47.609848,42.07939,34.984748445715375,35.48313975439318,40.431038,85.96786549010235,48.037715089891776,0.5,357
41.815579380930416,39.05007668701241,35.689323,34.63712,44.03598860872477,31.406861961135967,31.38942,50.689420719237255,48.373523701993086,0.5,358
27.057960369712912,24.348309238429774,26.245464,24.305906,26.06688679652752,24.6650684627665,24.843197,68.05979323466487,36.0319137113971,0.5,359
26.079654976863644,24.55923886592955,24.026838,25.03697,25.00467658528794,24.97812792045591,26.72578,62.7191379107363,29.28303216363948,0.5,360
32.14766321491947,27.163703791003957,29.206032,27.788757,30.16351933216311,28.94631783518007,29.2808,36.6406083971248,31.598802697429942,0.5,361
57.40778552918818,39.612151219469425,48.649506,43.767452,42.38169971327935,38.87307777926368,38.19652,59.624086723563806,64.13571334048746,0.5,362
28.82090399363074,25.312909601188096,28.70974,25.903553,28.09014127568214,27.06914514207183,25.20079,41.05164753407628,35.31843690719054,0.5,363
25.642901952509977,23.981595975298887,26.302034,24.993275,28.59651137919024,25.51855429219119,25.565565,45.795243656026265,25.489904082395668,0.5,364
31.980723076031477,35.509063988888364,43.654926,39.640003,44.4770588565101,41.27659431511529,36.5158,82.92782180910886,48.108834202598686,0.5,365
43.67718875812713,42.85721316868678,44.820488,42.408497,44.22376649440295,43.733362811352826,44.290848,44.22912178690727,47.61741640901197,0.5,366
19.8224316204375,19.605606265875007,24.403324,20.173204,19.959611257449787,19.902315020483034,17.98499,23.351974509276086,24.950828073847717,0.5,367
38.33326307536761,37.08253757637584,37.610912,35.877625,39.26825766651135,36.479975291995565,38.58765,49.528126257148955,43.62696256228766,0.5,368
31.05117284152608,29.727641091155853,30.93447,29.231178,30.62402697884328,29.94952880345772,29.98829,37.94781148839113,30.7767844608572,0.5,369
37.410313273543125,34.69635947956772,36.440758,35.050114,36.143819945107566,34.6661687372718,36.61369,46.62646165534161,37.220273572987445,0.5,370
52.73551955195943,45.790689376704655,47.532402,45.447105,48.46321055785704,45.98522903187327,43.270973,48.99370114517038,55.532395901307,0.5,371
34.102212087251736,33.00921208446948,37.080685,34.62429,37.42212091556516,33.67676260253321,32.971344,57.09385515429307,37.67188853562443,0.5,372
36.46625425254008,31.92363321975648,32.478855,31.48058,37.31637961323132,33.85221969091838,33.17323,124.56874361725494,37.45205667443568,0.5,373
57.46006254527,52.08630336029932,51.547894,52.01287,52.838775254501265,51.836410148155416,50.355587,75.09907019342558,55.643088331603636,0.5,374
57.35358523748633,53.39067143491215,62.9001,58.05365,60.34010315396566,55.09109525648132,57.762665,69.11984437103911,55.562007317311,0.5,375
22.90828781842575,21.81240387488512,26.239939,22.899223,23.37228421911402,21.547107287630745,23.167112,36.407727695128806,28.36229767119989,0.5,376
26.0711735181717,24.67343749361839,28.948694,24.822144,28.149730098565698,25.68371660551727,23.885237,61.279204593491386,29.284712436367737,0.5,377
37.29675045291879,31.926406550336207,38.10976,31.79042,33.68880890756578,31.658478347189785,34.75665,52.56436855891768,32.61066213916972,0.5,378
54.98968591301794,50.70551566606519,56.799156,51.66343,50.338234580401206,50.1237565803218,51.84798,69.72124196983133,54.39955877927396,0.5,379
29.863074299716516,25.984099373691134,28.234476,26.019999,26.589456886005248,25.910854175937,25.559536,33.20540222192438,30.213888098002258,0.5,380
32.30507905596774,33.48078264813913,38.54967,35.49585,38.345657509107504,34.814332939422854,34.296783,39.887132124832476,40.61047357699316,0.5,381
40.41664120080361,37.611557432343496,40.058994,37.965862,38.35199488715171,38.0321190561696,36.184765,43.085093948126364,43.89329724820732,0.5,382
41.394821526983364,40.078528823272976,48.165424,42.938904,50.04879976046565,41.36190881140204,44.531467,48.49856111293111,47.62980594374347,0.5,383
48.42722864207546,45.86476026900794,53.374325,51.015438,55.76604841778733,49.7709409064179,49.62165,57.64965888164971,60.030513933168834,0.5,384
26.235276152172762,26.125336267709102,29.771093,27.441303,26.835512859128823,25.731378747742628,26.55432,27.590275491283197,26.055323255002364,0.5,385
37.44767132731348,31.933133536394887,41.358234,32.463795,38.380184591995814,33.307114649137226,33.774765,41.43895853969217,42.508323787701286,0.5,386
32.57527192059994,31.824194280029683,33.2054,35.492798,35.18870919645341,33.28458196608979,33.625004,35.53840055487536,36.928647220928205,0.5,387
25.262345974834364,23.492351064848375,26.714697,24.437895,25.48195391372401,23.154310032805913,24.80029,54.85275617962319,32.92501403651575,0.5,388
47.888247582887445,48.869690400985114,56.093327,47.96389,50.7615851969633,48.852362789625666,49.452778,51.72712276409237,52.2816986008229,0.5,389
55.76755678715198,50.30298441371716,55.09862,48.534206,50.31765286178999,48.540337394866725,49.384083,86.17334325802402,50.044734394914535,0.5,390
26.044577522877905,27.13180609480133,34.530994,30.660925,30.736794153968383,28.88917994437751,30.699558,63.575101030375905,34.908780363887,0.5,391
22.717923558327307,21.639456848207477,21.192366,19.96417,22.316000637619357,20.486492782376406,21.158892,39.991008370902506,30.419988037302968,0.5,392
29.070864104806827,27.643954734461897,32.849525,31.096405,33.791111171543,31.6153203774316,30.291033,34.56201600514879,35.975758512118915,0.5,393
21.72948357939978,20.333810495863233,21.822296,19.709885,20.01733054805535,19.262362324800733,19.812992,27.530035604333186,21.818337216422922,0.5,394
30.772911425729667,28.66864678052605,30.192503,27.468683,27.07579485136085,26.963003669313213,30.316654,43.37085226532024,33.7811605527078,0.5,395
23.647360806156655,20.292739483365636,23.54217,18.92851,22.092105529406485,20.022847795949286,20.624851,45.72464742547519,29.15342018728707,0.5,396
39.37080880399869,39.157154530773425,47.4593,42.869503,44.576038923779464,41.78421937391829,42.26856,44.266738789629315,45.33793549113324,0.5,397
51.38515896836991,44.563437971364905,49.638687,47.54954,49.81697743022249,48.804050474021786,48.139374,59.42233786813046,51.001393869989464,0.5,398
39.61802156968966,36.611336509197045,41.05603,36.48537,36.36220827482418,35.07362851043517,37.31997,43.788622065571275,41.7275368064971,0.5,399
40.67401461951874,36.80833000762706,38.38631,35.40202,41.56088720874657,38.04245720159107,35.462082,45.120156302824824,39.81514154515779,1.0,400
52.84363497608544,53.781697862210265,55.27474,51.435516,55.894690720077996,54.71151124844651,55.998283,69.55451149977438,50.962017059688606,1.0,401
64.49422897873474,55.484952023534845,67.106895,59.082603,60.24424524696721,57.164117864455626,58.113556,62.34376927847624,60.418035349562444,1.0,402
51.41655137133252,45.575021962831094,48.011868,47.048073,48.664468288668466,47.18781840086193,48.066643,52.76380865693239,45.90436011561134,1.0,403
57.147520365484915,52.13432061443958,53.397076,51.31369,52.13212216398854,50.221835579077556,55.44886,67.13932214241177,52.49982081914877,1.0,404
39.82548239529131,34.31882281329272,38.148514,35.543476,40.21422624388088,34.93691176211075,35.725452,35.62247388982655,35.61217515241884,1.0,405
39.286666808947466,32.74192957832544,40.614273,35.196926,36.543689800057784,33.808201382783444,37.35553,105.86221802724154,36.65833142583333,1.0,406
39.005493545697284,36.772562272452824,41.396385,37.013027,41.6510999266322,38.21233457087585,39.560505,38.73453826050977,40.23950337833139,1.0,407
33.7500913020387,28.76805423926957,29.244495,29.705019,31.874420138434857,30.64322406165626,31.26168,61.65813796754501,32.36286103310579,1.0,408
61.21750306441229,54.88013723281466,74.63779,59.131645,71.73567307092326,55.89748428225844,61.037205,112.85021684997342,67.66936821728548,1.0,409
26.658966557262147,27.31457028319187,27.629684,25.945894,25.482561050932954,26.812989019853955,26.303436,53.654410478594464,31.577484287589577,1.0,410
56.98772796975925,53.20713654018499,57.799557,53.462288,51.742493327282396,51.02178854445893,54.721973,61.535264422828334,58.83485762704389,1.0,411
28.0389173097867,22.992628499961256,25.823227,22.212946,22.456527963147373,21.713381817365782,23.65482,26.176029645277435,27.89141596121645,1.0,412
38.11698248069605,30.91001474934381,33.68674,31.53598,36.78963378578408,33.42196694773903,34.034267,34.84774057258522,31.986327849156062,1.0,413
38.174571267941445,36.012311035189285,40.549847,34.746986,40.20898278494009,34.786587616480446,36.52379,41.25313749706582,41.46751582894968,1.0,414
33.38577521865381,28.38986300383824,32.92193,30.09693,30.84216500216978,29.407101863685437,30.887474,44.04400543054848,40.500830359362986,1.0,415
49.249338646185166,49.13756996308169,49.549973,48.991768,50.162273243862046,47.04688963854557,50.859684,52.997908065000324,47.88612751522178,1.0,416
23.712216592880235,22.428219062828312,24.201456,21.809713,22.533539482377844,21.482760114672804,22.655056,40.26021231499794,25.153393475731125,1.0,417
44.446978815812024,38.801715534127574,39.64525,37.814335,41.044767525484204,37.456966873611286,38.634476,66.92202579704313,40.433689293312916,1.0,418
25.282423901858923,22.804517554665463,24.256794,22.108118,24.279284906001845,21.97988053027776,23.018389,30.99790572715561,27.773913488759437,1.0,419
32.9744066591693,32.7461025678857,32.664043,30.36939,32.8641879032434,31.50358070837649,33.50593,72.12289597281459,32.79008281478688,1.0,420
45.69378139983718,40.264307203103776,44.44136,39.465714,44.67343541951319,41.70313401565582,40.18782,63.9359775825097,43.17472652824133,1.0,421
17.790216252654318,17.096611162251364,20.715828,17.668266,17.540905984780693,17.049832897857037,18.206026,20.365106529183304,17.61185637339755,1.0,422
47.46185481670678,44.73412302954042,47.835632,45.214085,51.50628562292376,47.219614224661974,48.464237,51.88386168671181,53.85897668503827,1.0,423
25.423338619627753,24.28880545551615,25.620066,23.686031,26.39061400822513,25.356333470366298,25.569601,30.07213987715235,25.62156472307498,1.0,424
60.09102846497511,44.6792386699818,52.328773,43.689198,60.8911279209057,46.14520007727191,43.976974,46.32473088577529,46.74272641455384,1.0,425
22.181476844010973,20.17476038752794,20.771301,20.15544,21.991031426765637,20.91589011993735,20.586212,25.68556890814863,23.739449108196787,1.0,426
30.316477662158103,28.886623398651636,33.040546,29.346659,32.52698329308277,29.075141871787924,28.80603,44.044348367984,30.52389012277452,1.0,427
35.72907525276618,28.50348058688495,34.57405,30.584972,30.943303495068324,29.88349797969631,29.362518,35.582852167005754,36.127200468545524,1.0,428
25.34138880409658,23.84275693656666,24.327589,22.386667,25.787202165171077,23.73588070246099,23.118608,32.65666610784716,25.88688770819123,1.0,429
34.40491639500732,32.217889564421704,31.01212,28.538855,39.918704290605824,32.69963607054056,30.197147,51.441671015659985,33.799372334992846,1.0,430
24.216862534082402,22.19184773764543,24.493078,22.529228,25.83762827491592,23.627754595191398,23.27653,24.709763261104044,24.2189661010926,1.0,431
39.41306315200308,36.74749884874416,41.291748,40.832375,40.91807994930559,36.88004838870626,37.780586,66.87602931466866,46.725281857425564,1.0,432
34.12670605986899,31.71430524698939,34.01356,31.91561,35.204993751155236,31.19038708292187,34.190964,51.11312200133704,31.901833594220555,1.0,433
31.134186176577188,30.463804629752143,32.41457,28.739904,33.048974270867156,31.40487756977817,30.633802,66.95365719172256,34.76950837217004,1.0,434
52.28210964433631,50.56994192998052,53.376995,47.031075,54.62680157985693,48.92845440476822,51.893677,68.91629629393427,49.46378299015283,1.0,435
28.72589990713992,27.79779533155289,30.097929,27.588224,31.16085784401157,28.79587246232468,28.76373,30.541047783122313,28.02179106672491,1.0,436
39.07455266357699,39.39092821240134,44.692276,38.422886,42.02098210490062,37.99894296156531,39.58775,47.35967983363791,41.33205824942874,1.0,437
40.42942167149395,36.32832612703673,40.98889,35.005913,41.62288054578129,36.50481217614863,36.75009,44.95493120462501,42.19261762399868,1.0,438
53.289631849438,47.876418883499845,55.178688,45.490234,44.10109107996459,43.482127471508655,44.943073,51.316114988007854,48.87608051532477,1.0,439
48.50832827724033,42.45288894784976,40.318714,42.173065,46.404126520124585,42.91242713824031,45.461807,57.45995273353158,42.88479248102347,1.0,440
87.72421282145902,81.59370243062574,85.05225,83.06781,83.49305984647843,79.19477266205402,82.25733,101.75516670004377,84.44444318344179,1.0,441
49.82052040873706,40.593921554584405,48.192833,43.284946,40.16313083007267,40.76572230367322,41.007015,78.37432159539378,44.50437023074211,1.0,442
61.39227351206856,55.70259744407624,57.73609,56.345596,61.32948021137335,57.46961257510396,57.735287,68.2535092944058,61.53123381941324,1.0,443
81.93442142646188,70.39069171306978,78.60064,64.00325,76.28493391888743,67.27563127429008,69.27384,89.98883364286334,66.42653669654689,1.0,444
28.10403370264669,23.90647412355202,33.044407,25.153324,27.233723353374604,25.563678076690394,25.69365,38.06219902474816,28.678379855627362,1.0,445
33.29485204154668,31.19442221809464,35.701958,34.037273,35.36902159160824,32.8611640141616,32.77307,49.02213977095917,35.97838977526118,1.0,446
51.44486993566915,50.96707476814086,54.544,50.16123,52.48654638780012,51.961300454447674,52.403206,53.5502671205619,52.957817216566475,1.0,447
26.14542401497988,24.88245894799539,25.421135,24.81775,29.07609931734059,25.472060527173674,25.329523,33.803286512356316,27.903448869454344,1.0,448
51.53085771537945,45.65570598220432,47.219143,47.556328,52.54358535202394,49.0414358110628,43.94693,53.27766777374489,50.88487915159023,1.0,449
42.975269833553156,41.00954348877383,47.28616,40.978565,43.7088842955484,40.53397151182551,44.066494,60.64369094544465,44.439899539096636,2.0,450
30.090815661490883,28.230962544316498,29.410202,27.010733,31.82486932669771,28.60318751205823,29.332806,38.43303078031696,29.574559709182928,2.0,451
65.17944236764589,60.52924976440495,61.9289,58.513603,62.77528316938665,60.721106646775496,63.6667,84.00654325828694,60.91292160214917,2.0,452
51.64549875697284,51.34452198813684,50.27366,51.04303,54.087745294235724,51.62769554932372,54.411625,57.65117727038822,52.83371345043903,2.0,453
41.15645800864373,38.836088711918464,41.763256,38.69756,46.23715434522545,41.294743557861494,44.078873,44.51792585173744,37.88400853908998,2.0,454
33.25663691594904,31.521066468522132,33.146286,33.029415,34.7454223193925,32.66403544531078,31.528517,40.97765445380719,36.53919687905106,2.0,455
30.44401354425392,28.12720356081466,29.371866,28.250954,30.033401291176585,30.114684562707396,29.771997,36.96593770896051,32.26878978938353,2.0,456
54.35513847888608,51.23463199959507,53.289433,51.00227,52.79055880415815,52.52018299792172,49.850136,61.22457963423092,55.391296934034735,2.0,457
42.30883562202063,40.044144883958424,43.0344,39.360294,48.26519584929745,45.479910739122026,46.965065,60.460789331984586,44.34036964377975,2.0,458
41.39603967134605,39.29451328029109,40.596073,39.799843,44.386949246959716,43.03036620943525,43.582985,54.18623734887698,44.31375678234487,2.0,459
43.59365988077374,37.87038253504454,40.892113,38.849667,41.31958430572555,36.83054655217278,39.772644,49.697236170933046,40.67948663137003,2.0,460
44.60599051326917,44.03458304594572,46.52184,42.084263,47.96448235250005,44.01704630494883,44.871113,55.51960323764174,44.00733581098001,2.0,461
33.56602670425193,30.85755533624319,32.769325,29.27592,30.20431303375275,30.47835121637638,29.515219,34.37049330319649,33.558226768985115,2.0,462
62.29009572468834,66.4023148706786,83.883064,67.341385,59.24989963037868,60.38668330985924,65.712234,63.82146846852765,58.85563304243956,2.0,463
34.830113786711095,34.013105066969565,39.480328,34.53386,34.4301490216892,32.51655455155893,36.83033,54.057829677570545,35.86447339072493,2.0,464
44.936507246596506,36.70808945737844,36.511894,35.56339,42.48482039154696,40.92875940422565,39.620228,56.099201228674126,39.77798944425564,2.0,465
43.55392007281661,41.02304353056894,42.31166,38.92351,42.45474227134323,41.97863411056766,44.180996,57.941514561845345,41.191642514090695,2.0,466
47.441400152165826,46.09223325838116,52.248672,46.60895,53.68150092110709,49.05429257851849,48.34795,60.821649212576844,51.13393995743135,2.0,467
31.49811627833953,29.439851601494333,30.879871,28.8948,31.088969884569522,30.400805071888666,30.07139,40.417184118206755,33.00813132985885,2.0,468
67.70094609002172,64.34039018545965,70.399185,66.533165,68.30123779116555,64.84445799610108,72.68858,91.67198546197123,65.2303143839023,2.0,469
24.425790838670434,24.06657651921154,26.19853,25.415335,26.402935139948728,25.270579751279772,25.848967,42.08630477871945,25.888040661107812,2.0,470
44.4992187338138,43.50950227246352,46.911476,43.675076,45.059104597809835,44.03257643017709,49.355694,84.81018211078441,45.73345701976194,2.0,471
74.10208289909941,73.36673790222825,75.57341,73.99602,71.64600042009548,73.92956157684847,81.1331,106.63138776915427,72.86689841145392,2.0,472
52.70491702456988,51.58602817148381,53.91089,50.92904,55.35822882536835,50.57461834749612,56.232533,72.21986859028236,51.12698716505603,2.0,473
34.66228880959476,31.829255972689868,35.82991,29.871012,32.17283436306344,30.54323092057517,32.915104,35.68335289089868,32.280302048796585,2.0,474
50.00412544361738,45.885197619368235,47.42177,45.12408,47.581053372052075,44.970530270924115,46.088776,51.46589345007225,45.953308596303685,2.0,475
71.30806705836511,68.47269808338999,67.07952,65.06737,75.48829797885365,68.79227367931031,70.25727,71.04975674248114,66.97342207859641,2.0,476
65.29546141085021,59.456603241735664,63.842327,58.180656,62.62478617622171,59.57320753812003,62.67974,66.48473410676193,58.79448337762352,2.0,477
33.26174841960111,30.198325195268136,30.918165,30.02821,32.623957343644534,29.270786173530183,32.56073,41.32583242235106,31.505118259637037,2.0,478
35.36103818867673,36.98986090848786,39.8121,37.086132,38.08004049589389,35.57491430605773,39.670666,40.84367226821347,34.84637668205561,2.0,479
41.96022015069826,37.98485062618042,38.82087,38.69783,42.1361260924076,39.354411894609946,40.06322,64.92233861433492,39.402911471243144,2.0,480
20.168944455398194,19.999079205248933,21.957119,20.897228,25.732959855574578,23.46346654877744,22.737436,30.90118315001356,24.48885724230998,2.0,481
27.430569027807792,28.19533925069427,29.39157,27.889832,32.24683333401751,30.74577124355249,29.569828,41.28798273195279,34.82578425881558,2.0,482
42.009542940181625,42.847705109114514,46.52758,45.41177,47.614112341639334,44.20153078247484,46.02944,58.827006675931365,46.32764904875882,2.0,483
23.94316232876128,21.65788192731556,23.167316,22.980139,23.111152720482437,22.39823213372188,23.832155,33.194524950669816,24.354579485911117,2.0,484
37.595131448567926,33.14832371887516,34.607502,31.054832,43.35350818581765,34.00192566819109,33.856976,44.045902613595906,34.56387349362847,2.0,485
49.88992880675809,40.73733821602372,47.537266,41.964733,41.12298691636908,39.762815642949015,43.658955,46.88166080607086,40.62381118071247,2.0,486
54.17008349853251,50.493185013083156,51.763645,50.103523,52.24620769110987,50.59690926369947,55.10698,62.704821004713075,49.79423588584392,2.0,487
30.821836956754755,28.894269995558396,31.140116,29.596495,31.434022295880602,28.689604033909024,30.220818,39.04019275932622,30.498624099398455,2.0,488
48.0309589997947,46.49776706681598,48.893307,45.91282,47.890475361707935,46.36124614321356,47.595592,61.10376812340269,46.49032112964558,2.0,489
19.618309441921674,17.067548618787917,19.6698,17.640038,18.709644672590247,17.560860404804785,17.53922,23.610386335266284,18.02923674621003,2.0,490
52.14775051739685,50.82575550503876,54.507748,49.844288,52.76714010909963,50.32566864506598,52.06451,62.897350601646615,51.04784504693052,2.0,491
44.42519300896009,42.9658639675246,44.01482,42.923706,46.376166688339744,43.27647214386175,44.524002,74.93072240488316,44.79516969997959,2.0,492
34.48710016911089,32.57281348643552,32.181976,31.83778,31.577987897982005,30.544000542232435,32.270695,41.2072500080417,34.830912170245554,2.0,493
53.334475548134954,48.348871481453024,50.464504,48.443096,53.65903698491368,51.0197964407181,51.863605,82.79570635694711,49.91817943751734,2.0,494
48.75507077300148,47.98671232745288,52.170483,47.833668,54.323197740763995,46.37910915374984,50.867985,61.44050167464417,47.687351187269584,2.0,495
34.15653106005463,30.94526940514659,37.25065,32.797844,35.95797800976455,33.205962494919916,34.862106,54.65371354371767,35.652584686238576,2.0,496
39.431879384176376,38.551296664663255,44.074005,41.204796,41.09074791813257,38.904330967029146,42.465782,50.98657308934465,40.86554834461341,2.0,497
50.19375637282781,49.43259978429766,56.20953,51.682293,51.18514201334225,47.98066391908252,51.603775,71.37983736324824,49.908648285971836,2.0,498
52.2101845486773,49.764280092776666,48.425354,52.022293,56.6083514951473,50.92168730679716,54.621548,56.80713761865415,52.533467139037015,2.0,499
36.80247582930561,37.26368321864471,37.01631,36.669727,43.44159152202046,39.66456008165868,39.508873,93.67537891900797,38.10796288816921,4.0,500
54.458729625934545,47.11504727213981,47.065212,47.008705,47.603978015953416,45.42765622518737,51.518166,46.99521680754486,43.770934388420706,4.0,501
46.90148667789571,44.472898387902305,44.739006,44.611095,47.02963367626091,45.484040559535636,45.994083,72.01669542078906,47.856962751715486,4.0,502
36.286709675627,37.37567822107569,39.542408,35.981556,42.1186236354157,39.888795009720255,43.48378,64.87986987217506,42.712544736154506,4.0,503
38.29297275859141,37.13921542982162,40.597576,37.068104,38.50852383948843,37.95501738967345,41.28158,46.98701182037541,38.22596573121051,4.0,504
30.617127107419474,27.052469933760715,27.905357,26.207806,28.161546216800403,26.992569398570474,30.826004,37.18694990899196,27.559839556807187,4.0,505
70.53180899479723,67.93829858864414,75.28378,69.66375,88.34334559873638,81.1246637514404,76.62553,93.66667723458237,61.479510735896135,4.0,506
45.77829095166174,41.86234033875553,45.335953,40.78667,42.89906537175112,42.340230237984066,43.762917,86.28936059134028,43.978344635187774,4.0,507
39.501949567045955,36.94405941762485,40.21497,37.08769,38.75878411496387,37.183421108422735,40.634354,45.4721985015391,36.36486437359119,4.0,508
46.349867339929766,44.202798013659546,48.48996,44.96916,47.51323170678561,45.427441335618106,49.251442,71.4051288305069,45.278674565650796,4.0,509
32.519772873554686,30.812499677145365,32.19337,31.346636,34.70622926957334,33.374401532876696,33.334805,45.49879220150972,32.63420639619652,4.0,510
54.57533431907361,52.51645804564198,57.921906,53.61953,58.04137209846753,52.915856164191034,54.258198,65.95447671477353,54.40513553365235,4.0,511
31.974716086590593,30.5375728371793,31.395046,27.94059,32.01960010998743,31.117657219013726,32.204685,58.84512942289132,31.743232941254124,4.0,512
44.92867946398313,43.70280373670062,44.867867,43.73751,43.82469990867424,43.4171170190676,46.070393,73.65238727802434,43.01527560897233,4.0,513
46.206775848081854,39.23256086386476,40.115856,39.23987,43.31962475041985,39.07347240509822,42.076004,65.67507132150804,38.50863223676479,4.0,514
49.15737268830989,44.87310126705316,46.267494,44.3863,44.22480056138503,43.17959705425231,51.461735,63.60105285032466,42.57190651144004,4.0,515
41.13525709009113,38.34379626072233,41.34789,38.294777,41.669387099525366,38.47567180518385,41.01415,50.90599595925096,43.09474564342835,4.0,516
36.504950933916334,34.848824926943706,37.300148,34.42726,36.325447929385355,35.31490210784831,35.9494,46.4329838357806,34.680220764708395,4.0,517
30.861871036573806,29.0358176794206,33.358295,30.442131,33.649861285550635,33.38206971560775,32.095028,49.39702902569109,34.63772572613369,4.0,518
51.36300310935309,49.7043260777841,51.83781,50.593132,51.97614992911599,50.39660143124404,52.16048,57.66114264392215,51.21587716553135,4.0,519
75.4945068310944,73.96431824101569,79.63705,75.12943,73.05231318458861,73.31491824598685,84.377235,75.21210285994162,72.66697854838422,4.0,520
24.69294459234129,22.673331436481593,24.323837,21.900711,23.078783789407623,22.182733055067033,22.571495,38.96276036620415,23.511967161857534,4.0,521
31.605125727293725,30.773293604079498,34.31604,31.284725,32.06740223677535,30.159603423793,32.30185,54.400175720492584,30.629014500121244,4.0,522
48.768793504733544,47.83899903478708,55.67256,49.570892,47.736987654198664,48.34189637882034,49.754124,53.75197550501845,47.85359208195166,4.0,523
42.65723933042428,39.698489968390895,43.10012,39.68541,42.30714622060704,40.01164744405748,43.202995,48.510206731061665,40.70980035952987,4.0,524
50.003792258785886,48.761700862770205,49.247494,48.965805,52.225972118116395,49.76289591997819,51.827194,83.96708671723361,49.97480658968868,4.0,525
41.293687013144314,40.144578953755726,49.62096,41.215065,40.50650826114839,38.922996739685104,41.650703,62.70375793009782,41.94001073734335,4.0,526
36.668781105100415,36.03202439345993,38.59833,35.79625,36.85265754527189,35.95660776027668,36.360477,57.5116925519625,36.616409439719966,4.0,527
34.14189835240373,33.82896670604745,35.770638,35.135956,34.038371875701,34.17022582276809,38.02342,41.36782973922267,34.241457397356285,4.0,528
57.24912219581127,57.15758699671508,59.88678,56.71186,57.34018322300542,56.83678464043947,61.889133,65.34193100663833,56.29351350200305,4.0,529
38.029786330886,39.0048929155889,40.48905,39.055065,40.640110302293884,39.09639398151272,39.24277,57.2179264293869,39.611386735279,4.0,530
33.85646694785141,30.137024981292107,33.212814,31.635061,34.506904144500986,30.6394765500684,34.48462,51.89662014834732,32.20822284835754,4.0,531
50.80355054756887,48.60680026124803,49.76009,47.178493,50.83844625757882,48.15770695348955,49.15798,80.25559911826832,48.00992440758648,4.0,532
77.98640049535143,74.35722750634481,77.47996,74.07872,78.20220505033429,74.9794837263632,80.61021,81.59360809167426,73.63400116817225,4.0,533
52.87398403634409,50.664522619780136,53.60686,50.759148,53.606647778908716,51.56313278366946,53.229145,57.828316779055434,50.45174534312814,4.0,534
53.09004795719046,50.24136802647616,51.841255,49.53196,51.91606570729286,48.60309756155663,56.78739,89.70902339331712,49.320861958072186,4.0,535
58.55008395982755,52.6524728506782,58.243065,52.76901,56.429301484523855,52.62110299657745,56.184082,107.99656142950796,53.335952073493246,4.0,536
34.10379921529925,33.53342732633579,40.602135,32.87119,39.57063384097813,35.81565400717096,36.690422,40.35782882369695,33.95700406609101,4.0,537
75.62445926715797,71.93346898094016,77.13137,70.97554,78.31619687317654,73.70257773636075,77.55285,95.49782768567096,73.98096918124301,4.0,538
26.747921408018403,25.966603595755096,27.34817,27.147163,30.641838770379028,28.624358514923557,28.744822,34.48427245030588,27.482568218971544,4.0,539
48.46067188442791,47.1807257825454,49.73911,47.475727,49.107363533090655,46.59679141595702,49.347057,77.94404064220224,45.766358585367676,4.0,540
52.92819964256435,51.59528328986626,56.82722,51.01264,54.08274454754461,52.52932428020621,53.76175,55.320176025704605,51.832094162810385,4.0,541
77.37721207332837,74.22031885989637,76.169556,73.747475,77.65332551509955,74.7288623655775,77.476776,79.53289284525701,73.8245637390057,4.0,542
60.638681329343726,55.445041500154744,53.651917,55.052532,56.36970837433277,56.7097571716889,55.01471,62.4485975570944,54.28834862457498,4.0,543
33.07822136720768,30.91116038082166,32.713444,31.309889,35.41722323570948,32.68747159001474,34.256496,34.780364573130484,32.567241169441495,4.0,544
64.88054188560979,58.45546152132495,60.143356,58.98556,58.57937929190264,57.5886256415712,60.396492,60.66260022799693,55.71979153877651,4.0,545
22.942385932968016,22.73488665232868,23.389742,21.68286,24.679368849410206,23.231956481757273,23.956326,40.913420921979046,20.564475294906675,4.0,546
33.97137343674107,31.198236104868535,32.310913,32.30397,33.869113390737375,31.480866768367132,33.36477,46.47336374886228,32.8792293926931,4.0,547
49.123420591574785,48.289696245426946,48.182465,48.528862,54.73248227112612,46.30324888002167,51.59805,58.07499815331048,45.60824948412552,4.0,548
38.96887567389565,37.715072201082236,38.01343,36.4937,40.45918574088729,37.92223877354563,38.354797,61.53851703013009,38.043796922929054,4.0,549
